--------------------------------------------------------
--  파일이 생성됨 - 금요일-5월-22-2020   
--------------------------------------------------------
--------------------------------------------------------
--  DDL for Table ARTICLE_NOTICE
--------------------------------------------------------

  CREATE TABLE "MMM"."ARTICLE_NOTICE" 
   (	"ARTICLE_NOTICE_NO" NUMBER, 
	"ARTICLE_NOTICE_CATEGORY1" VARCHAR2(20 BYTE), 
	"ARTICLE_NOTICE_CATEGORY2" VARCHAR2(20 BYTE), 
	"ARTICLE_NOTICE_TITLE" VARCHAR2(1000 BYTE), 
	"ARTICLE_NOTICE_WRITER" VARCHAR2(30 BYTE), 
	"ARTICLE_NOTICE_CONTENT" VARCHAR2(4000 BYTE), 
	"ARTICLE_NOTICE_DATE" DATE, 
	"ARTICLE_NOTICE_SOLD_BOOL" NUMBER, 
	"ARTICLE_NOTICE_DELETE_BOOL" NUMBER, 
	"ARTICLE_NOTICE_IMG_NAME" VARCHAR2(1000 BYTE)
   ) SEGMENT CREATION IMMEDIATE 
  PCTFREE 10 PCTUSED 40 INITRANS 1 MAXTRANS 255 NOCOMPRESS LOGGING
  STORAGE(INITIAL 65536 NEXT 1048576 MINEXTENTS 1 MAXEXTENTS 2147483645
  PCTINCREASE 0 FREELISTS 1 FREELIST GROUPS 1 BUFFER_POOL DEFAULT FLASH_CACHE DEFAULT CELL_FLASH_CACHE DEFAULT)
  TABLESPACE "SYSTEM" ;

   COMMENT ON COLUMN "MMM"."ARTICLE_NOTICE"."ARTICLE_NOTICE_NO" IS '게시글번호';
   COMMENT ON COLUMN "MMM"."ARTICLE_NOTICE"."ARTICLE_NOTICE_CATEGORY1" IS '카테고리1';
   COMMENT ON COLUMN "MMM"."ARTICLE_NOTICE"."ARTICLE_NOTICE_CATEGORY2" IS '카테고리2';
   COMMENT ON COLUMN "MMM"."ARTICLE_NOTICE"."ARTICLE_NOTICE_TITLE" IS '제목';
   COMMENT ON COLUMN "MMM"."ARTICLE_NOTICE"."ARTICLE_NOTICE_WRITER" IS '작성자';
   COMMENT ON COLUMN "MMM"."ARTICLE_NOTICE"."ARTICLE_NOTICE_CONTENT" IS '컨텐츠';
   COMMENT ON COLUMN "MMM"."ARTICLE_NOTICE"."ARTICLE_NOTICE_DATE" IS '작성일';
   COMMENT ON COLUMN "MMM"."ARTICLE_NOTICE"."ARTICLE_NOTICE_SOLD_BOOL" IS '판매여부';
   COMMENT ON COLUMN "MMM"."ARTICLE_NOTICE"."ARTICLE_NOTICE_DELETE_BOOL" IS '삭제여부';
   COMMENT ON TABLE "MMM"."ARTICLE_NOTICE"  IS '중고물품 거래';
--------------------------------------------------------
--  DDL for Table ARTICLE_NOTICE_COMMENT
--------------------------------------------------------

  CREATE TABLE "MMM"."ARTICLE_NOTICE_COMMENT" 
   (	"ARTICLE_COMMENT_NO" NUMBER, 
	"ARTICLE_COMMENT_WRITER" VARCHAR2(30 BYTE), 
	"ARTICLE_COMMENT_CONTENT" VARCHAR2(1000 BYTE), 
	"ARTICLE_COMMENT_DATE" DATE, 
	"ARTICLE_REF" NUMBER, 
	"ARTICLE_COMMENT_REF" NUMBER, 
	"ARTICLE_COMMENT_LEVEL" NUMBER, 
	"ARTICLE_COMMENT_DELETE_BOOL" NUMBER
   ) SEGMENT CREATION IMMEDIATE 
  PCTFREE 10 PCTUSED 40 INITRANS 1 MAXTRANS 255 NOCOMPRESS LOGGING
  STORAGE(INITIAL 65536 NEXT 1048576 MINEXTENTS 1 MAXEXTENTS 2147483645
  PCTINCREASE 0 FREELISTS 1 FREELIST GROUPS 1 BUFFER_POOL DEFAULT FLASH_CACHE DEFAULT CELL_FLASH_CACHE DEFAULT)
  TABLESPACE "SYSTEM" ;

   COMMENT ON COLUMN "MMM"."ARTICLE_NOTICE_COMMENT"."ARTICLE_COMMENT_NO" IS '댓글번호';
   COMMENT ON COLUMN "MMM"."ARTICLE_NOTICE_COMMENT"."ARTICLE_COMMENT_WRITER" IS '작성자';
   COMMENT ON COLUMN "MMM"."ARTICLE_NOTICE_COMMENT"."ARTICLE_COMMENT_CONTENT" IS '댓글내용';
   COMMENT ON COLUMN "MMM"."ARTICLE_NOTICE_COMMENT"."ARTICLE_COMMENT_DATE" IS '작성일';
   COMMENT ON COLUMN "MMM"."ARTICLE_NOTICE_COMMENT"."ARTICLE_REF" IS '게시글번호';
   COMMENT ON COLUMN "MMM"."ARTICLE_NOTICE_COMMENT"."ARTICLE_COMMENT_REF" IS '댓글번호';
   COMMENT ON COLUMN "MMM"."ARTICLE_NOTICE_COMMENT"."ARTICLE_COMMENT_LEVEL" IS '댓글레벨';
   COMMENT ON COLUMN "MMM"."ARTICLE_NOTICE_COMMENT"."ARTICLE_COMMENT_DELETE_BOOL" IS '댓글삭제여부';
   COMMENT ON TABLE "MMM"."ARTICLE_NOTICE_COMMENT"  IS '중고물품 댓글';
--------------------------------------------------------
--  DDL for Table CART
--------------------------------------------------------

  CREATE TABLE "MMM"."CART" 
   (	"CART_NO" NUMBER, 
	"ORDER_MEMBER_ID" VARCHAR2(30 BYTE), 
	"TOTAL_PRICE" NUMBER, 
	"BN_MEMBER_ID" VARCHAR2(30 BYTE), 
	"SELECT_OPT" VARCHAR2(1000 BYTE)
   ) SEGMENT CREATION IMMEDIATE 
  PCTFREE 10 PCTUSED 40 INITRANS 1 MAXTRANS 255 NOCOMPRESS LOGGING
  STORAGE(INITIAL 65536 NEXT 1048576 MINEXTENTS 1 MAXEXTENTS 2147483645
  PCTINCREASE 0 FREELISTS 1 FREELIST GROUPS 1 BUFFER_POOL DEFAULT FLASH_CACHE DEFAULT CELL_FLASH_CACHE DEFAULT)
  TABLESPACE "SYSTEM" ;

   COMMENT ON COLUMN "MMM"."CART"."CART_NO" IS '장바구니번호';
   COMMENT ON COLUMN "MMM"."CART"."ORDER_MEMBER_ID" IS '주문자아이디';
--------------------------------------------------------
--  DDL for Table DOG
--------------------------------------------------------

  CREATE TABLE "MMM"."DOG" 
   (	"DOG_ID" VARCHAR2(20 BYTE), 
	"DOG_MEMBER_ID" VARCHAR2(30 BYTE), 
	"VARIETY" VARCHAR2(100 BYTE), 
	"AGE" NUMBER(*,0), 
	"DOG_GENDER" CHAR(1 BYTE), 
	"DOG_IMG" VARCHAR2(1000 BYTE), 
	"DOG_BOOL" NUMBER, 
	"DOG_NAME" VARCHAR2(20 BYTE)
   ) SEGMENT CREATION IMMEDIATE 
  PCTFREE 10 PCTUSED 40 INITRANS 1 MAXTRANS 255 NOCOMPRESS LOGGING
  STORAGE(INITIAL 65536 NEXT 1048576 MINEXTENTS 1 MAXEXTENTS 2147483645
  PCTINCREASE 0 FREELISTS 1 FREELIST GROUPS 1 BUFFER_POOL DEFAULT FLASH_CACHE DEFAULT CELL_FLASH_CACHE DEFAULT)
  TABLESPACE "SYSTEM" ;

   COMMENT ON COLUMN "MMM"."DOG"."DOG_ID" IS '등록번호';
   COMMENT ON COLUMN "MMM"."DOG"."DOG_MEMBER_ID" IS '주인(ID)';
   COMMENT ON COLUMN "MMM"."DOG"."VARIETY" IS '품종';
   COMMENT ON COLUMN "MMM"."DOG"."AGE" IS '나이';
   COMMENT ON COLUMN "MMM"."DOG"."DOG_GENDER" IS '성별';
   COMMENT ON COLUMN "MMM"."DOG"."DOG_IMG" IS '강아지사진';
   COMMENT ON COLUMN "MMM"."DOG"."DOG_BOOL" IS '등록승인여부';
--------------------------------------------------------
--  DDL for Table FNA
--------------------------------------------------------

  CREATE TABLE "MMM"."FNA" 
   (	"QNA_NO" NUMBER, 
	"QUESTION" VARCHAR2(3000 BYTE), 
	"ANSWER" VARCHAR2(3000 BYTE)
   ) SEGMENT CREATION IMMEDIATE 
  PCTFREE 10 PCTUSED 40 INITRANS 1 MAXTRANS 255 NOCOMPRESS LOGGING
  STORAGE(INITIAL 65536 NEXT 1048576 MINEXTENTS 1 MAXEXTENTS 2147483645
  PCTINCREASE 0 FREELISTS 1 FREELIST GROUPS 1 BUFFER_POOL DEFAULT FLASH_CACHE DEFAULT CELL_FLASH_CACHE DEFAULT)
  TABLESPACE "SYSTEM" ;
--------------------------------------------------------
--  DDL for Table MEMBER
--------------------------------------------------------

  CREATE TABLE "MMM"."MEMBER" 
   (	"MEMBER_ID" VARCHAR2(30 BYTE), 
	"MEMBER_PW" VARCHAR2(20 BYTE), 
	"MEMBER_NICKNAME" VARCHAR2(30 BYTE), 
	"MEMBER_NAME" VARCHAR2(20 BYTE), 
	"MEMBER_BIRTH" DATE, 
	"PHONE" VARCHAR2(11 BYTE), 
	"ADDR" VARCHAR2(300 BYTE), 
	"ENROLL_DATE" DATE, 
	"MEMBER_LEVEL" NUMBER, 
	"PROFILE_IMG" VARCHAR2(100 BYTE)
   ) SEGMENT CREATION IMMEDIATE 
  PCTFREE 10 PCTUSED 40 INITRANS 1 MAXTRANS 255 NOCOMPRESS LOGGING
  STORAGE(INITIAL 65536 NEXT 1048576 MINEXTENTS 1 MAXEXTENTS 2147483645
  PCTINCREASE 0 FREELISTS 1 FREELIST GROUPS 1 BUFFER_POOL DEFAULT FLASH_CACHE DEFAULT CELL_FLASH_CACHE DEFAULT)
  TABLESPACE "SYSTEM" ;

   COMMENT ON COLUMN "MMM"."MEMBER"."MEMBER_ID" IS '아이디';
   COMMENT ON COLUMN "MMM"."MEMBER"."MEMBER_PW" IS '비번';
   COMMENT ON COLUMN "MMM"."MEMBER"."MEMBER_NICKNAME" IS '닉네임(유니크)';
   COMMENT ON COLUMN "MMM"."MEMBER"."MEMBER_NAME" IS '이름';
   COMMENT ON COLUMN "MMM"."MEMBER"."MEMBER_BIRTH" IS '생년월일';
   COMMENT ON COLUMN "MMM"."MEMBER"."PHONE" IS '전화번호';
   COMMENT ON COLUMN "MMM"."MEMBER"."ADDR" IS '주소';
   COMMENT ON COLUMN "MMM"."MEMBER"."ENROLL_DATE" IS '가입일';
   COMMENT ON COLUMN "MMM"."MEMBER"."MEMBER_LEVEL" IS '구분';
   COMMENT ON COLUMN "MMM"."MEMBER"."PROFILE_IMG" IS '프로필이미지';
   COMMENT ON TABLE "MMM"."MEMBER"  IS '회원정보';
--------------------------------------------------------
--  DDL for Table NOTICE
--------------------------------------------------------

  CREATE TABLE "MMM"."NOTICE" 
   (	"NOTICE_NO" NUMBER, 
	"NOTICE_TITLE" VARCHAR2(100 BYTE), 
	"NOTICE_WRITER" VARCHAR2(30 BYTE), 
	"NOTICE_CONTENT" VARCHAR2(4000 BYTE), 
	"NOTICE_DATE" DATE, 
	"NOTICE_IMGS" VARCHAR2(400 BYTE), 
	"NOTICE_VIEW_COUNT" NUMBER, 
	"DOG_ID" VARCHAR2(20 BYTE), 
	"NOTICE_DELETE_BOOL" NUMBER
   ) SEGMENT CREATION IMMEDIATE 
  PCTFREE 10 PCTUSED 40 INITRANS 1 MAXTRANS 255 NOCOMPRESS LOGGING
  STORAGE(INITIAL 65536 NEXT 1048576 MINEXTENTS 1 MAXEXTENTS 2147483645
  PCTINCREASE 0 FREELISTS 1 FREELIST GROUPS 1 BUFFER_POOL DEFAULT FLASH_CACHE DEFAULT CELL_FLASH_CACHE DEFAULT)
  TABLESPACE "SYSTEM" ;

   COMMENT ON COLUMN "MMM"."NOTICE"."NOTICE_NO" IS '게시글번호';
   COMMENT ON COLUMN "MMM"."NOTICE"."NOTICE_TITLE" IS '게시글제목';
   COMMENT ON COLUMN "MMM"."NOTICE"."NOTICE_WRITER" IS '작성자';
   COMMENT ON COLUMN "MMM"."NOTICE"."NOTICE_CONTENT" IS '게시글내용';
   COMMENT ON COLUMN "MMM"."NOTICE"."NOTICE_DATE" IS '작성일';
   COMMENT ON COLUMN "MMM"."NOTICE"."NOTICE_IMGS" IS '이미지';
   COMMENT ON COLUMN "MMM"."NOTICE"."NOTICE_VIEW_COUNT" IS '조회수';
   COMMENT ON COLUMN "MMM"."NOTICE"."DOG_ID" IS '강아지아이디';
   COMMENT ON COLUMN "MMM"."NOTICE"."NOTICE_DELETE_BOOL" IS '삭제여부';
--------------------------------------------------------
--  DDL for Table NOTICE_COMMENT
--------------------------------------------------------

  CREATE TABLE "MMM"."NOTICE_COMMENT" 
   (	"NOTICE_COMMENT_NO" NUMBER, 
	"NOTICE_COMMENT_CONTENT" VARCHAR2(1000 BYTE), 
	"NOTICE_COMMENT_WRITER" VARCHAR2(30 BYTE), 
	"NOTICE_COMMENT_DATE" DATE, 
	"NOTICE_COMMENT_LEVEL" NUMBER, 
	"NOTICE_COMMENT_REF" NUMBER, 
	"NOTICE_COMMENT_REF_TWO" NUMBER, 
	"DOG_ID" VARCHAR2(20 BYTE), 
	"NOTICE_COMMENT_BOOL" NUMBER
   ) SEGMENT CREATION IMMEDIATE 
  PCTFREE 10 PCTUSED 40 INITRANS 1 MAXTRANS 255 NOCOMPRESS LOGGING
  STORAGE(INITIAL 65536 NEXT 1048576 MINEXTENTS 1 MAXEXTENTS 2147483645
  PCTINCREASE 0 FREELISTS 1 FREELIST GROUPS 1 BUFFER_POOL DEFAULT FLASH_CACHE DEFAULT CELL_FLASH_CACHE DEFAULT)
  TABLESPACE "SYSTEM" ;

   COMMENT ON COLUMN "MMM"."NOTICE_COMMENT"."NOTICE_COMMENT_NO" IS '댓글번호';
   COMMENT ON COLUMN "MMM"."NOTICE_COMMENT"."NOTICE_COMMENT_CONTENT" IS '댓글내용';
   COMMENT ON COLUMN "MMM"."NOTICE_COMMENT"."NOTICE_COMMENT_WRITER" IS '댓글작성자';
   COMMENT ON COLUMN "MMM"."NOTICE_COMMENT"."NOTICE_COMMENT_DATE" IS '댓글작성일';
   COMMENT ON COLUMN "MMM"."NOTICE_COMMENT"."NOTICE_COMMENT_LEVEL" IS '댓글레벨';
   COMMENT ON COLUMN "MMM"."NOTICE_COMMENT"."NOTICE_COMMENT_REF" IS '게시글번호';
   COMMENT ON COLUMN "MMM"."NOTICE_COMMENT"."NOTICE_COMMENT_REF_TWO" IS '대댓글번호';
   COMMENT ON COLUMN "MMM"."NOTICE_COMMENT"."DOG_ID" IS '강아지아이디';
   COMMENT ON COLUMN "MMM"."NOTICE_COMMENT"."NOTICE_COMMENT_BOOL" IS '댓글삭제여부';
--------------------------------------------------------
--  DDL for Table NOTICE_RECOMMEND
--------------------------------------------------------

  CREATE TABLE "MMM"."NOTICE_RECOMMEND" 
   (	"NOTICE_RECOMMEND_ID" VARCHAR2(30 BYTE), 
	"NOTICE_RECOMMENT_SEARCH_ID" VARCHAR2(30 BYTE)
   ) SEGMENT CREATION IMMEDIATE 
  PCTFREE 10 PCTUSED 40 INITRANS 1 MAXTRANS 255 NOCOMPRESS LOGGING
  STORAGE(INITIAL 65536 NEXT 1048576 MINEXTENTS 1 MAXEXTENTS 2147483645
  PCTINCREASE 0 FREELISTS 1 FREELIST GROUPS 1 BUFFER_POOL DEFAULT FLASH_CACHE DEFAULT CELL_FLASH_CACHE DEFAULT)
  TABLESPACE "SYSTEM" ;

   COMMENT ON COLUMN "MMM"."NOTICE_RECOMMEND"."NOTICE_RECOMMEND_ID" IS '아이디';
   COMMENT ON COLUMN "MMM"."NOTICE_RECOMMEND"."NOTICE_RECOMMENT_SEARCH_ID" IS '즐겨찾기아이디';
--------------------------------------------------------
--  DDL for Table ORDER_DETAIL
--------------------------------------------------------

  CREATE TABLE "MMM"."ORDER_DETAIL" 
   (	"ORDER_NO" NUMBER, 
	"ORDER_COUNT" NUMBER, 
	"ORDER_COMMENT" VARCHAR2(1000 BYTE)
   ) SEGMENT CREATION IMMEDIATE 
  PCTFREE 10 PCTUSED 40 INITRANS 1 MAXTRANS 255 NOCOMPRESS LOGGING
  STORAGE(INITIAL 65536 NEXT 1048576 MINEXTENTS 1 MAXEXTENTS 2147483645
  PCTINCREASE 0 FREELISTS 1 FREELIST GROUPS 1 BUFFER_POOL DEFAULT FLASH_CACHE DEFAULT CELL_FLASH_CACHE DEFAULT)
  TABLESPACE "SYSTEM" ;

   COMMENT ON COLUMN "MMM"."ORDER_DETAIL"."ORDER_NO" IS '주문번호';
   COMMENT ON COLUMN "MMM"."ORDER_DETAIL"."ORDER_COUNT" IS '상품수량';
   COMMENT ON COLUMN "MMM"."ORDER_DETAIL"."ORDER_COMMENT" IS '구매후기';
--------------------------------------------------------
--  DDL for Table PAYMENT
--------------------------------------------------------

  CREATE TABLE "MMM"."PAYMENT" 
   (	"PAYMENT_NO" NUMBER, 
	"ORDER_NO" NUMBER, 
	"PAYMENT_TOTAL" NUMBER
   ) SEGMENT CREATION IMMEDIATE 
  PCTFREE 10 PCTUSED 40 INITRANS 1 MAXTRANS 255 NOCOMPRESS LOGGING
  STORAGE(INITIAL 65536 NEXT 1048576 MINEXTENTS 1 MAXEXTENTS 2147483645
  PCTINCREASE 0 FREELISTS 1 FREELIST GROUPS 1 BUFFER_POOL DEFAULT FLASH_CACHE DEFAULT CELL_FLASH_CACHE DEFAULT)
  TABLESPACE "SYSTEM" ;

   COMMENT ON COLUMN "MMM"."PAYMENT"."PAYMENT_NO" IS '결제번호';
   COMMENT ON COLUMN "MMM"."PAYMENT"."ORDER_NO" IS '주문번호';
   COMMENT ON COLUMN "MMM"."PAYMENT"."PAYMENT_TOTAL" IS '총주문금액';
--------------------------------------------------------
--  DDL for Table PRODUCT
--------------------------------------------------------

  CREATE TABLE "MMM"."PRODUCT" 
   (	"PRODUCT_NO" NUMBER, 
	"BN_MEMBER_ID" VARCHAR2(30 BYTE), 
	"PRODUCT_FILENAME" VARCHAR2(20 BYTE), 
	"PRODUCT_FILEPATH" VARCHAR2(20 BYTE), 
	"PRODUCT_TITLE" VARCHAR2(30 BYTE)
   ) SEGMENT CREATION IMMEDIATE 
  PCTFREE 10 PCTUSED 40 INITRANS 1 MAXTRANS 255 NOCOMPRESS LOGGING
  STORAGE(INITIAL 65536 NEXT 1048576 MINEXTENTS 1 MAXEXTENTS 2147483645
  PCTINCREASE 0 FREELISTS 1 FREELIST GROUPS 1 BUFFER_POOL DEFAULT FLASH_CACHE DEFAULT CELL_FLASH_CACHE DEFAULT)
  TABLESPACE "SYSTEM" ;

   COMMENT ON COLUMN "MMM"."PRODUCT"."PRODUCT_NO" IS '컨텐츠몰 상품테이블번호';
   COMMENT ON COLUMN "MMM"."PRODUCT"."BN_MEMBER_ID" IS '사업자아이디';
   COMMENT ON COLUMN "MMM"."PRODUCT"."PRODUCT_FILENAME" IS '원래파일명';
   COMMENT ON COLUMN "MMM"."PRODUCT"."PRODUCT_FILEPATH" IS '서버에저장된파일명';
--------------------------------------------------------
--  DDL for Table PRODUCT_OPTION
--------------------------------------------------------

  CREATE TABLE "MMM"."PRODUCT_OPTION" 
   (	"OPTION_NO" NUMBER, 
	"PRODUCT_NO" NUMBER, 
	"BN_MEMBER_ID" VARCHAR2(30 BYTE), 
	"OPTION_TITLE" VARCHAR2(30 BYTE), 
	"OPTION_PRICE" NUMBER
   ) SEGMENT CREATION IMMEDIATE 
  PCTFREE 10 PCTUSED 40 INITRANS 1 MAXTRANS 255 NOCOMPRESS LOGGING
  STORAGE(INITIAL 65536 NEXT 1048576 MINEXTENTS 1 MAXEXTENTS 2147483645
  PCTINCREASE 0 FREELISTS 1 FREELIST GROUPS 1 BUFFER_POOL DEFAULT FLASH_CACHE DEFAULT CELL_FLASH_CACHE DEFAULT)
  TABLESPACE "SYSTEM" ;

   COMMENT ON COLUMN "MMM"."PRODUCT_OPTION"."OPTION_NO" IS '상품옵션번호';
   COMMENT ON COLUMN "MMM"."PRODUCT_OPTION"."PRODUCT_NO" IS '상품번호';
   COMMENT ON COLUMN "MMM"."PRODUCT_OPTION"."BN_MEMBER_ID" IS '사업자아이디';
   COMMENT ON COLUMN "MMM"."PRODUCT_OPTION"."OPTION_TITLE" IS '옵션제목';
   COMMENT ON COLUMN "MMM"."PRODUCT_OPTION"."OPTION_PRICE" IS '옵션추가가격';
--------------------------------------------------------
--  DDL for Table QNA_ANSWER
--------------------------------------------------------

  CREATE TABLE "MMM"."QNA_ANSWER" 
   (	"ANSWER_NO" NUMBER, 
	"QNA_NOTICE_NO" NUMBER, 
	"ANSWER_WRITER" VARCHAR2(20 BYTE), 
	"ANSWER_DATE" DATE, 
	"ANSWER_CONTENT" VARCHAR2(2000 BYTE), 
	"ANSWER_DELETE_BOOL" NUMBER
   ) SEGMENT CREATION IMMEDIATE 
  PCTFREE 10 PCTUSED 40 INITRANS 1 MAXTRANS 255 NOCOMPRESS LOGGING
  STORAGE(INITIAL 65536 NEXT 1048576 MINEXTENTS 1 MAXEXTENTS 2147483645
  PCTINCREASE 0 FREELISTS 1 FREELIST GROUPS 1 BUFFER_POOL DEFAULT FLASH_CACHE DEFAULT CELL_FLASH_CACHE DEFAULT)
  TABLESPACE "SYSTEM" ;

   COMMENT ON COLUMN "MMM"."QNA_ANSWER"."ANSWER_NO" IS '응답번호';
   COMMENT ON COLUMN "MMM"."QNA_ANSWER"."QNA_NOTICE_NO" IS '질의번호';
   COMMENT ON COLUMN "MMM"."QNA_ANSWER"."ANSWER_WRITER" IS '응답작성자';
   COMMENT ON COLUMN "MMM"."QNA_ANSWER"."ANSWER_DATE" IS '응답작성일';
   COMMENT ON COLUMN "MMM"."QNA_ANSWER"."ANSWER_CONTENT" IS '응답내용';
   COMMENT ON COLUMN "MMM"."QNA_ANSWER"."ANSWER_DELETE_BOOL" IS '응답삭제여부';
--------------------------------------------------------
--  DDL for Table QNA_NOTICE
--------------------------------------------------------

  CREATE TABLE "MMM"."QNA_NOTICE" 
   (	"QNA_NOTICE_NO" NUMBER, 
	"QNA_NOTICE_TITLE" VARCHAR2(100 BYTE), 
	"QNA_NOTICE_WRITER" VARCHAR2(30 BYTE), 
	"QNA_NOTICE_CONTENT" VARCHAR2(4000 BYTE), 
	"QNA_NOTICE_DATE" DATE, 
	"QNA_NOTICE_IMGS" VARCHAR2(400 BYTE), 
	"QNA_NOTICE_DELETE_BOOL" NUMBER
   ) SEGMENT CREATION IMMEDIATE 
  PCTFREE 10 PCTUSED 40 INITRANS 1 MAXTRANS 255 NOCOMPRESS LOGGING
  STORAGE(INITIAL 65536 NEXT 1048576 MINEXTENTS 1 MAXEXTENTS 2147483645
  PCTINCREASE 0 FREELISTS 1 FREELIST GROUPS 1 BUFFER_POOL DEFAULT FLASH_CACHE DEFAULT CELL_FLASH_CACHE DEFAULT)
  TABLESPACE "SYSTEM" ;

   COMMENT ON COLUMN "MMM"."QNA_NOTICE"."QNA_NOTICE_NO" IS '질의번호';
   COMMENT ON COLUMN "MMM"."QNA_NOTICE"."QNA_NOTICE_TITLE" IS '질의제목';
   COMMENT ON COLUMN "MMM"."QNA_NOTICE"."QNA_NOTICE_WRITER" IS '질의작성자';
   COMMENT ON COLUMN "MMM"."QNA_NOTICE"."QNA_NOTICE_CONTENT" IS '질의내용';
   COMMENT ON COLUMN "MMM"."QNA_NOTICE"."QNA_NOTICE_DATE" IS '질의작성일';
   COMMENT ON COLUMN "MMM"."QNA_NOTICE"."QNA_NOTICE_IMGS" IS '질의이미지';
   COMMENT ON COLUMN "MMM"."QNA_NOTICE"."QNA_NOTICE_DELETE_BOOL" IS '질의삭제여부';
--------------------------------------------------------
--  DDL for Table SHOP
--------------------------------------------------------

  CREATE TABLE "MMM"."SHOP" 
   (	"SHOP_ID" VARCHAR2(30 BYTE), 
	"SHOP_MEMBER_ID" VARCHAR2(30 BYTE), 
	"SHOP_BANK" VARCHAR2(30 BYTE), 
	"SHOP_BANK_ACCOUNT" VARCHAR2(30 BYTE)
   ) SEGMENT CREATION IMMEDIATE 
  PCTFREE 10 PCTUSED 40 INITRANS 1 MAXTRANS 255 NOCOMPRESS LOGGING
  STORAGE(INITIAL 65536 NEXT 1048576 MINEXTENTS 1 MAXEXTENTS 2147483645
  PCTINCREASE 0 FREELISTS 1 FREELIST GROUPS 1 BUFFER_POOL DEFAULT FLASH_CACHE DEFAULT CELL_FLASH_CACHE DEFAULT)
  TABLESPACE "SYSTEM" ;

   COMMENT ON COLUMN "MMM"."SHOP"."SHOP_ID" IS '사입자번호';
   COMMENT ON COLUMN "MMM"."SHOP"."SHOP_MEMBER_ID" IS '아이디';
   COMMENT ON COLUMN "MMM"."SHOP"."SHOP_BANK" IS '은행';
   COMMENT ON COLUMN "MMM"."SHOP"."SHOP_BANK_ACCOUNT" IS '계좌번호';
REM INSERTING into MMM.ARTICLE_NOTICE
SET DEFINE OFF;
Insert into MMM.ARTICLE_NOTICE (ARTICLE_NOTICE_NO,ARTICLE_NOTICE_CATEGORY1,ARTICLE_NOTICE_CATEGORY2,ARTICLE_NOTICE_TITLE,ARTICLE_NOTICE_WRITER,ARTICLE_NOTICE_CONTENT,ARTICLE_NOTICE_DATE,ARTICLE_NOTICE_SOLD_BOOL,ARTICLE_NOTICE_DELETE_BOOL,ARTICLE_NOTICE_IMG_NAME) values (2,'중형견','의상','의상팝니다','user01','<p><img src="/sm/multiupload/2020051316443252af684a-f823-4859-bcab-05a6c79abf39.jpg
" title="body-image.jpg" style="max-width:100%;"><br style="clear:both;">&nbsp;</p><p>댕댕댕댕</p>',to_date('20/05/13','RR/MM/DD'),0,0,'/sm/multiupload/2020051316443252af684a-f823-4859-bcab-05a6c79abf39.jpg');
Insert into MMM.ARTICLE_NOTICE (ARTICLE_NOTICE_NO,ARTICLE_NOTICE_CATEGORY1,ARTICLE_NOTICE_CATEGORY2,ARTICLE_NOTICE_TITLE,ARTICLE_NOTICE_WRITER,ARTICLE_NOTICE_CONTENT,ARTICLE_NOTICE_DATE,ARTICLE_NOTICE_SOLD_BOOL,ARTICLE_NOTICE_DELETE_BOOL,ARTICLE_NOTICE_IMG_NAME) values (4,'중형견','장난감','장난감 팝니다!','user01','<p>ㅁㅈㄹㅈㅁㄻㅈㄹ</p><p><img src="/sm/multiupload/202005131703140fd99ebd-cc37-4a3c-93ff-47c73cb49606.png
" title="dust_black.png" style="max-width:100%;"><br style="clear:both;">ㅁㄴㄹ</p><p>ㅁㅈㄹㅈㅁㄻㅈㄹ</p>',to_date('20/05/13','RR/MM/DD'),0,0,'/sm/multiupload/202005131703140fd99ebd-cc37-4a3c-93ff-47c73cb49606.png
');
Insert into MMM.ARTICLE_NOTICE (ARTICLE_NOTICE_NO,ARTICLE_NOTICE_CATEGORY1,ARTICLE_NOTICE_CATEGORY2,ARTICLE_NOTICE_TITLE,ARTICLE_NOTICE_WRITER,ARTICLE_NOTICE_CONTENT,ARTICLE_NOTICE_DATE,ARTICLE_NOTICE_SOLD_BOOL,ARTICLE_NOTICE_DELETE_BOOL,ARTICLE_NOTICE_IMG_NAME) values (6,'대형견','의상','123','user01','<p><img src="/sm/multiupload/20200513182151581e274b-e0a9-4377-b82f-adc10701a61b.png
" title="dust_good.png" style="max-width:100%;">asf<br style="clear:both;">&nbsp;</p>',to_date('20/05/13','RR/MM/DD'),0,1,'/sm/multiupload/20200513182151581e274b-e0a9-4377-b82f-adc10701a61b.png
');
Insert into MMM.ARTICLE_NOTICE (ARTICLE_NOTICE_NO,ARTICLE_NOTICE_CATEGORY1,ARTICLE_NOTICE_CATEGORY2,ARTICLE_NOTICE_TITLE,ARTICLE_NOTICE_WRITER,ARTICLE_NOTICE_CONTENT,ARTICLE_NOTICE_DATE,ARTICLE_NOTICE_SOLD_BOOL,ARTICLE_NOTICE_DELETE_BOOL,ARTICLE_NOTICE_IMG_NAME) values (8,'대형견','가구','ㄴㅁㅇㄹㅈㄹ','user01','<p>awfawfawf<img src="/sm/multiupload/2020051318230785977a85-cf31-4f05-a4bc-35f56e392ee4.png
" title="dust_worst.png" style="max-width:100%;">&nbsp;</p>',to_date('20/05/13','RR/MM/DD'),0,0,'/sm/multiupload/2020051318230785977a85-cf31-4f05-a4bc-35f56e392ee4.png
');
Insert into MMM.ARTICLE_NOTICE (ARTICLE_NOTICE_NO,ARTICLE_NOTICE_CATEGORY1,ARTICLE_NOTICE_CATEGORY2,ARTICLE_NOTICE_TITLE,ARTICLE_NOTICE_WRITER,ARTICLE_NOTICE_CONTENT,ARTICLE_NOTICE_DATE,ARTICLE_NOTICE_SOLD_BOOL,ARTICLE_NOTICE_DELETE_BOOL,ARTICLE_NOTICE_IMG_NAME) values (12,'소형견','가구','awfwaf','user01','<p><img src="/sm/multiupload/202005131824221f59e4c2-b332-4753-a6fa-732d95488912.jpg
" title="20180422_174743637_226.jpg" style="max-width:100%;"><br style="clear:both;">awfawfzxfsa</p>
                
                ',to_date('20/05/13','RR/MM/DD'),0,0,'/sm/multiupload/202005131824221f59e4c2-b332-4753-a6fa-732d95488912.jpg
');
Insert into MMM.ARTICLE_NOTICE (ARTICLE_NOTICE_NO,ARTICLE_NOTICE_CATEGORY1,ARTICLE_NOTICE_CATEGORY2,ARTICLE_NOTICE_TITLE,ARTICLE_NOTICE_WRITER,ARTICLE_NOTICE_CONTENT,ARTICLE_NOTICE_DATE,ARTICLE_NOTICE_SOLD_BOOL,ARTICLE_NOTICE_DELETE_BOOL,ARTICLE_NOTICE_IMG_NAME) values (14,'대형견','가구','awfawfaw','user01','<p><img src="/sm/multiupload/20200513182438fb9e31cd-cd04-47a1-9aee-c8b4c76f1c96.jpg
" title="20180422_174800692_837.jpg" style="max-width:100%;"><br style="clear:both;">&nbsp;</p><p>wqgawabsa aqwgasv szasgtaqwg</p>',to_date('20/05/13','RR/MM/DD'),0,0,'/sm/multiupload/20200513182438fb9e31cd-cd04-47a1-9aee-c8b4c76f1c96.jpg
');
Insert into MMM.ARTICLE_NOTICE (ARTICLE_NOTICE_NO,ARTICLE_NOTICE_CATEGORY1,ARTICLE_NOTICE_CATEGORY2,ARTICLE_NOTICE_TITLE,ARTICLE_NOTICE_WRITER,ARTICLE_NOTICE_CONTENT,ARTICLE_NOTICE_DATE,ARTICLE_NOTICE_SOLD_BOOL,ARTICLE_NOTICE_DELETE_BOOL,ARTICLE_NOTICE_IMG_NAME) values (46,'소형견','식품','테스트 게시글','user01','<p>ㅁㄴㄻㄴㄻ</p><p>ㅈㄻㅈㄻㄹㄻㅈㄻㅈ</p><p><span style="font-family: 바탕, batang, applemyungjo;">?ㅁㅈㄻㅈㄻㄻㅈ</span>&nbsp;</p><p><span style="font-family: 굴림체, gulimche;">ㅁㅈㄻㅈ라ㅏㅏㅏㅏㅏ<span style="font-family: 궁서, gungsuh, gungseo;">?ㅁㅈㄻㅈㄻㅈㄹ</span></span></p><p><span style="font-family: 굴림체, gulimche;"><span style="font-family: 궁서, gungsuh, gungseo;"><b>?ㅁㅈㄻㅈㄻㅈㄻㅈㄻㄹㅈ</b><br></span></span></p><p><span style="font-family: 굴림체, gulimche;"><span style="font-family: 궁서, gungsuh, gungseo;"><b><img src="/sm/multiupload/20200514120310b7096cce-851a-40b2-8a82-738187981b69.PNG
" title="1.PNG" style="max-width:100%;"></b></span></span><img src="http://192.168.10.25/sm/multiupload/20200514170524de9af074-91eb-4022-a893-710e80a015a5.PNG" title="2.PNG" style="max-width:100%;"><span style="font-family: 굴림체, gulimche;"><span style="font-family: 궁서, gungsuh, gungseo;"><b><br style="clear:both;"><br style="clear:both;"><br style="clear:both;"><br style="clear:both;"><br style="clear:both;"><br style="clear:both;"></b></span></span><span style="font-family: 굴림체, gulimche;"><span style="font-family: 궁서, gungsuh, gungseo;"><b><br style="clear:both;">ㄴㄹ<span style="font-size: 36pt;">?ㅁㄹㅈㅈㅁㄻㅈ<span style="font-size: 14pt;">?ㅁㅈㄹㅈㅁㄹ<u>?ㅁㅈㄻㅈㄻㅈㄹ<span style="color: rgb(0, 0, 0);"><u>?</u><span style="color: rgb(255, 0, 0);"><u>?ㅁㅈㄻㅈㄻㅈㄹ</u></span></span></u></span></span></b></span></span></p><p>&nbsp;</p><p>asfawf</p><p>awfawf????awfwa!!!!&nbsp;</p><p>&nbsp;</p>
                
                
                
                
                
                
                
                
                
                
                
                
                
                
                
                
                
                
                
                
                
                
                
                
                
                
                
                
                
                
                
                
                
                
                
                
                
                
                
                
                
                
                
                
                
                
                
                
                
                
                
                ',to_date('20/05/14','RR/MM/DD'),0,0,'/sm/multiupload/20200514120310b7096cce-851a-40b2-8a82-738187981b69.PNG
');
Insert into MMM.ARTICLE_NOTICE (ARTICLE_NOTICE_NO,ARTICLE_NOTICE_CATEGORY1,ARTICLE_NOTICE_CATEGORY2,ARTICLE_NOTICE_TITLE,ARTICLE_NOTICE_WRITER,ARTICLE_NOTICE_CONTENT,ARTICLE_NOTICE_DATE,ARTICLE_NOTICE_SOLD_BOOL,ARTICLE_NOTICE_DELETE_BOOL,ARTICLE_NOTICE_IMG_NAME) values (62,'소형견','장난감','gd','bhmklnj63','<p>gd</p>',to_date('20/05/18','RR/MM/DD'),0,0,null);
Insert into MMM.ARTICLE_NOTICE (ARTICLE_NOTICE_NO,ARTICLE_NOTICE_CATEGORY1,ARTICLE_NOTICE_CATEGORY2,ARTICLE_NOTICE_TITLE,ARTICLE_NOTICE_WRITER,ARTICLE_NOTICE_CONTENT,ARTICLE_NOTICE_DATE,ARTICLE_NOTICE_SOLD_BOOL,ARTICLE_NOTICE_DELETE_BOOL,ARTICLE_NOTICE_IMG_NAME) values (64,'중형견','가구','asfwf','gogosing','<p>awfaw<img src="/sm/multiupload/202005181543131e73b709-f0e1-408d-b8f6-8dbd7416760d.png
" title="%E2%80%94Pngtree%E2%80%94love%20decoration_876668%20(4).png" style="max-width:100%;">&nbsp;</p>',to_date('20/05/18','RR/MM/DD'),0,0,'/sm/multiupload/202005181543131e73b709-f0e1-408d-b8f6-8dbd7416760d.png
');
Insert into MMM.ARTICLE_NOTICE (ARTICLE_NOTICE_NO,ARTICLE_NOTICE_CATEGORY1,ARTICLE_NOTICE_CATEGORY2,ARTICLE_NOTICE_TITLE,ARTICLE_NOTICE_WRITER,ARTICLE_NOTICE_CONTENT,ARTICLE_NOTICE_DATE,ARTICLE_NOTICE_SOLD_BOOL,ARTICLE_NOTICE_DELETE_BOOL,ARTICLE_NOTICE_IMG_NAME) values (66,'대형견','가구','awfawfaw','gogosing','<p>awfaw<img src="/sm/multiupload/20200518154332fac91f11-672b-4d3e-9359-42451081477f.png
" title="sold.png" style="max-width:100%;">&nbsp;</p>',to_date('20/05/18','RR/MM/DD'),0,0,'/sm/multiupload/20200518154332fac91f11-672b-4d3e-9359-42451081477f.png
');
Insert into MMM.ARTICLE_NOTICE (ARTICLE_NOTICE_NO,ARTICLE_NOTICE_CATEGORY1,ARTICLE_NOTICE_CATEGORY2,ARTICLE_NOTICE_TITLE,ARTICLE_NOTICE_WRITER,ARTICLE_NOTICE_CONTENT,ARTICLE_NOTICE_DATE,ARTICLE_NOTICE_SOLD_BOOL,ARTICLE_NOTICE_DELETE_BOOL,ARTICLE_NOTICE_IMG_NAME) values (70,'중형견','가구','awfwa','gogosing','<p>awfawfawf<img src="/sm/multiupload/20200518154402038694ff-8505-40da-b891-4d98e2cfdc7e.png
" title="soldout.png" style="max-width:100%;">&nbsp;</p>',to_date('20/05/18','RR/MM/DD'),0,0,'/sm/multiupload/20200518154402038694ff-8505-40da-b891-4d98e2cfdc7e.png
');
Insert into MMM.ARTICLE_NOTICE (ARTICLE_NOTICE_NO,ARTICLE_NOTICE_CATEGORY1,ARTICLE_NOTICE_CATEGORY2,ARTICLE_NOTICE_TITLE,ARTICLE_NOTICE_WRITER,ARTICLE_NOTICE_CONTENT,ARTICLE_NOTICE_DATE,ARTICLE_NOTICE_SOLD_BOOL,ARTICLE_NOTICE_DELETE_BOOL,ARTICLE_NOTICE_IMG_NAME) values (72,'대형견','장난감','agwawgag','gogosing','<p>asgas<img src="/sm/multiupload/2020051815442568904b1b-59a5-4cdb-8a28-7ac218e6bc70.png
" title="logo%20(1).png" style="max-width:100%;">&nbsp;</p>',to_date('20/05/18','RR/MM/DD'),0,0,'/sm/multiupload/2020051815442568904b1b-59a5-4cdb-8a28-7ac218e6bc70.png
');
Insert into MMM.ARTICLE_NOTICE (ARTICLE_NOTICE_NO,ARTICLE_NOTICE_CATEGORY1,ARTICLE_NOTICE_CATEGORY2,ARTICLE_NOTICE_TITLE,ARTICLE_NOTICE_WRITER,ARTICLE_NOTICE_CONTENT,ARTICLE_NOTICE_DATE,ARTICLE_NOTICE_SOLD_BOOL,ARTICLE_NOTICE_DELETE_BOOL,ARTICLE_NOTICE_IMG_NAME) values (84,'소형견','가구','ㅎㅎ','jojoimg','<p>ㅎㅎ</p>',to_date('20/05/21','RR/MM/DD'),0,0,null);
Insert into MMM.ARTICLE_NOTICE (ARTICLE_NOTICE_NO,ARTICLE_NOTICE_CATEGORY1,ARTICLE_NOTICE_CATEGORY2,ARTICLE_NOTICE_TITLE,ARTICLE_NOTICE_WRITER,ARTICLE_NOTICE_CONTENT,ARTICLE_NOTICE_DATE,ARTICLE_NOTICE_SOLD_BOOL,ARTICLE_NOTICE_DELETE_BOOL,ARTICLE_NOTICE_IMG_NAME) values (86,'소형견','장난감','ㅎㅎ','jojoimg','<p>ㅎㅎ</p>',to_date('20/05/21','RR/MM/DD'),0,0,null);
Insert into MMM.ARTICLE_NOTICE (ARTICLE_NOTICE_NO,ARTICLE_NOTICE_CATEGORY1,ARTICLE_NOTICE_CATEGORY2,ARTICLE_NOTICE_TITLE,ARTICLE_NOTICE_WRITER,ARTICLE_NOTICE_CONTENT,ARTICLE_NOTICE_DATE,ARTICLE_NOTICE_SOLD_BOOL,ARTICLE_NOTICE_DELETE_BOOL,ARTICLE_NOTICE_IMG_NAME) values (90,'대형견','가구','ㅈㅈ','jojoimg','<p>ㅈㅈ</p>',to_date('20/05/21','RR/MM/DD'),0,0,null);
Insert into MMM.ARTICLE_NOTICE (ARTICLE_NOTICE_NO,ARTICLE_NOTICE_CATEGORY1,ARTICLE_NOTICE_CATEGORY2,ARTICLE_NOTICE_TITLE,ARTICLE_NOTICE_WRITER,ARTICLE_NOTICE_CONTENT,ARTICLE_NOTICE_DATE,ARTICLE_NOTICE_SOLD_BOOL,ARTICLE_NOTICE_DELETE_BOOL,ARTICLE_NOTICE_IMG_NAME) values (92,'소형견','가구','ㄴㅇㅎㄴㅇㅎ','jojoimg','<p>ㄴㅇㅎㅇㄶㅇㄶ</p>',to_date('20/05/21','RR/MM/DD'),0,0,null);
Insert into MMM.ARTICLE_NOTICE (ARTICLE_NOTICE_NO,ARTICLE_NOTICE_CATEGORY1,ARTICLE_NOTICE_CATEGORY2,ARTICLE_NOTICE_TITLE,ARTICLE_NOTICE_WRITER,ARTICLE_NOTICE_CONTENT,ARTICLE_NOTICE_DATE,ARTICLE_NOTICE_SOLD_BOOL,ARTICLE_NOTICE_DELETE_BOOL,ARTICLE_NOTICE_IMG_NAME) values (94,'중형견','장난감','2','jojoimg','<p>&nbsp; &nbsp; &nbsp; &nbsp; &nbsp; &nbsp; &nbsp; &nbsp; &nbsp; &nbsp; &nbsp; &nbsp; &nbsp; &nbsp; &nbsp; &nbsp; &nbsp; &nbsp; &nbsp; &nbsp; &nbsp; &nbsp; &nbsp; &nbsp; &nbsp; &nbsp; &nbsp; &nbsp; &nbsp; &nbsp; &nbsp; &nbsp; &nbsp; &nbsp; &nbsp; &nbsp; &nbsp; &nbsp; &nbsp; &nbsp; &nbsp; &nbsp; &nbsp; &nbsp; &nbsp; &nbsp; &nbsp; &nbsp; &nbsp; &nbsp; &nbsp; &nbsp; &nbsp; &nbsp; &nbsp; &nbsp; &nbsp; &nbsp; &nbsp; &nbsp; &nbsp; &nbsp; &nbsp; &nbsp; &nbsp; &nbsp; &nbsp; &nbsp; &nbsp; &nbsp; &nbsp;</p><p>팝니다&nbsp; &nbsp; &nbsp; &nbsp; &nbsp; &nbsp; &nbsp; &nbsp; &nbsp; &nbsp; &nbsp; &nbsp; &nbsp; &nbsp; &nbsp; &nbsp; &nbsp; &nbsp; &nbsp; &nbsp; &nbsp; &nbsp; &nbsp; &nbsp; &nbsp; &nbsp; &nbsp; &nbsp; &nbsp; &nbsp; &nbsp; &nbsp; &nbsp; &nbsp; &nbsp;<img src="/sm/multiupload/20200521111935fe453ba1-4937-4e71-b0d0-6ab457912801.jpg
" title="images.jpg" style="max-width:700px;">&nbsp;</p>
                
                
                
                
                
                
                
                
                
                
                
                ',to_date('20/05/21','RR/MM/DD'),0,1,'/sm/multiupload/20200521111935fe453ba1-4937-4e71-b0d0-6ab457912801.jpg
');
Insert into MMM.ARTICLE_NOTICE (ARTICLE_NOTICE_NO,ARTICLE_NOTICE_CATEGORY1,ARTICLE_NOTICE_CATEGORY2,ARTICLE_NOTICE_TITLE,ARTICLE_NOTICE_WRITER,ARTICLE_NOTICE_CONTENT,ARTICLE_NOTICE_DATE,ARTICLE_NOTICE_SOLD_BOOL,ARTICLE_NOTICE_DELETE_BOOL,ARTICLE_NOTICE_IMG_NAME) values (96,'소형견','가구','판다 알아서 댓글 달아라','member','<p>ㅇㅇ</p>',to_date('20/05/21','RR/MM/DD'),0,1,null);
Insert into MMM.ARTICLE_NOTICE (ARTICLE_NOTICE_NO,ARTICLE_NOTICE_CATEGORY1,ARTICLE_NOTICE_CATEGORY2,ARTICLE_NOTICE_TITLE,ARTICLE_NOTICE_WRITER,ARTICLE_NOTICE_CONTENT,ARTICLE_NOTICE_DATE,ARTICLE_NOTICE_SOLD_BOOL,ARTICLE_NOTICE_DELETE_BOOL,ARTICLE_NOTICE_IMG_NAME) values (98,'대형견','가구','테스트','user01','<p>ㅈㄹㅈㄹㅈㄹ<img src="/sm/multiupload/202005211214442851c1c0-a3eb-4242-8066-475764439372.PNG
" title="2.PNG" style="max-width:700px;">&nbsp;</p>
                
                ',to_date('20/05/21','RR/MM/DD'),1,1,'/sm/multiupload/202005211214442851c1c0-a3eb-4242-8066-475764439372.PNG
');
Insert into MMM.ARTICLE_NOTICE (ARTICLE_NOTICE_NO,ARTICLE_NOTICE_CATEGORY1,ARTICLE_NOTICE_CATEGORY2,ARTICLE_NOTICE_TITLE,ARTICLE_NOTICE_WRITER,ARTICLE_NOTICE_CONTENT,ARTICLE_NOTICE_DATE,ARTICLE_NOTICE_SOLD_BOOL,ARTICLE_NOTICE_DELETE_BOOL,ARTICLE_NOTICE_IMG_NAME) values (102,'소형견','식품','여기 집사 나뿐이야 ?','BusBang','<p><img src="/sm/multiupload/2020052117475080e98449-6269-45e3-99cf-419f8549620d.jpg
" title="%EA%B3%A0%EC%96%912.jpg" style="max-width:100%;"><br style="clear:both;"><img src="/sm/multiupload/20200521174750a35ac619-a9c4-45e6-ac69-bfd598fea79f.jpg
" title="%EA%B3%A0%EC%96%91%EC%9D%B4.jpg" style="max-width:100%;"><br style="clear:both;">ㅎㅎ</p>',to_date('20/05/21','RR/MM/DD'),0,0,'/sm/multiupload/2020052117475080e98449-6269-45e3-99cf-419f8549620d.jpg
');
Insert into MMM.ARTICLE_NOTICE (ARTICLE_NOTICE_NO,ARTICLE_NOTICE_CATEGORY1,ARTICLE_NOTICE_CATEGORY2,ARTICLE_NOTICE_TITLE,ARTICLE_NOTICE_WRITER,ARTICLE_NOTICE_CONTENT,ARTICLE_NOTICE_DATE,ARTICLE_NOTICE_SOLD_BOOL,ARTICLE_NOTICE_DELETE_BOOL,ARTICLE_NOTICE_IMG_NAME) values (106,'소형견','식품','돌고래 사진 날아갔어 ㅠㅠ','BusBang','<p><img src="/sm/multiupload/20200521174928b3e8a474-e627-4cd5-837b-21867c905155.jpg
" title="%EB%8F%8C%EA%B3%A0%EB%9E%98.jpg" style="max-width:100%;"><br style="clear:both;">&nbsp;</p>',to_date('20/05/21','RR/MM/DD'),0,0,'/sm/multiupload/20200521174928b3e8a474-e627-4cd5-837b-21867c905155.jpg
');
Insert into MMM.ARTICLE_NOTICE (ARTICLE_NOTICE_NO,ARTICLE_NOTICE_CATEGORY1,ARTICLE_NOTICE_CATEGORY2,ARTICLE_NOTICE_TITLE,ARTICLE_NOTICE_WRITER,ARTICLE_NOTICE_CONTENT,ARTICLE_NOTICE_DATE,ARTICLE_NOTICE_SOLD_BOOL,ARTICLE_NOTICE_DELETE_BOOL,ARTICLE_NOTICE_IMG_NAME) values (110,'대형견','식품','또떳다!!!','user0707','<p>asdf<img src="/sm/multiupload/20200521175103400482f0-5905-4a1e-884a-168f1acee967.jpg
" title="15801.jpg" style="max-width:100%;">&nbsp;</p>',to_date('20/05/21','RR/MM/DD'),0,0,'/sm/multiupload/20200521175103400482f0-5905-4a1e-884a-168f1acee967.jpg
');
Insert into MMM.ARTICLE_NOTICE (ARTICLE_NOTICE_NO,ARTICLE_NOTICE_CATEGORY1,ARTICLE_NOTICE_CATEGORY2,ARTICLE_NOTICE_TITLE,ARTICLE_NOTICE_WRITER,ARTICLE_NOTICE_CONTENT,ARTICLE_NOTICE_DATE,ARTICLE_NOTICE_SOLD_BOOL,ARTICLE_NOTICE_DELETE_BOOL,ARTICLE_NOTICE_IMG_NAME) values (112,'대형견','장난감','ㅍㅍㅍ','Mmmm','<p>ㅍㅍㅍ</p><p>ㅍㅍ</p><p>ㅍㅍ</p><p>ㅍ</p>',to_date('20/05/21','RR/MM/DD'),0,0,null);
Insert into MMM.ARTICLE_NOTICE (ARTICLE_NOTICE_NO,ARTICLE_NOTICE_CATEGORY1,ARTICLE_NOTICE_CATEGORY2,ARTICLE_NOTICE_TITLE,ARTICLE_NOTICE_WRITER,ARTICLE_NOTICE_CONTENT,ARTICLE_NOTICE_DATE,ARTICLE_NOTICE_SOLD_BOOL,ARTICLE_NOTICE_DELETE_BOOL,ARTICLE_NOTICE_IMG_NAME) values (114,'대형견','장난감','asdasda','user06','<p>asdasdasdas<img src="/sm/multiupload/2020052117524141d7f7a1-9cfa-4e04-800f-1ba874e00e09.png
" title="main_logo.png" style="max-width:100%;">&nbsp;</p>',to_date('20/05/21','RR/MM/DD'),0,0,'/sm/multiupload/2020052117524141d7f7a1-9cfa-4e04-800f-1ba874e00e09.png
');
Insert into MMM.ARTICLE_NOTICE (ARTICLE_NOTICE_NO,ARTICLE_NOTICE_CATEGORY1,ARTICLE_NOTICE_CATEGORY2,ARTICLE_NOTICE_TITLE,ARTICLE_NOTICE_WRITER,ARTICLE_NOTICE_CONTENT,ARTICLE_NOTICE_DATE,ARTICLE_NOTICE_SOLD_BOOL,ARTICLE_NOTICE_DELETE_BOOL,ARTICLE_NOTICE_IMG_NAME) values (116,'대형견','장난감','1등!!','user0707','<p><img src="/sm/multiupload/2020052117531585b69d8e-dee8-4191-a716-4ac06938d99c.jpg
" title="15801.jpg" style="max-width:100%;"><br style="clear:both;">&nbsp;</p>',to_date('20/05/21','RR/MM/DD'),0,0,'/sm/multiupload/2020052117531585b69d8e-dee8-4191-a716-4ac06938d99c.jpg
');
Insert into MMM.ARTICLE_NOTICE (ARTICLE_NOTICE_NO,ARTICLE_NOTICE_CATEGORY1,ARTICLE_NOTICE_CATEGORY2,ARTICLE_NOTICE_TITLE,ARTICLE_NOTICE_WRITER,ARTICLE_NOTICE_CONTENT,ARTICLE_NOTICE_DATE,ARTICLE_NOTICE_SOLD_BOOL,ARTICLE_NOTICE_DELETE_BOOL,ARTICLE_NOTICE_IMG_NAME) values (126,'중형견','의상','awfwa','test11','<p><img src="/sm/multiupload/202005211759573122ea56-05f3-43a1-ad3a-99b8038de478.jpg
" title="shutterstock_292917410.jpg" style="max-width:100%;"></p><p>&nbsp;</p><p>x테스ㅡㅌ<br style="clear:both;">&nbsp;</p>
                
                ',to_date('20/05/21','RR/MM/DD'),1,0,'/sm/multiupload/202005211759573122ea56-05f3-43a1-ad3a-99b8038de478.jpg
');
Insert into MMM.ARTICLE_NOTICE (ARTICLE_NOTICE_NO,ARTICLE_NOTICE_CATEGORY1,ARTICLE_NOTICE_CATEGORY2,ARTICLE_NOTICE_TITLE,ARTICLE_NOTICE_WRITER,ARTICLE_NOTICE_CONTENT,ARTICLE_NOTICE_DATE,ARTICLE_NOTICE_SOLD_BOOL,ARTICLE_NOTICE_DELETE_BOOL,ARTICLE_NOTICE_IMG_NAME) values (132,'중형견','장난감','장난감','corona19','<p>안녕 난 장난감이야</p>
                
                ',to_date('20/05/21','RR/MM/DD'),1,0,null);
Insert into MMM.ARTICLE_NOTICE (ARTICLE_NOTICE_NO,ARTICLE_NOTICE_CATEGORY1,ARTICLE_NOTICE_CATEGORY2,ARTICLE_NOTICE_TITLE,ARTICLE_NOTICE_WRITER,ARTICLE_NOTICE_CONTENT,ARTICLE_NOTICE_DATE,ARTICLE_NOTICE_SOLD_BOOL,ARTICLE_NOTICE_DELETE_BOOL,ARTICLE_NOTICE_IMG_NAME) values (134,'중형견','식품','츄르','id011','<p>강아지샵이지만 츄르팝니다<img src="/sm/multiupload/20200521180311608c8056-eca1-4a31-92f6-bb00d5e00ecc.jpg
" title="%EA%B0%95%EC%95%84%EC%A7%80.jpg" style="max-width:100%;">&nbsp;</p>',to_date('20/05/21','RR/MM/DD'),0,0,'/sm/multiupload/20200521180311608c8056-eca1-4a31-92f6-bb00d5e00ecc.jpg
');
Insert into MMM.ARTICLE_NOTICE (ARTICLE_NOTICE_NO,ARTICLE_NOTICE_CATEGORY1,ARTICLE_NOTICE_CATEGORY2,ARTICLE_NOTICE_TITLE,ARTICLE_NOTICE_WRITER,ARTICLE_NOTICE_CONTENT,ARTICLE_NOTICE_DATE,ARTICLE_NOTICE_SOLD_BOOL,ARTICLE_NOTICE_DELETE_BOOL,ARTICLE_NOTICE_IMG_NAME) values (136,'소형견','의상','돈까아아아아아스','BusBang','<p><img src="/sm/multiupload/202005211804058915d13b-23ac-457e-baa6-61f81227467e.jpg
" title="%EB%8F%88%EA%B9%8C%EC%8A%A4.jpg" style="max-width:100%;"><br style="clear:both;">&nbsp;</p>',to_date('20/05/21','RR/MM/DD'),0,0,'/sm/multiupload/202005211804058915d13b-23ac-457e-baa6-61f81227467e.jpg
');
Insert into MMM.ARTICLE_NOTICE (ARTICLE_NOTICE_NO,ARTICLE_NOTICE_CATEGORY1,ARTICLE_NOTICE_CATEGORY2,ARTICLE_NOTICE_TITLE,ARTICLE_NOTICE_WRITER,ARTICLE_NOTICE_CONTENT,ARTICLE_NOTICE_DATE,ARTICLE_NOTICE_SOLD_BOOL,ARTICLE_NOTICE_DELETE_BOOL,ARTICLE_NOTICE_IMG_NAME) values (138,'중형견','가구','ㅇㄹ','BusBang','<p><img src="/sm/multiupload/20200521180428cb04c34d-7326-4722-8446-68979030bcb8.jpg
" title="%EB%B0%80%ED%91%80%EC%9C%A0.jpg" style="max-width:100%;"><br style="clear:both;">&nbsp;</p>',to_date('20/05/21','RR/MM/DD'),0,0,'/sm/multiupload/20200521180428cb04c34d-7326-4722-8446-68979030bcb8.jpg
');
Insert into MMM.ARTICLE_NOTICE (ARTICLE_NOTICE_NO,ARTICLE_NOTICE_CATEGORY1,ARTICLE_NOTICE_CATEGORY2,ARTICLE_NOTICE_TITLE,ARTICLE_NOTICE_WRITER,ARTICLE_NOTICE_CONTENT,ARTICLE_NOTICE_DATE,ARTICLE_NOTICE_SOLD_BOOL,ARTICLE_NOTICE_DELETE_BOOL,ARTICLE_NOTICE_IMG_NAME) values (140,'중형견','장난감','ㅇㄹ','BusBang','<p><img src="/sm/multiupload/202005211804460294bc18-08af-4798-a12a-1d8db03b1d4d.jpg
" title="%EC%8A%A4%EC%BC%80%EC%9D%B4%ED%8A%B82.jpg" style="max-width:100%;"><br style="clear:both;">&nbsp;</p>
                
                ',to_date('20/05/21','RR/MM/DD'),1,0,'/sm/multiupload/202005211804460294bc18-08af-4798-a12a-1d8db03b1d4d.jpg
');
Insert into MMM.ARTICLE_NOTICE (ARTICLE_NOTICE_NO,ARTICLE_NOTICE_CATEGORY1,ARTICLE_NOTICE_CATEGORY2,ARTICLE_NOTICE_TITLE,ARTICLE_NOTICE_WRITER,ARTICLE_NOTICE_CONTENT,ARTICLE_NOTICE_DATE,ARTICLE_NOTICE_SOLD_BOOL,ARTICLE_NOTICE_DELETE_BOOL,ARTICLE_NOTICE_IMG_NAME) values (144,'대형견','의상','1','admin','<p>asd</p>',to_date('20/05/21','RR/MM/DD'),0,0,null);
Insert into MMM.ARTICLE_NOTICE (ARTICLE_NOTICE_NO,ARTICLE_NOTICE_CATEGORY1,ARTICLE_NOTICE_CATEGORY2,ARTICLE_NOTICE_TITLE,ARTICLE_NOTICE_WRITER,ARTICLE_NOTICE_CONTENT,ARTICLE_NOTICE_DATE,ARTICLE_NOTICE_SOLD_BOOL,ARTICLE_NOTICE_DELETE_BOOL,ARTICLE_NOTICE_IMG_NAME) values (146,'대형견','장난감','테스트','user011','<p>테스트</p>',to_date('20/05/21','RR/MM/DD'),0,1,null);
Insert into MMM.ARTICLE_NOTICE (ARTICLE_NOTICE_NO,ARTICLE_NOTICE_CATEGORY1,ARTICLE_NOTICE_CATEGORY2,ARTICLE_NOTICE_TITLE,ARTICLE_NOTICE_WRITER,ARTICLE_NOTICE_CONTENT,ARTICLE_NOTICE_DATE,ARTICLE_NOTICE_SOLD_BOOL,ARTICLE_NOTICE_DELETE_BOOL,ARTICLE_NOTICE_IMG_NAME) values (148,'중형견','장난감','ㅁㅈㄷㄹ','user0707','<p><img src="/sm/multiupload/20200521181150a51c5b5e-db0d-4a13-b939-1daff6106dfa.jpg
" title="15801.jpg" style="max-width:100%;"><br style="clear:both;">&nbsp;</p>',to_date('20/05/21','RR/MM/DD'),0,0,'/sm/multiupload/20200521181150a51c5b5e-db0d-4a13-b939-1daff6106dfa.jpg
');
Insert into MMM.ARTICLE_NOTICE (ARTICLE_NOTICE_NO,ARTICLE_NOTICE_CATEGORY1,ARTICLE_NOTICE_CATEGORY2,ARTICLE_NOTICE_TITLE,ARTICLE_NOTICE_WRITER,ARTICLE_NOTICE_CONTENT,ARTICLE_NOTICE_DATE,ARTICLE_NOTICE_SOLD_BOOL,ARTICLE_NOTICE_DELETE_BOOL,ARTICLE_NOTICE_IMG_NAME) values (150,'대형견','식품','내가 이스터 에그','user0707','<p><img src="/sm/multiupload/2020052118122465becb62-0d9b-47ba-ac41-4ccaaa2ec3f2.jpg
" title="15801.jpg" style="max-width:100%;"><br style="clear:both;">&nbsp;</p>',to_date('20/05/21','RR/MM/DD'),0,0,'/sm/multiupload/2020052118122465becb62-0d9b-47ba-ac41-4ccaaa2ec3f2.jpg
');
Insert into MMM.ARTICLE_NOTICE (ARTICLE_NOTICE_NO,ARTICLE_NOTICE_CATEGORY1,ARTICLE_NOTICE_CATEGORY2,ARTICLE_NOTICE_TITLE,ARTICLE_NOTICE_WRITER,ARTICLE_NOTICE_CONTENT,ARTICLE_NOTICE_DATE,ARTICLE_NOTICE_SOLD_BOOL,ARTICLE_NOTICE_DELETE_BOOL,ARTICLE_NOTICE_IMG_NAME) values (158,'중형견','식품','ghj','user011','<p>ghj</p>',to_date('20/05/21','RR/MM/DD'),0,0,null);
Insert into MMM.ARTICLE_NOTICE (ARTICLE_NOTICE_NO,ARTICLE_NOTICE_CATEGORY1,ARTICLE_NOTICE_CATEGORY2,ARTICLE_NOTICE_TITLE,ARTICLE_NOTICE_WRITER,ARTICLE_NOTICE_CONTENT,ARTICLE_NOTICE_DATE,ARTICLE_NOTICE_SOLD_BOOL,ARTICLE_NOTICE_DELETE_BOOL,ARTICLE_NOTICE_IMG_NAME) values (162,'소형견','식품','버그는 너굴맨이 처리했으니 안심하라구~','NeoGoolMan','<p>버그는 너굴맨이 처리했으니 안심하라구~<img src="/sm/multiupload/202005221502020f81bfcd-508e-4ad3-921b-92f2f0d698b7.jpg
" title="%EB%84%88%EA%B5%B4%EB%A7%A8.jpg" style="max-width:100%;"><br style="clear:both;">&nbsp;</p>',to_date('20/05/22','RR/MM/DD'),0,0,'/sm/multiupload/202005221502020f81bfcd-508e-4ad3-921b-92f2f0d698b7.jpg
');
Insert into MMM.ARTICLE_NOTICE (ARTICLE_NOTICE_NO,ARTICLE_NOTICE_CATEGORY1,ARTICLE_NOTICE_CATEGORY2,ARTICLE_NOTICE_TITLE,ARTICLE_NOTICE_WRITER,ARTICLE_NOTICE_CONTENT,ARTICLE_NOTICE_DATE,ARTICLE_NOTICE_SOLD_BOOL,ARTICLE_NOTICE_DELETE_BOOL,ARTICLE_NOTICE_IMG_NAME) values (166,'중형견','의상','dd','asdf1','<p>dd</p>',to_date('20/05/22','RR/MM/DD'),0,0,null);
REM INSERTING into MMM.ARTICLE_NOTICE_COMMENT
SET DEFINE OFF;
Insert into MMM.ARTICLE_NOTICE_COMMENT (ARTICLE_COMMENT_NO,ARTICLE_COMMENT_WRITER,ARTICLE_COMMENT_CONTENT,ARTICLE_COMMENT_DATE,ARTICLE_REF,ARTICLE_COMMENT_REF,ARTICLE_COMMENT_LEVEL,ARTICLE_COMMENT_DELETE_BOOL) values (10,'user01','수정 테스트',to_date('20/05/15','RR/MM/DD'),46,null,1,0);
Insert into MMM.ARTICLE_NOTICE_COMMENT (ARTICLE_COMMENT_NO,ARTICLE_COMMENT_WRITER,ARTICLE_COMMENT_CONTENT,ARTICLE_COMMENT_DATE,ARTICLE_REF,ARTICLE_COMMENT_REF,ARTICLE_COMMENT_LEVEL,ARTICLE_COMMENT_DELETE_BOOL) values (12,'user01','sfawfw',to_date('20/05/15','RR/MM/DD'),46,null,1,0);
Insert into MMM.ARTICLE_NOTICE_COMMENT (ARTICLE_COMMENT_NO,ARTICLE_COMMENT_WRITER,ARTICLE_COMMENT_CONTENT,ARTICLE_COMMENT_DATE,ARTICLE_REF,ARTICLE_COMMENT_REF,ARTICLE_COMMENT_LEVEL,ARTICLE_COMMENT_DELETE_BOOL) values (14,'user01','asfawfawfawfawf테스트?
테스트!
수정!
Yes!',to_date('20/05/15','RR/MM/DD'),46,10,2,0);
Insert into MMM.ARTICLE_NOTICE_COMMENT (ARTICLE_COMMENT_NO,ARTICLE_COMMENT_WRITER,ARTICLE_COMMENT_CONTENT,ARTICLE_COMMENT_DATE,ARTICLE_REF,ARTICLE_COMMENT_REF,ARTICLE_COMMENT_LEVEL,ARTICLE_COMMENT_DELETE_BOOL) values (16,'user01','123afswar124',to_date('20/05/15','RR/MM/DD'),46,10,2,1);
Insert into MMM.ARTICLE_NOTICE_COMMENT (ARTICLE_COMMENT_NO,ARTICLE_COMMENT_WRITER,ARTICLE_COMMENT_CONTENT,ARTICLE_COMMENT_DATE,ARTICLE_REF,ARTICLE_COMMENT_REF,ARTICLE_COMMENT_LEVEL,ARTICLE_COMMENT_DELETE_BOOL) values (18,'user01','123',to_date('20/05/15','RR/MM/DD'),46,16,3,0);
Insert into MMM.ARTICLE_NOTICE_COMMENT (ARTICLE_COMMENT_NO,ARTICLE_COMMENT_WRITER,ARTICLE_COMMENT_CONTENT,ARTICLE_COMMENT_DATE,ARTICLE_REF,ARTICLE_COMMENT_REF,ARTICLE_COMMENT_LEVEL,ARTICLE_COMMENT_DELETE_BOOL) values (22,'gogosing','gg',to_date('20/05/18','RR/MM/DD'),46,null,1,0);
Insert into MMM.ARTICLE_NOTICE_COMMENT (ARTICLE_COMMENT_NO,ARTICLE_COMMENT_WRITER,ARTICLE_COMMENT_CONTENT,ARTICLE_COMMENT_DATE,ARTICLE_REF,ARTICLE_COMMENT_REF,ARTICLE_COMMENT_LEVEL,ARTICLE_COMMENT_DELETE_BOOL) values (24,'gogosing','ggd',to_date('20/05/18','RR/MM/DD'),46,10,2,1);
Insert into MMM.ARTICLE_NOTICE_COMMENT (ARTICLE_COMMENT_NO,ARTICLE_COMMENT_WRITER,ARTICLE_COMMENT_CONTENT,ARTICLE_COMMENT_DATE,ARTICLE_REF,ARTICLE_COMMENT_REF,ARTICLE_COMMENT_LEVEL,ARTICLE_COMMENT_DELETE_BOOL) values (42,'gogosing','124',to_date('20/05/18','RR/MM/DD'),72,null,1,0);
Insert into MMM.ARTICLE_NOTICE_COMMENT (ARTICLE_COMMENT_NO,ARTICLE_COMMENT_WRITER,ARTICLE_COMMENT_CONTENT,ARTICLE_COMMENT_DATE,ARTICLE_REF,ARTICLE_COMMENT_REF,ARTICLE_COMMENT_LEVEL,ARTICLE_COMMENT_DELETE_BOOL) values (44,'gogosing','afwfawf',to_date('20/05/18','RR/MM/DD'),72,42,2,0);
Insert into MMM.ARTICLE_NOTICE_COMMENT (ARTICLE_COMMENT_NO,ARTICLE_COMMENT_WRITER,ARTICLE_COMMENT_CONTENT,ARTICLE_COMMENT_DATE,ARTICLE_REF,ARTICLE_COMMENT_REF,ARTICLE_COMMENT_LEVEL,ARTICLE_COMMENT_DELETE_BOOL) values (46,'gogosing','awfawf',to_date('20/05/18','RR/MM/DD'),66,null,1,1);
Insert into MMM.ARTICLE_NOTICE_COMMENT (ARTICLE_COMMENT_NO,ARTICLE_COMMENT_WRITER,ARTICLE_COMMENT_CONTENT,ARTICLE_COMMENT_DATE,ARTICLE_REF,ARTICLE_COMMENT_REF,ARTICLE_COMMENT_LEVEL,ARTICLE_COMMENT_DELETE_BOOL) values (48,'gogosing','awf!!!!',to_date('20/05/18','RR/MM/DD'),66,46,2,0);
Insert into MMM.ARTICLE_NOTICE_COMMENT (ARTICLE_COMMENT_NO,ARTICLE_COMMENT_WRITER,ARTICLE_COMMENT_CONTENT,ARTICLE_COMMENT_DATE,ARTICLE_REF,ARTICLE_COMMENT_REF,ARTICLE_COMMENT_LEVEL,ARTICLE_COMMENT_DELETE_BOOL) values (50,'gogosing','afwf',to_date('20/05/18','RR/MM/DD'),64,null,1,0);
Insert into MMM.ARTICLE_NOTICE_COMMENT (ARTICLE_COMMENT_NO,ARTICLE_COMMENT_WRITER,ARTICLE_COMMENT_CONTENT,ARTICLE_COMMENT_DATE,ARTICLE_REF,ARTICLE_COMMENT_REF,ARTICLE_COMMENT_LEVEL,ARTICLE_COMMENT_DELETE_BOOL) values (52,'gogosing','wfafawf',to_date('20/05/18','RR/MM/DD'),70,null,1,0);
Insert into MMM.ARTICLE_NOTICE_COMMENT (ARTICLE_COMMENT_NO,ARTICLE_COMMENT_WRITER,ARTICLE_COMMENT_CONTENT,ARTICLE_COMMENT_DATE,ARTICLE_REF,ARTICLE_COMMENT_REF,ARTICLE_COMMENT_LEVEL,ARTICLE_COMMENT_DELETE_BOOL) values (62,'gogosing','테스트',to_date('20/05/18','RR/MM/DD'),64,null,1,0);
Insert into MMM.ARTICLE_NOTICE_COMMENT (ARTICLE_COMMENT_NO,ARTICLE_COMMENT_WRITER,ARTICLE_COMMENT_CONTENT,ARTICLE_COMMENT_DATE,ARTICLE_REF,ARTICLE_COMMENT_REF,ARTICLE_COMMENT_LEVEL,ARTICLE_COMMENT_DELETE_BOOL) values (64,'gogosing','테스트2',to_date('20/05/18','RR/MM/DD'),64,62,2,0);
Insert into MMM.ARTICLE_NOTICE_COMMENT (ARTICLE_COMMENT_NO,ARTICLE_COMMENT_WRITER,ARTICLE_COMMENT_CONTENT,ARTICLE_COMMENT_DATE,ARTICLE_REF,ARTICLE_COMMENT_REF,ARTICLE_COMMENT_LEVEL,ARTICLE_COMMENT_DELETE_BOOL) values (66,'gogosing','테스트3',to_date('20/05/18','RR/MM/DD'),64,64,3,0);
Insert into MMM.ARTICLE_NOTICE_COMMENT (ARTICLE_COMMENT_NO,ARTICLE_COMMENT_WRITER,ARTICLE_COMMENT_CONTENT,ARTICLE_COMMENT_DATE,ARTICLE_REF,ARTICLE_COMMENT_REF,ARTICLE_COMMENT_LEVEL,ARTICLE_COMMENT_DELETE_BOOL) values (82,'qwer123','ㅇㅇ',to_date('20/05/20','RR/MM/DD'),62,null,1,0);
Insert into MMM.ARTICLE_NOTICE_COMMENT (ARTICLE_COMMENT_NO,ARTICLE_COMMENT_WRITER,ARTICLE_COMMENT_CONTENT,ARTICLE_COMMENT_DATE,ARTICLE_REF,ARTICLE_COMMENT_REF,ARTICLE_COMMENT_LEVEL,ARTICLE_COMMENT_DELETE_BOOL) values (102,'user01','asfwafawfwwww',to_date('20/05/21','RR/MM/DD'),72,null,1,1);
Insert into MMM.ARTICLE_NOTICE_COMMENT (ARTICLE_COMMENT_NO,ARTICLE_COMMENT_WRITER,ARTICLE_COMMENT_CONTENT,ARTICLE_COMMENT_DATE,ARTICLE_REF,ARTICLE_COMMENT_REF,ARTICLE_COMMENT_LEVEL,ARTICLE_COMMENT_DELETE_BOOL) values (104,'user01','awfawf',to_date('20/05/21','RR/MM/DD'),72,102,2,1);
Insert into MMM.ARTICLE_NOTICE_COMMENT (ARTICLE_COMMENT_NO,ARTICLE_COMMENT_WRITER,ARTICLE_COMMENT_CONTENT,ARTICLE_COMMENT_DATE,ARTICLE_REF,ARTICLE_COMMENT_REF,ARTICLE_COMMENT_LEVEL,ARTICLE_COMMENT_DELETE_BOOL) values (106,'user01','awfwafawf',to_date('20/05/21','RR/MM/DD'),72,104,3,0);
Insert into MMM.ARTICLE_NOTICE_COMMENT (ARTICLE_COMMENT_NO,ARTICLE_COMMENT_WRITER,ARTICLE_COMMENT_CONTENT,ARTICLE_COMMENT_DATE,ARTICLE_REF,ARTICLE_COMMENT_REF,ARTICLE_COMMENT_LEVEL,ARTICLE_COMMENT_DELETE_BOOL) values (108,'user01','awfwafawf',to_date('20/05/21','RR/MM/DD'),72,104,3,1);
Insert into MMM.ARTICLE_NOTICE_COMMENT (ARTICLE_COMMENT_NO,ARTICLE_COMMENT_WRITER,ARTICLE_COMMENT_CONTENT,ARTICLE_COMMENT_DATE,ARTICLE_REF,ARTICLE_COMMENT_REF,ARTICLE_COMMENT_LEVEL,ARTICLE_COMMENT_DELETE_BOOL) values (110,'user01','!!!',to_date('20/05/21','RR/MM/DD'),72,104,3,0);
Insert into MMM.ARTICLE_NOTICE_COMMENT (ARTICLE_COMMENT_NO,ARTICLE_COMMENT_WRITER,ARTICLE_COMMENT_CONTENT,ARTICLE_COMMENT_DATE,ARTICLE_REF,ARTICLE_COMMENT_REF,ARTICLE_COMMENT_LEVEL,ARTICLE_COMMENT_DELETE_BOOL) values (112,'jojoimg','010-2020-3030 삽니다 문자주세요 죄송ㅎㅎㅎㅎ',to_date('20/05/21','RR/MM/DD'),72,null,1,0);
Insert into MMM.ARTICLE_NOTICE_COMMENT (ARTICLE_COMMENT_NO,ARTICLE_COMMENT_WRITER,ARTICLE_COMMENT_CONTENT,ARTICLE_COMMENT_DATE,ARTICLE_REF,ARTICLE_COMMENT_REF,ARTICLE_COMMENT_LEVEL,ARTICLE_COMMENT_DELETE_BOOL) values (114,'jojoimg','ㅇㄶ삽니다',to_date('20/05/21','RR/MM/DD'),72,null,1,0);
Insert into MMM.ARTICLE_NOTICE_COMMENT (ARTICLE_COMMENT_NO,ARTICLE_COMMENT_WRITER,ARTICLE_COMMENT_CONTENT,ARTICLE_COMMENT_DATE,ARTICLE_REF,ARTICLE_COMMENT_REF,ARTICLE_COMMENT_LEVEL,ARTICLE_COMMENT_DELETE_BOOL) values (116,'member','얼마예요?',to_date('20/05/21','RR/MM/DD'),94,null,1,0);
Insert into MMM.ARTICLE_NOTICE_COMMENT (ARTICLE_COMMENT_NO,ARTICLE_COMMENT_WRITER,ARTICLE_COMMENT_CONTENT,ARTICLE_COMMENT_DATE,ARTICLE_REF,ARTICLE_COMMENT_REF,ARTICLE_COMMENT_LEVEL,ARTICLE_COMMENT_DELETE_BOOL) values (118,'user01','!!!!awawf',to_date('20/05/21','RR/MM/DD'),98,null,1,1);
Insert into MMM.ARTICLE_NOTICE_COMMENT (ARTICLE_COMMENT_NO,ARTICLE_COMMENT_WRITER,ARTICLE_COMMENT_CONTENT,ARTICLE_COMMENT_DATE,ARTICLE_REF,ARTICLE_COMMENT_REF,ARTICLE_COMMENT_LEVEL,ARTICLE_COMMENT_DELETE_BOOL) values (122,'test01','gd',to_date('20/05/21','RR/MM/DD'),64,64,3,0);
Insert into MMM.ARTICLE_NOTICE_COMMENT (ARTICLE_COMMENT_NO,ARTICLE_COMMENT_WRITER,ARTICLE_COMMENT_CONTENT,ARTICLE_COMMENT_DATE,ARTICLE_REF,ARTICLE_COMMENT_REF,ARTICLE_COMMENT_LEVEL,ARTICLE_COMMENT_DELETE_BOOL) values (124,'BusBang','너누구냐고너누구냐고너누구냐고너누구냐고너누구냐고너누구냐고너누구냐고너누구냐고너누구냐고너누구냐고너누구냐고너누구냐고너누구냐고너누구냐고너누구냐고너누구냐고너누구냐고너누구냐고너누구냐고너누구냐고너누구냐고너누구냐고너누구냐고너누구냐고너누구냐고너누구냐고너누구냐고너누구냐고너누구냐고너누구냐고너누구냐고너누구냐고너누구냐고너누구냐고너누구냐고너누구냐고너누구냐고너누구냐고너누구냐고너누구냐고',to_date('20/05/21','RR/MM/DD'),92,null,1,0);
Insert into MMM.ARTICLE_NOTICE_COMMENT (ARTICLE_COMMENT_NO,ARTICLE_COMMENT_WRITER,ARTICLE_COMMENT_CONTENT,ARTICLE_COMMENT_DATE,ARTICLE_REF,ARTICLE_COMMENT_REF,ARTICLE_COMMENT_LEVEL,ARTICLE_COMMENT_DELETE_BOOL) values (126,'BusBang','너누구냐고너누구냐고너누구냐고너누구냐고너누구냐고너누구냐고너누구냐고너누구냐고너누구냐고너누구냐고너누구냐고너누구냐고너누구냐고너누구냐고너누구냐고너누구냐고너누구냐고너누구냐고너누구냐고너누구냐고너누구냐고너누구냐고너누구냐고너누구냐고',to_date('20/05/21','RR/MM/DD'),92,124,2,0);
Insert into MMM.ARTICLE_NOTICE_COMMENT (ARTICLE_COMMENT_NO,ARTICLE_COMMENT_WRITER,ARTICLE_COMMENT_CONTENT,ARTICLE_COMMENT_DATE,ARTICLE_REF,ARTICLE_COMMENT_REF,ARTICLE_COMMENT_LEVEL,ARTICLE_COMMENT_DELETE_BOOL) values (128,'toto2219','모야',to_date('20/05/21','RR/MM/DD'),92,124,2,0);
Insert into MMM.ARTICLE_NOTICE_COMMENT (ARTICLE_COMMENT_NO,ARTICLE_COMMENT_WRITER,ARTICLE_COMMENT_CONTENT,ARTICLE_COMMENT_DATE,ARTICLE_REF,ARTICLE_COMMENT_REF,ARTICLE_COMMENT_LEVEL,ARTICLE_COMMENT_DELETE_BOOL) values (130,'Mmmm','Mmmm',to_date('20/05/21','RR/MM/DD'),106,null,1,0);
Insert into MMM.ARTICLE_NOTICE_COMMENT (ARTICLE_COMMENT_NO,ARTICLE_COMMENT_WRITER,ARTICLE_COMMENT_CONTENT,ARTICLE_COMMENT_DATE,ARTICLE_REF,ARTICLE_COMMENT_REF,ARTICLE_COMMENT_LEVEL,ARTICLE_COMMENT_DELETE_BOOL) values (132,'user1','트라팔가트라팔가',to_date('20/05/21','RR/MM/DD'),12,null,1,0);
Insert into MMM.ARTICLE_NOTICE_COMMENT (ARTICLE_COMMENT_NO,ARTICLE_COMMENT_WRITER,ARTICLE_COMMENT_CONTENT,ARTICLE_COMMENT_DATE,ARTICLE_REF,ARTICLE_COMMENT_REF,ARTICLE_COMMENT_LEVEL,ARTICLE_COMMENT_DELETE_BOOL) values (134,'Mmmm','또 너냐
',to_date('20/05/21','RR/MM/DD'),110,null,1,0);
Insert into MMM.ARTICLE_NOTICE_COMMENT (ARTICLE_COMMENT_NO,ARTICLE_COMMENT_WRITER,ARTICLE_COMMENT_CONTENT,ARTICLE_COMMENT_DATE,ARTICLE_REF,ARTICLE_COMMENT_REF,ARTICLE_COMMENT_LEVEL,ARTICLE_COMMENT_DELETE_BOOL) values (138,'Mmmm','ㄵ',to_date('20/05/21','RR/MM/DD'),116,null,1,0);
Insert into MMM.ARTICLE_NOTICE_COMMENT (ARTICLE_COMMENT_NO,ARTICLE_COMMENT_WRITER,ARTICLE_COMMENT_CONTENT,ARTICLE_COMMENT_DATE,ARTICLE_REF,ARTICLE_COMMENT_REF,ARTICLE_COMMENT_LEVEL,ARTICLE_COMMENT_DELETE_BOOL) values (140,'user000','gadfa',to_date('20/05/21','RR/MM/DD'),126,null,1,0);
Insert into MMM.ARTICLE_NOTICE_COMMENT (ARTICLE_COMMENT_NO,ARTICLE_COMMENT_WRITER,ARTICLE_COMMENT_CONTENT,ARTICLE_COMMENT_DATE,ARTICLE_REF,ARTICLE_COMMENT_REF,ARTICLE_COMMENT_LEVEL,ARTICLE_COMMENT_DELETE_BOOL) values (142,'1211','방버스
',to_date('20/05/21','RR/MM/DD'),72,44,3,0);
Insert into MMM.ARTICLE_NOTICE_COMMENT (ARTICLE_COMMENT_NO,ARTICLE_COMMENT_WRITER,ARTICLE_COMMENT_CONTENT,ARTICLE_COMMENT_DATE,ARTICLE_REF,ARTICLE_COMMENT_REF,ARTICLE_COMMENT_LEVEL,ARTICLE_COMMENT_DELETE_BOOL) values (144,'corona19','하하',to_date('20/05/21','RR/MM/DD'),132,null,1,1);
Insert into MMM.ARTICLE_NOTICE_COMMENT (ARTICLE_COMMENT_NO,ARTICLE_COMMENT_WRITER,ARTICLE_COMMENT_CONTENT,ARTICLE_COMMENT_DATE,ARTICLE_REF,ARTICLE_COMMENT_REF,ARTICLE_COMMENT_LEVEL,ARTICLE_COMMENT_DELETE_BOOL) values (146,'corona19','하하',to_date('20/05/21','RR/MM/DD'),116,null,1,0);
Insert into MMM.ARTICLE_NOTICE_COMMENT (ARTICLE_COMMENT_NO,ARTICLE_COMMENT_WRITER,ARTICLE_COMMENT_CONTENT,ARTICLE_COMMENT_DATE,ARTICLE_REF,ARTICLE_COMMENT_REF,ARTICLE_COMMENT_LEVEL,ARTICLE_COMMENT_DELETE_BOOL) values (150,'user0707','삼',to_date('20/05/21','RR/MM/DD'),132,null,1,0);
Insert into MMM.ARTICLE_NOTICE_COMMENT (ARTICLE_COMMENT_NO,ARTICLE_COMMENT_WRITER,ARTICLE_COMMENT_CONTENT,ARTICLE_COMMENT_DATE,ARTICLE_REF,ARTICLE_COMMENT_REF,ARTICLE_COMMENT_LEVEL,ARTICLE_COMMENT_DELETE_BOOL) values (152,'id011','츄르사가라~~~츄르사가라~~~츄르사가라~~~츄르사가라~~~츄르사가라~~~츄르사가라~~~츄르사가라~~~츄르사가라~~~츄르사가라~~~츄르사가라~~~츄르사가라~~~츄르사가라~~~츄르사가라~~~츄르사가라~~~츄르사가라~~~츄르사가라~~~츄르사가라~~~츄르사가라~~~츄르사가라~~~츄르사가라~~~츄르사가라~~~츄르사가라~~~츄르사가라~~~츄르사가라~~~츄르사가라~~~츄르사가라~~~츄르사가라~~~츄르사가라~~~츄르사가라~~~츄르사가라~~~츄르사가라~~~츄르사가라~~~츄르사가라~~~츄르사가라~~~',to_date('20/05/21','RR/MM/DD'),134,null,1,1);
Insert into MMM.ARTICLE_NOTICE_COMMENT (ARTICLE_COMMENT_NO,ARTICLE_COMMENT_WRITER,ARTICLE_COMMENT_CONTENT,ARTICLE_COMMENT_DATE,ARTICLE_REF,ARTICLE_COMMENT_REF,ARTICLE_COMMENT_LEVEL,ARTICLE_COMMENT_DELETE_BOOL) values (154,'id011','츄르사가라~~~츄르사가라~~~츄르사가라~~~츄르사가라~~~츄르사가라~~~츄르사가라~~~츄르사가라~~~츄르사가라~~~츄르사가라~~~츄르사가라~~~츄르사가라~~~츄르사가라~~~츄르사가라~~~츄르사가라~~~츄르사가라~~~츄르사가라~~~츄르사가라~~~츄르사가라~~~츄르사가라~~~츄르사가라~~~츄르사가라~~~츄르사가라~~~츄르사가라~~~츄르사가라~~~츄르사가라~~~츄르사가라~~~츄르사가라~~~츄르사가라~~~츄르사가라~~~츄르사가라~~~츄르사가라~~~츄르사가라~~~츄르사가라~~~츄르사가라~~~츄르사가라~~~츄르사가라~~~츄르사가라~~~츄르사가라~~~츄르사가라~~~츄르사가라~~~츄르사가라~~~ㅍㅍ',to_date('20/05/21','RR/MM/DD'),134,152,2,0);
Insert into MMM.ARTICLE_NOTICE_COMMENT (ARTICLE_COMMENT_NO,ARTICLE_COMMENT_WRITER,ARTICLE_COMMENT_CONTENT,ARTICLE_COMMENT_DATE,ARTICLE_REF,ARTICLE_COMMENT_REF,ARTICLE_COMMENT_LEVEL,ARTICLE_COMMENT_DELETE_BOOL) values (156,'id011','진짜 방버스 닉값;',to_date('20/05/21','RR/MM/DD'),136,null,1,0);
Insert into MMM.ARTICLE_NOTICE_COMMENT (ARTICLE_COMMENT_NO,ARTICLE_COMMENT_WRITER,ARTICLE_COMMENT_CONTENT,ARTICLE_COMMENT_DATE,ARTICLE_REF,ARTICLE_COMMENT_REF,ARTICLE_COMMENT_LEVEL,ARTICLE_COMMENT_DELETE_BOOL) values (158,'toto2219','ㅇ',to_date('20/05/21','RR/MM/DD'),132,null,1,0);
Insert into MMM.ARTICLE_NOTICE_COMMENT (ARTICLE_COMMENT_NO,ARTICLE_COMMENT_WRITER,ARTICLE_COMMENT_CONTENT,ARTICLE_COMMENT_DATE,ARTICLE_REF,ARTICLE_COMMENT_REF,ARTICLE_COMMENT_LEVEL,ARTICLE_COMMENT_DELETE_BOOL) values (160,'toto2219','ㅇ',to_date('20/05/21','RR/MM/DD'),132,150,2,0);
Insert into MMM.ARTICLE_NOTICE_COMMENT (ARTICLE_COMMENT_NO,ARTICLE_COMMENT_WRITER,ARTICLE_COMMENT_CONTENT,ARTICLE_COMMENT_DATE,ARTICLE_REF,ARTICLE_COMMENT_REF,ARTICLE_COMMENT_LEVEL,ARTICLE_COMMENT_DELETE_BOOL) values (162,'nongbu1','먼지 이것이 이스터에그입니까
',to_date('20/05/21','RR/MM/DD'),8,null,1,0);
Insert into MMM.ARTICLE_NOTICE_COMMENT (ARTICLE_COMMENT_NO,ARTICLE_COMMENT_WRITER,ARTICLE_COMMENT_CONTENT,ARTICLE_COMMENT_DATE,ARTICLE_REF,ARTICLE_COMMENT_REF,ARTICLE_COMMENT_LEVEL,ARTICLE_COMMENT_DELETE_BOOL) values (164,'test11','삼',to_date('20/05/21','RR/MM/DD'),138,null,1,0);
Insert into MMM.ARTICLE_NOTICE_COMMENT (ARTICLE_COMMENT_NO,ARTICLE_COMMENT_WRITER,ARTICLE_COMMENT_CONTENT,ARTICLE_COMMENT_DATE,ARTICLE_REF,ARTICLE_COMMENT_REF,ARTICLE_COMMENT_LEVEL,ARTICLE_COMMENT_DELETE_BOOL) values (166,'test11','ㅏㅣㅓㅣㅏㅓㅏㅣㅗㅓㅏㅗㅓㅏㅗ',to_date('20/05/21','RR/MM/DD'),134,154,3,0);
Insert into MMM.ARTICLE_NOTICE_COMMENT (ARTICLE_COMMENT_NO,ARTICLE_COMMENT_WRITER,ARTICLE_COMMENT_CONTENT,ARTICLE_COMMENT_DATE,ARTICLE_REF,ARTICLE_COMMENT_REF,ARTICLE_COMMENT_LEVEL,ARTICLE_COMMENT_DELETE_BOOL) values (168,'BusBang','댓글이당
',to_date('20/05/21','RR/MM/DD'),144,null,1,0);
REM INSERTING into MMM.CART
SET DEFINE OFF;
Insert into MMM.CART (CART_NO,ORDER_MEMBER_ID,TOTAL_PRICE,BN_MEMBER_ID,SELECT_OPT) values (54,'member',8300,'bn01','케이크:당근케이크   사이즈:조각   생일초:숫자초   ');
Insert into MMM.CART (CART_NO,ORDER_MEMBER_ID,TOTAL_PRICE,BN_MEMBER_ID,SELECT_OPT) values (58,'user01',12300,'bn02','피자:닭고기피자   크림:단호박크림   ');
Insert into MMM.CART (CART_NO,ORDER_MEMBER_ID,TOTAL_PRICE,BN_MEMBER_ID,SELECT_OPT) values (62,'jojoimg',23000,'bn03','필링:소고기   추가:파티팩A   ');
Insert into MMM.CART (CART_NO,ORDER_MEMBER_ID,TOTAL_PRICE,BN_MEMBER_ID,SELECT_OPT) values (82,'toto2219',14600,'bn02','피자:소고기피자   크림:고구마크림   ');
Insert into MMM.CART (CART_NO,ORDER_MEMBER_ID,TOTAL_PRICE,BN_MEMBER_ID,SELECT_OPT) values (84,'1211',12900,'bn01','케이크:당근케이크   사이즈:대형   생일초:숫자초   ');
Insert into MMM.CART (CART_NO,ORDER_MEMBER_ID,TOTAL_PRICE,BN_MEMBER_ID,SELECT_OPT) values (86,'BusBang',1000,'user11','      뚝배기:공기밥추가   ');
Insert into MMM.CART (CART_NO,ORDER_MEMBER_ID,TOTAL_PRICE,BN_MEMBER_ID,SELECT_OPT) values (88,'BusBang',8300,'bn01','케이크:당근케이크   사이즈:조각   생일초:숫자초   ');
Insert into MMM.CART (CART_NO,ORDER_MEMBER_ID,TOTAL_PRICE,BN_MEMBER_ID,SELECT_OPT) values (90,'user0707',12900,'bn01','케이크:당근케이크   사이즈:대형   생일초:숫자초   ');
Insert into MMM.CART (CART_NO,ORDER_MEMBER_ID,TOTAL_PRICE,BN_MEMBER_ID,SELECT_OPT) values (92,'user06',9800,'bn01','케이크:호박케이크   사이즈:조각   생일초:숫자초   ');
Insert into MMM.CART (CART_NO,ORDER_MEMBER_ID,TOTAL_PRICE,BN_MEMBER_ID,SELECT_OPT) values (50,'user01',12300,'bn02','피자:닭고기피자   크림:단호박크림   ');
Insert into MMM.CART (CART_NO,ORDER_MEMBER_ID,TOTAL_PRICE,BN_MEMBER_ID,SELECT_OPT) values (52,'user01',21000,'bn03','필링:닭고기   추가:파티팩B   ');
Insert into MMM.CART (CART_NO,ORDER_MEMBER_ID,TOTAL_PRICE,BN_MEMBER_ID,SELECT_OPT) values (94,'user0707',15300,'bn02','피자:소고기피자   크림:단호박크림   ');
Insert into MMM.CART (CART_NO,ORDER_MEMBER_ID,TOTAL_PRICE,BN_MEMBER_ID,SELECT_OPT) values (96,'user1',12900,'bn01','케이크:당근케이크   사이즈:대형   생일초:숫자초   ');
Insert into MMM.CART (CART_NO,ORDER_MEMBER_ID,TOTAL_PRICE,BN_MEMBER_ID,SELECT_OPT) values (100,'user06',23000,'bn03','필링:소고기   추가:파티팩A   ');
Insert into MMM.CART (CART_NO,ORDER_MEMBER_ID,TOTAL_PRICE,BN_MEMBER_ID,SELECT_OPT) values (102,'tjehdrjs1230',9500,'bn01','케이크:당근케이크   사이즈:소형   생일초:숫자초   ');
Insert into MMM.CART (CART_NO,ORDER_MEMBER_ID,TOTAL_PRICE,BN_MEMBER_ID,SELECT_OPT) values (104,'user011',8300,'bn01','케이크:당근케이크   사이즈:조각   생일초:숫자초   ');
Insert into MMM.CART (CART_NO,ORDER_MEMBER_ID,TOTAL_PRICE,BN_MEMBER_ID,SELECT_OPT) values (108,'user000',14400,'bn01','케이크:호박케이크   사이즈:대형   생일초:숫자초   ');
Insert into MMM.CART (CART_NO,ORDER_MEMBER_ID,TOTAL_PRICE,BN_MEMBER_ID,SELECT_OPT) values (110,'test11',12900,'bn01','케이크:당근케이크   사이즈:대형   생일초:숫자   ');
Insert into MMM.CART (CART_NO,ORDER_MEMBER_ID,TOTAL_PRICE,BN_MEMBER_ID,SELECT_OPT) values (112,'test11',15300,'bn02','피자:소고기피자   크림:단호박크림   ');
Insert into MMM.CART (CART_NO,ORDER_MEMBER_ID,TOTAL_PRICE,BN_MEMBER_ID,SELECT_OPT) values (114,'BusBang',1500,'user11','콩나물국밥:콩나물추가      뚝배기:공기밥추가   ');
Insert into MMM.CART (CART_NO,ORDER_MEMBER_ID,TOTAL_PRICE,BN_MEMBER_ID,SELECT_OPT) values (116,'1211',1500,'user11','콩나물국밥:콩나물추가      뚝배기:공기밥추가   ');
Insert into MMM.CART (CART_NO,ORDER_MEMBER_ID,TOTAL_PRICE,BN_MEMBER_ID,SELECT_OPT) values (118,'user000',21000,'bn03','필링:닭고기   추가:파티팩B   ');
Insert into MMM.CART (CART_NO,ORDER_MEMBER_ID,TOTAL_PRICE,BN_MEMBER_ID,SELECT_OPT) values (120,'user1',12900,'bn01','케이크:당근케이크   사이즈:대형   생일초:숫자   ');
Insert into MMM.CART (CART_NO,ORDER_MEMBER_ID,TOTAL_PRICE,BN_MEMBER_ID,SELECT_OPT) values (122,'user1',12900,'bn01','케이크:당근케이크   사이즈:대형   생일초:숫자   ');
Insert into MMM.CART (CART_NO,ORDER_MEMBER_ID,TOTAL_PRICE,BN_MEMBER_ID,SELECT_OPT) values (124,'corona19',20000,'id01','                  ㅋㅋ:장난감   ');
Insert into MMM.CART (CART_NO,ORDER_MEMBER_ID,TOTAL_PRICE,BN_MEMBER_ID,SELECT_OPT) values (126,'corona19',1500,'user11','콩나물국밥:콩나물추가      뚝배기:공기밥추가   ');
Insert into MMM.CART (CART_NO,ORDER_MEMBER_ID,TOTAL_PRICE,BN_MEMBER_ID,SELECT_OPT) values (128,'test11',14400,'bn01','케이크:호박케이크   사이즈:대형   생일초:숫자   ');
Insert into MMM.CART (CART_NO,ORDER_MEMBER_ID,TOTAL_PRICE,BN_MEMBER_ID,SELECT_OPT) values (130,'user000',9800,'bn01','케이크:호박케이크   사이즈:조각   생일초:숫자   ');
Insert into MMM.CART (CART_NO,ORDER_MEMBER_ID,TOTAL_PRICE,BN_MEMBER_ID,SELECT_OPT) values (132,'test11',14400,'bn01','케이크:호박케이크   사이즈:대형   생일초:숫자   ');
Insert into MMM.CART (CART_NO,ORDER_MEMBER_ID,TOTAL_PRICE,BN_MEMBER_ID,SELECT_OPT) values (134,'corona19',8300,'bn01','케이크:당근케이크   사이즈:조각   생일초:숫자   ');
Insert into MMM.CART (CART_NO,ORDER_MEMBER_ID,TOTAL_PRICE,BN_MEMBER_ID,SELECT_OPT) values (136,'BusBang',12300,'bn02','피자:닭고기피자   크림:단호박크림   ');
Insert into MMM.CART (CART_NO,ORDER_MEMBER_ID,TOTAL_PRICE,BN_MEMBER_ID,SELECT_OPT) values (138,'toto2219',8300,'bn01','케이크:당근케이크   사이즈:조각   생일초:숫자   ');
Insert into MMM.CART (CART_NO,ORDER_MEMBER_ID,TOTAL_PRICE,BN_MEMBER_ID,SELECT_OPT) values (142,'test11',11600,'bn02','피자:닭고기피자   크림:고구마크림   ');
Insert into MMM.CART (CART_NO,ORDER_MEMBER_ID,TOTAL_PRICE,BN_MEMBER_ID,SELECT_OPT) values (146,'asdf1',9800,'bn01','케이크:호박케이크   사이즈:조각   생일초:숫자   ');
REM INSERTING into MMM.DOG
SET DEFINE OFF;
Insert into MMM.DOG (DOG_ID,DOG_MEMBER_ID,VARIETY,AGE,DOG_GENDER,DOG_IMG,DOG_BOOL,DOG_NAME) values ('dog1','bn01','말티즈',1,'M','dog1.jpg',0,'댕댕이');
Insert into MMM.DOG (DOG_ID,DOG_MEMBER_ID,VARIETY,AGE,DOG_GENDER,DOG_IMG,DOG_BOOL,DOG_NAME) values ('강지이름','user01','null/',1,null,'2017-10-11_11.png',0,'댕멍이');
Insert into MMM.DOG (DOG_ID,DOG_MEMBER_ID,VARIETY,AGE,DOG_GENDER,DOG_IMG,DOG_BOOL,DOG_NAME) values ('gg','bhmklnj63','null/',1,null,'noDogImg.png',0,'gg');
Insert into MMM.DOG (DOG_ID,DOG_MEMBER_ID,VARIETY,AGE,DOG_GENDER,DOG_IMG,DOG_BOOL,DOG_NAME) values ('eee','bhmklnj63','null/',1,null,'noDogImg.png',0,'www');
Insert into MMM.DOG (DOG_ID,DOG_MEMBER_ID,VARIETY,AGE,DOG_GENDER,DOG_IMG,DOG_BOOL,DOG_NAME) values ('www','bhmklnj63','null/',1,null,'noDogImg.png',0,'gg');
Insert into MMM.DOG (DOG_ID,DOG_MEMBER_ID,VARIETY,AGE,DOG_GENDER,DOG_IMG,DOG_BOOL,DOG_NAME) values ('qwhcdvjh','user04','소형견/사모예드',12,'w','shutterstock_29291741013.jpg',0,'댕댕이');
Insert into MMM.DOG (DOG_ID,DOG_MEMBER_ID,VARIETY,AGE,DOG_GENDER,DOG_IMG,DOG_BOOL,DOG_NAME) values ('asdf','BusBang','null/',22,'w','고양이2.jpg',0,'고양이가좋아');
Insert into MMM.DOG (DOG_ID,DOG_MEMBER_ID,VARIETY,AGE,DOG_GENDER,DOG_IMG,DOG_BOOL,DOG_NAME) values ('gg12','testmember','대형견/교교',11,'w','noDogImg.png',0,'딩딩');
Insert into MMM.DOG (DOG_ID,DOG_MEMBER_ID,VARIETY,AGE,DOG_GENDER,DOG_IMG,DOG_BOOL,DOG_NAME) values ('rwrwr','testmember','중형견/시바',11,'m','noDogImg.png',0,'지지');
Insert into MMM.DOG (DOG_ID,DOG_MEMBER_ID,VARIETY,AGE,DOG_GENDER,DOG_IMG,DOG_BOOL,DOG_NAME) values ('wwee','testmember','대형견/시츄',11,'m','noDogImg.png',0,'다다');
Insert into MMM.DOG (DOG_ID,DOG_MEMBER_ID,VARIETY,AGE,DOG_GENDER,DOG_IMG,DOG_BOOL,DOG_NAME) values ('eeeee','testmember','대형견/시바',11,'m','noDogImg.png',0,'바부');
Insert into MMM.DOG (DOG_ID,DOG_MEMBER_ID,VARIETY,AGE,DOG_GENDER,DOG_IMG,DOG_BOOL,DOG_NAME) values ('wwww','testmember','중형견/시바',22,'m','noDogImg.png',0,'댕댕');
Insert into MMM.DOG (DOG_ID,DOG_MEMBER_ID,VARIETY,AGE,DOG_GENDER,DOG_IMG,DOG_BOOL,DOG_NAME) values ('erwr1','testmember','소형견/시바',11,'m','noDogImg.png',0,'딩딩');
Insert into MMM.DOG (DOG_ID,DOG_MEMBER_ID,VARIETY,AGE,DOG_GENDER,DOG_IMG,DOG_BOOL,DOG_NAME) values ('yong','gogosing','중형견/사모',10,'m','Koala.jpg',0,'호호');
Insert into MMM.DOG (DOG_ID,DOG_MEMBER_ID,VARIETY,AGE,DOG_GENDER,DOG_IMG,DOG_BOOL,DOG_NAME) values ('sjkbjkl','real','대형견/사모예드',12,'w','shutterstock_29291741011.jpg',0,'댕댕이');
Insert into MMM.DOG (DOG_ID,DOG_MEMBER_ID,VARIETY,AGE,DOG_GENDER,DOG_IMG,DOG_BOOL,DOG_NAME) values ('erer2','member','대형견/으으렁',2,'w','멍멍이.jpg',0,'수지개');
Insert into MMM.DOG (DOG_ID,DOG_MEMBER_ID,VARIETY,AGE,DOG_GENDER,DOG_IMG,DOG_BOOL,DOG_NAME) values ('fdf22','member','대형견/으으렁',2,'w','멍멍이.jpg',0,'솔솔이');
Insert into MMM.DOG (DOG_ID,DOG_MEMBER_ID,VARIETY,AGE,DOG_GENDER,DOG_IMG,DOG_BOOL,DOG_NAME) values ('yong96','qwer123','대형견/사모',10,'m','shutterstock_2929174104.jpg',0,'둥둥이');
Insert into MMM.DOG (DOG_ID,DOG_MEMBER_ID,VARIETY,AGE,DOG_GENDER,DOG_IMG,DOG_BOOL,DOG_NAME) values ('yongjun96','qwer123','중형견/사모예',10,'m','shutterstock_2929174105.jpg',0,'둥이');
Insert into MMM.DOG (DOG_ID,DOG_MEMBER_ID,VARIETY,AGE,DOG_GENDER,DOG_IMG,DOG_BOOL,DOG_NAME) values ('yongjun96k','qwer123','중형견/사모',15,'m','20180422_174412447_349.jpg',0,'둥둥이이이이');
Insert into MMM.DOG (DOG_ID,DOG_MEMBER_ID,VARIETY,AGE,DOG_GENDER,DOG_IMG,DOG_BOOL,DOG_NAME) values ('dfjkldsfj','newbe','소형견/시츄',21,null,'20180422_174814411_4.jpg',0,'딩딩이');
Insert into MMM.DOG (DOG_ID,DOG_MEMBER_ID,VARIETY,AGE,DOG_GENDER,DOG_IMG,DOG_BOOL,DOG_NAME) values ('fdsfsaf','newbe','중형견/으르렁',1,null,'20180422_174924429_849.jpg',0,'동동이');
Insert into MMM.DOG (DOG_ID,DOG_MEMBER_ID,VARIETY,AGE,DOG_GENDER,DOG_IMG,DOG_BOOL,DOG_NAME) values ('qazx','danji70','대형견/사모예드',2,'w','shutterstock_29291741012.jpg',0,'까꿍');
Insert into MMM.DOG (DOG_ID,DOG_MEMBER_ID,VARIETY,AGE,DOG_GENDER,DOG_IMG,DOG_BOOL,DOG_NAME) values ('qcxz1','danji70','중형견/하이',3,'m','images.jpg',0,'꿍까');
Insert into MMM.DOG (DOG_ID,DOG_MEMBER_ID,VARIETY,AGE,DOG_GENDER,DOG_IMG,DOG_BOOL,DOG_NAME) values ('xcvjhxv','adminsemi','중형견/하이',1,'m','shutterstock_29291741013.jpg',0,'댕댕이');
Insert into MMM.DOG (DOG_ID,DOG_MEMBER_ID,VARIETY,AGE,DOG_GENDER,DOG_IMG,DOG_BOOL,DOG_NAME) values ('fe0292','jojoimg','소형견/시츄',2,'m','dog.jpg',0,'둥이');
Insert into MMM.DOG (DOG_ID,DOG_MEMBER_ID,VARIETY,AGE,DOG_GENDER,DOG_IMG,DOG_BOOL,DOG_NAME) values ('edfef','jojoimg','소형견/견',1,'w','noDogImg.png',0,'시바');
Insert into MMM.DOG (DOG_ID,DOG_MEMBER_ID,VARIETY,AGE,DOG_GENDER,DOG_IMG,DOG_BOOL,DOG_NAME) values ('gggg','jojoimg','소형견/1',1,'m','20180422_174158873_108.jpg',0,'디디');
Insert into MMM.DOG (DOG_ID,DOG_MEMBER_ID,VARIETY,AGE,DOG_GENDER,DOG_IMG,DOG_BOOL,DOG_NAME) values ('yong96jlkjl','user01','대형견/',12,'m','shutterstock_29291741014.jpg',0,'댕댕이');
Insert into MMM.DOG (DOG_ID,DOG_MEMBER_ID,VARIETY,AGE,DOG_GENDER,DOG_IMG,DOG_BOOL,DOG_NAME) values ('ere11','test01','중형견/시바',1,'m','멍멍이13.jpg',0,'빙구');
Insert into MMM.DOG (DOG_ID,DOG_MEMBER_ID,VARIETY,AGE,DOG_GENDER,DOG_IMG,DOG_BOOL,DOG_NAME) values ('1234564','BusBang','null/',22,null,'고양2.jpg',0,'고양이');
Insert into MMM.DOG (DOG_ID,DOG_MEMBER_ID,VARIETY,AGE,DOG_GENDER,DOG_IMG,DOG_BOOL,DOG_NAME) values ('1234','toto2219','소형견/토이푸들',10,'w','울애깅.png',0,'안부티');
Insert into MMM.DOG (DOG_ID,DOG_MEMBER_ID,VARIETY,AGE,DOG_GENDER,DOG_IMG,DOG_BOOL,DOG_NAME) values ('asdf1232s','nongbu1','중형견/웰시코기',15,'m','옥수수.jpg',0,'김민수씨');
Insert into MMM.DOG (DOG_ID,DOG_MEMBER_ID,VARIETY,AGE,DOG_GENDER,DOG_IMG,DOG_BOOL,DOG_NAME) values ('fwfw12','test11','중형견/시츄',12,'m','shutterstock_2929174103.jpg',0,'감감');
Insert into MMM.DOG (DOG_ID,DOG_MEMBER_ID,VARIETY,AGE,DOG_GENDER,DOG_IMG,DOG_BOOL,DOG_NAME) values ('0100101010','user0707','대형견/',38,'m','15801.jpg',0,'산적');
Insert into MMM.DOG (DOG_ID,DOG_MEMBER_ID,VARIETY,AGE,DOG_GENDER,DOG_IMG,DOG_BOOL,DOG_NAME) values ('8493292','corona19','소형견/ㅁㄴㅇ',2,'m','noDogImg.png',0,'나나');
Insert into MMM.DOG (DOG_ID,DOG_MEMBER_ID,VARIETY,AGE,DOG_GENDER,DOG_IMG,DOG_BOOL,DOG_NAME) values ('123123123','id011','중형견/오십견',38,'w','강아지.jpg',0,'내강아지');
Insert into MMM.DOG (DOG_ID,DOG_MEMBER_ID,VARIETY,AGE,DOG_GENDER,DOG_IMG,DOG_BOOL,DOG_NAME) values ('1231313213213','user06','중형견/',12,'w','아이유1위사진.jpg',0,'강아지');
Insert into MMM.DOG (DOG_ID,DOG_MEMBER_ID,VARIETY,AGE,DOG_GENDER,DOG_IMG,DOG_BOOL,DOG_NAME) values ('124qwr1251','user01','중형견/시바견',7,'m','1d7681d48a6e825f33a7589000651705a33b4b06f3322735474f5278b1fae7ce1a4180e3deda02e70e428c0c34f03b6c071522e08f1022998a369ed41a08aa9512f7bc2492a28e512af0ba11e2184d042437a524e68b7aa94cf245618e34192078a17c271b3d2a0f99907a411.jpg',0,'시바시바');
Insert into MMM.DOG (DOG_ID,DOG_MEMBER_ID,VARIETY,AGE,DOG_GENDER,DOG_IMG,DOG_BOOL,DOG_NAME) values ('sfsf123k','asdf1','소형견/시츄',7,'m','hamburger.jpg',0,'고구마');
Insert into MMM.DOG (DOG_ID,DOG_MEMBER_ID,VARIETY,AGE,DOG_GENDER,DOG_IMG,DOG_BOOL,DOG_NAME) values ('sdfasdf','NeoGoolMan','소형견/',12,'w','너굴맨.jpg',0,'너굴맨');
Insert into MMM.DOG (DOG_ID,DOG_MEMBER_ID,VARIETY,AGE,DOG_GENDER,DOG_IMG,DOG_BOOL,DOG_NAME) values ('111111','yooollla','대형견/션오프리',30,'m','sean-opry-next-spring-sean-pry-suit-2133368310.jpg',0,'오뿌리');
REM INSERTING into MMM.FNA
SET DEFINE OFF;
Insert into MMM.FNA (QNA_NO,QUESTION,ANSWER) values (1,'개인회원과 사업자회원 아이디 통합가능한가요?','현재 개인회원과 사업자회원은 아이디가 각각 관리됩니다');
Insert into MMM.FNA (QNA_NO,QUESTION,ANSWER) values (2,'중고장터에는 물건을 최대 몇개까지 올릴 수 있나요?','개수 제한 없습니다. 추후에 제한을 둘 예정입니다.');
Insert into MMM.FNA (QNA_NO,QUESTION,ANSWER) values (3,'강아지 사진 외에는 다른 동물 사진은 안되나요?','네 이 사이트는 강아지를 위한 사이트를 지향하고 있기때문에 다른 동물은 제외하고 있습니다.');
Insert into MMM.FNA (QNA_NO,QUESTION,ANSWER) values (4,'개인회원으로 가입했는지 사업자회원으로 가입했는지 기억이 나지 않습니다.','메일문의바랍니다:) semimmmpjt@gmail.com');
REM INSERTING into MMM.MEMBER
SET DEFINE OFF;
Insert into MMM.MEMBER (MEMBER_ID,MEMBER_PW,MEMBER_NICKNAME,MEMBER_NAME,MEMBER_BIRTH,PHONE,ADDR,ENROLL_DATE,MEMBER_LEVEL,PROFILE_IMG) values ('bn01','1234','베니케이크','베니',to_date('96/11/29','RR/MM/DD'),'01011112222','주소01//',to_date('20/05/13','RR/MM/DD'),2,'images1.jpg');
Insert into MMM.MEMBER (MEMBER_ID,MEMBER_PW,MEMBER_NICKNAME,MEMBER_NAME,MEMBER_BIRTH,PHONE,ADDR,ENROLL_DATE,MEMBER_LEVEL,PROFILE_IMG) values ('user01','1234','병ho','김병호',to_date('99/11/22','RR/MM/DD'),'01039392020','서울//a',to_date('20/05/13','RR/MM/DD'),1,'dust_bad1.png');
Insert into MMM.MEMBER (MEMBER_ID,MEMBER_PW,MEMBER_NICKNAME,MEMBER_NAME,MEMBER_BIRTH,PHONE,ADDR,ENROLL_DATE,MEMBER_LEVEL,PROFILE_IMG) values ('bn02','qwer1234!','해피팡팡수제간식','해피팡팡',to_date('90/11/22','RR/MM/DD'),'01033334444','주소02//',to_date('20/05/13','RR/MM/DD'),2,'20180422_174516697_101.jpg');
Insert into MMM.MEMBER (MEMBER_ID,MEMBER_PW,MEMBER_NICKNAME,MEMBER_NAME,MEMBER_BIRTH,PHONE,ADDR,ENROLL_DATE,MEMBER_LEVEL,PROFILE_IMG) values ('user02','c13zpdl6024!','하이루루루루','김병호',to_date('95/02/02','RR/MM/DD'),'01033333333','경기 성남시 분당구 대왕판교로606번길 45/우리집은존나넓다',to_date('20/05/14','RR/MM/DD'),1,null);
Insert into MMM.MEMBER (MEMBER_ID,MEMBER_PW,MEMBER_NICKNAME,MEMBER_NAME,MEMBER_BIRTH,PHONE,ADDR,ENROLL_DATE,MEMBER_LEVEL,PROFILE_IMG) values ('bhmklnj62','qwer1234!','하하','김병호',to_date('95/02/02','RR/MM/DD'),'01033333333','경기 성남시 분당구 대왕판교로606번길 45/11',to_date('20/05/14','RR/MM/DD'),1,null);
Insert into MMM.MEMBER (MEMBER_ID,MEMBER_PW,MEMBER_NICKNAME,MEMBER_NAME,MEMBER_BIRTH,PHONE,ADDR,ENROLL_DATE,MEMBER_LEVEL,PROFILE_IMG) values ('user03','c13zpdl6024!','박박','김김',to_date('99/02/02','RR/MM/DD'),'01013131313','서울 강동구 고덕로23길 5/111',to_date('20/05/14','RR/MM/DD'),1,null);
Insert into MMM.MEMBER (MEMBER_ID,MEMBER_PW,MEMBER_NICKNAME,MEMBER_NAME,MEMBER_BIRTH,PHONE,ADDR,ENROLL_DATE,MEMBER_LEVEL,PROFILE_IMG) values ('user04','qwer1234!','소소','김김',to_date('94/02/02','RR/MM/DD'),'01022223333','서울 마포구 월드컵로28길 12-1/33/',to_date('20/05/14','RR/MM/DD'),1,'images.jpg');
Insert into MMM.MEMBER (MEMBER_ID,MEMBER_PW,MEMBER_NICKNAME,MEMBER_NAME,MEMBER_BIRTH,PHONE,ADDR,ENROLL_DATE,MEMBER_LEVEL,PROFILE_IMG) values ('user05','c13zpdl6024!','박박후','김김',to_date('92/02/01','RR/MM/DD'),'01011111111','경기 성남시 분당구 대왕판교로606번길 45/1111',to_date('20/05/14','RR/MM/DD'),1,null);
Insert into MMM.MEMBER (MEMBER_ID,MEMBER_PW,MEMBER_NICKNAME,MEMBER_NAME,MEMBER_BIRTH,PHONE,ADDR,ENROLL_DATE,MEMBER_LEVEL,PROFILE_IMG) values ('user07','c13zpdl6024!','박박11','김김',to_date('29/04/01','RR/MM/DD'),'01033333333','경기 성남시 분당구 판교역로 지하 160/11',to_date('20/05/14','RR/MM/DD'),1,null);
Insert into MMM.MEMBER (MEMBER_ID,MEMBER_PW,MEMBER_NICKNAME,MEMBER_NAME,MEMBER_BIRTH,PHONE,ADDR,ENROLL_DATE,MEMBER_LEVEL,PROFILE_IMG) values ('1','1','0','0',to_date('20/05/15','RR/MM/DD'),'0','1',to_date('20/05/15','RR/MM/DD'),1,null);
Insert into MMM.MEMBER (MEMBER_ID,MEMBER_PW,MEMBER_NICKNAME,MEMBER_NAME,MEMBER_BIRTH,PHONE,ADDR,ENROLL_DATE,MEMBER_LEVEL,PROFILE_IMG) values ('bhmklnj63','qwer1234!','고고고gg','기기기',to_date('90/10/10','RR/MM/DD'),'01011113333','전북 전주시 완산구 간납로 1/전북 전주시 완산구 풍남동3가 26-21/하면서',to_date('20/05/18','RR/MM/DD'),1,null);
Insert into MMM.MEMBER (MEMBER_ID,MEMBER_PW,MEMBER_NICKNAME,MEMBER_NAME,MEMBER_BIRTH,PHONE,ADDR,ENROLL_DATE,MEMBER_LEVEL,PROFILE_IMG) values ('gogosing','qwer1234!1','병지g','고고고',to_date('92/01/01','RR/MM/DD'),'01011111111','경기 성남시 분당구 대왕판교로606번길 45/경기 성남시 분당구 삼평동 653/호호후후',to_date('20/05/18','RR/MM/DD'),1,'shutterstock_2929174101.jpg');
Insert into MMM.MEMBER (MEMBER_ID,MEMBER_PW,MEMBER_NICKNAME,MEMBER_NAME,MEMBER_BIRTH,PHONE,ADDR,ENROLL_DATE,MEMBER_LEVEL,PROFILE_IMG) values ('gogosing2','qwer1234!','구구구가두','기기',to_date('92/01/01','RR/MM/DD'),'0102222111','서울 영등포구 도신로 1/서울 영등포구 대림동 611/11',to_date('20/05/18','RR/MM/DD'),1,'Jellyfish.jpg');
Insert into MMM.MEMBER (MEMBER_ID,MEMBER_PW,MEMBER_NICKNAME,MEMBER_NAME,MEMBER_BIRTH,PHONE,ADDR,ENROLL_DATE,MEMBER_LEVEL,PROFILE_IMG) values ('testmember','qwer1234!','디다','김디',to_date('92/01/02','RR/MM/DD'),'01022221111','경기 여주시 점동면 점동로 574-3/경기 여주시 점동면 삼합리 689-8/우리집은 아님',to_date('20/05/19','RR/MM/DD'),1,'20180422_174652399_2415.jpg');
Insert into MMM.MEMBER (MEMBER_ID,MEMBER_PW,MEMBER_NICKNAME,MEMBER_NAME,MEMBER_BIRTH,PHONE,ADDR,ENROLL_DATE,MEMBER_LEVEL,PROFILE_IMG) values ('member','qwer1234!','기기','진진',to_date('92/01/01','RR/MM/DD'),'01013131313','서울 강남구 강남대로 238/서울 강남구 도곡동 953-11/11',to_date('20/05/19','RR/MM/DD'),1,'20180422_174601509_281.jpg');
Insert into MMM.MEMBER (MEMBER_ID,MEMBER_PW,MEMBER_NICKNAME,MEMBER_NAME,MEMBER_BIRTH,PHONE,ADDR,ENROLL_DATE,MEMBER_LEVEL,PROFILE_IMG) values ('qwer123','qwer!@#123','김용준임','김용준',to_date('96/04/26','RR/MM/DD'),'01091884917','대전 동구 판교1길 3/대전 동구 판암동 497-7/1-1',to_date('20/05/19','RR/MM/DD'),1,'interface.png');
Insert into MMM.MEMBER (MEMBER_ID,MEMBER_PW,MEMBER_NICKNAME,MEMBER_NAME,MEMBER_BIRTH,PHONE,ADDR,ENROLL_DATE,MEMBER_LEVEL,PROFILE_IMG) values ('admin','adminisrator','admin','admin',to_date('20/05/19','RR/MM/DD'),'01000000000','관리자//',to_date('20/05/19','RR/MM/DD'),0,'ac934c07f11b151207252525275e26db.png');
Insert into MMM.MEMBER (MEMBER_ID,MEMBER_PW,MEMBER_NICKNAME,MEMBER_NAME,MEMBER_BIRTH,PHONE,ADDR,ENROLL_DATE,MEMBER_LEVEL,PROFILE_IMG) values ('newbe','qwer1234!','구구귀기','가가',to_date('92/01/01','RR/MM/DD'),'01011111111','서울 강남구 강남대로 238/서울 강남구 도곡동 953-11/니집',to_date('20/05/19','RR/MM/DD'),1,'interface.png');
Insert into MMM.MEMBER (MEMBER_ID,MEMBER_PW,MEMBER_NICKNAME,MEMBER_NAME,MEMBER_BIRTH,PHONE,ADDR,ENROLL_DATE,MEMBER_LEVEL,PROFILE_IMG) values ('real','qwer1234!','구규','진진',to_date('91/01/01','RR/MM/DD'),'01023232323','서울 강남구 강남대로 238/서울 강남구 도곡동 953-11/1111',to_date('20/05/20','RR/MM/DD'),1,'interface.png');
Insert into MMM.MEMBER (MEMBER_ID,MEMBER_PW,MEMBER_NICKNAME,MEMBER_NAME,MEMBER_BIRTH,PHONE,ADDR,ENROLL_DATE,MEMBER_LEVEL,PROFILE_IMG) values ('bn03','qwer1234!','댕댕이플래닛','댕플',to_date('15/12/31','RR/MM/DD'),'01012341234','서울 강남구 밤고개로 76-2/서울 강남구 수서동 728/웰컴파일',to_date('20/05/20','RR/MM/DD'),2,'20180422_174910053_7221.jpg');
Insert into MMM.MEMBER (MEMBER_ID,MEMBER_PW,MEMBER_NICKNAME,MEMBER_NAME,MEMBER_BIRTH,PHONE,ADDR,ENROLL_DATE,MEMBER_LEVEL,PROFILE_IMG) values ('danji70','qwer!1234','닉네임','김용준',to_date('96/04/26','RR/MM/DD'),'01091884917','대전 동구 판교1길 3/대전 동구 판암동 497-7/ㅎㅇ',to_date('20/05/20','RR/MM/DD'),1,'qwer.PNG');
Insert into MMM.MEMBER (MEMBER_ID,MEMBER_PW,MEMBER_NICKNAME,MEMBER_NAME,MEMBER_BIRTH,PHONE,ADDR,ENROLL_DATE,MEMBER_LEVEL,PROFILE_IMG) values ('adminsemi','qwer!1234','adminsemi','김용준',to_date('90/01/01','RR/MM/DD'),'01077777777','서울 강남구 강남대로 238/서울 강남구 도곡동 953-11/admin',to_date('20/05/21','RR/MM/DD'),1,'images.jpg');
Insert into MMM.MEMBER (MEMBER_ID,MEMBER_PW,MEMBER_NICKNAME,MEMBER_NAME,MEMBER_BIRTH,PHONE,ADDR,ENROLL_DATE,MEMBER_LEVEL,PROFILE_IMG) values ('jojoimg','qwer1234!','멜로는없어','사랑이란',to_date('92/01/02','RR/MM/DD'),'01027279797','서울 강남구 강남대로98길 17/서울 강남구 역삼동 620-9/우리집임',to_date('20/05/21','RR/MM/DD'),1,'치킨애기 기도짤.jpg');
Insert into MMM.MEMBER (MEMBER_ID,MEMBER_PW,MEMBER_NICKNAME,MEMBER_NAME,MEMBER_BIRTH,PHONE,ADDR,ENROLL_DATE,MEMBER_LEVEL,PROFILE_IMG) values ('test01','qwer1234!','방구','용구',to_date('92/01/01','RR/MM/DD'),'01022331122','경기 성남시 분당구 대왕판교로606번길 45/경기 성남시 분당구 삼평동 653/111',to_date('20/05/21','RR/MM/DD'),1,'sudal.jpg');
Insert into MMM.MEMBER (MEMBER_ID,MEMBER_PW,MEMBER_NICKNAME,MEMBER_NAME,MEMBER_BIRTH,PHONE,ADDR,ENROLL_DATE,MEMBER_LEVEL,PROFILE_IMG) values ('BusBang','qlalf123!','방버스','방버스',to_date('94/08/16','RR/MM/DD'),'01022222222','서울 강남구 테헤란로13길 52/서울 강남구 역삼동 632/123',to_date('20/05/21','RR/MM/DD'),1,'고양이.jpg');
Insert into MMM.MEMBER (MEMBER_ID,MEMBER_PW,MEMBER_NICKNAME,MEMBER_NAME,MEMBER_BIRTH,PHONE,ADDR,ENROLL_DATE,MEMBER_LEVEL,PROFILE_IMG) values ('id01','qwer@1234','사업자샵f','사업자다',to_date('19/10/31','RR/MM/DD'),'01022221111','서울 영등포구 도신로 1/서울 영등포구 대림동 611/영등포동',to_date('20/05/21','RR/MM/DD'),2,'farmer.png');
Insert into MMM.MEMBER (MEMBER_ID,MEMBER_PW,MEMBER_NICKNAME,MEMBER_NAME,MEMBER_BIRTH,PHONE,ADDR,ENROLL_DATE,MEMBER_LEVEL,PROFILE_IMG) values ('user11','qwer12341234!','방샵','방방방',to_date('21/03/02','RR/MM/DD'),'01022221111','서울 강남구 강남대로 238/서울 강남구 도곡동 953-11/엘레베이터개극혐',to_date('20/05/21','RR/MM/DD'),2,'thumb_d_97EEEC2FC54D14B6C66BF2009DD4C949.jpg');
Insert into MMM.MEMBER (MEMBER_ID,MEMBER_PW,MEMBER_NICKNAME,MEMBER_NAME,MEMBER_BIRTH,PHONE,ADDR,ENROLL_DATE,MEMBER_LEVEL,PROFILE_IMG) values ('toto2219','ekgusl1234!','혀니','혀니',to_date('92/06/10','RR/MM/DD'),'01066669907','서울 영등포구 선유동2로 57/서울 영등포구 양평동4가 2/ㅇㅇ',to_date('20/05/21','RR/MM/DD'),1,'KakaoTalk_20200225_145645102.jpg');
Insert into MMM.MEMBER (MEMBER_ID,MEMBER_PW,MEMBER_NICKNAME,MEMBER_NAME,MEMBER_BIRTH,PHONE,ADDR,ENROLL_DATE,MEMBER_LEVEL,PROFILE_IMG) values ('test11','qwer1234!','수수','기기',to_date('91/01/01','RR/MM/DD'),'01022223333','경기 성남시 분당구 대왕판교로606번길 45/경기 성남시 분당구 삼평동 653/우리집',to_date('20/05/21','RR/MM/DD'),1,'qwer1.PNG');
Insert into MMM.MEMBER (MEMBER_ID,MEMBER_PW,MEMBER_NICKNAME,MEMBER_NAME,MEMBER_BIRTH,PHONE,ADDR,ENROLL_DATE,MEMBER_LEVEL,PROFILE_IMG) values ('user0707','dpwlsl1!','유저공칠공칠','유저공칠공칠',to_date('99/09/09','RR/MM/DD'),'01033333333','서울 강남구 양재대로 333/서울 강남구 개포동 1163-8/서울',to_date('20/05/21','RR/MM/DD'),1,'15801.jpg');
Insert into MMM.MEMBER (MEMBER_ID,MEMBER_PW,MEMBER_NICKNAME,MEMBER_NAME,MEMBER_BIRTH,PHONE,ADDR,ENROLL_DATE,MEMBER_LEVEL,PROFILE_IMG) values ('1211','1','가가','가가',to_date('00/01/01','RR/MM/DD'),'01111111111','인천 서구 로봇랜드로 33/인천 서구 원창동 333-6/ㅗㅗ',to_date('20/05/21','RR/MM/DD'),1,'interface.png');
Insert into MMM.MEMBER (MEMBER_ID,MEMBER_PW,MEMBER_NICKNAME,MEMBER_NAME,MEMBER_BIRTH,PHONE,ADDR,ENROLL_DATE,MEMBER_LEVEL,PROFILE_IMG) values ('user1','Asdf1234!','이름','이름',to_date('90/07/14','RR/MM/DD'),'01045671234','서울 영등포구 국회대로53길 20/서울 영등포구 당산동 121-22/ㅋㅋ',to_date('20/05/21','RR/MM/DD'),1,'interface.png');
Insert into MMM.MEMBER (MEMBER_ID,MEMBER_PW,MEMBER_NICKNAME,MEMBER_NAME,MEMBER_BIRTH,PHONE,ADDR,ENROLL_DATE,MEMBER_LEVEL,PROFILE_IMG) values ('tjehdrjs1230','rmrwls23!!!','동거이','동건이',to_date('94/01/09','RR/MM/DD'),'01015611561','대전 유성구 대정북로 24/대전 유성구 대정동 302-2/ㅇㄴㅁ',to_date('20/05/21','RR/MM/DD'),3,'interface.png');
Insert into MMM.MEMBER (MEMBER_ID,MEMBER_PW,MEMBER_NICKNAME,MEMBER_NAME,MEMBER_BIRTH,PHONE,ADDR,ENROLL_DATE,MEMBER_LEVEL,PROFILE_IMG) values ('user011','qwer1234!!','테스트011','테스트',to_date('10/11/11','RR/MM/DD'),'01001010101','서울 강서구 마곡중앙로 33/서울 강서구 마곡동 750/ㅁ',to_date('20/05/21','RR/MM/DD'),1,'interface.png');
Insert into MMM.MEMBER (MEMBER_ID,MEMBER_PW,MEMBER_NICKNAME,MEMBER_NAME,MEMBER_BIRTH,PHONE,ADDR,ENROLL_DATE,MEMBER_LEVEL,PROFILE_IMG) values ('testID','!a123456','텟트요','테슷트아이디',to_date('99/12/12','RR/MM/DD'),'01056781234','서울 강남구 테헤란로13길 52/서울 강남구 역삼동 632/ㅎㅇ',to_date('20/05/21','RR/MM/DD'),1,'interface.png');
Insert into MMM.MEMBER (MEMBER_ID,MEMBER_PW,MEMBER_NICKNAME,MEMBER_NAME,MEMBER_BIRTH,PHONE,ADDR,ENROLL_DATE,MEMBER_LEVEL,PROFILE_IMG) values ('Mmmm','!a1234567','MMM','엠엠엠',to_date('20/05/21','RR/MM/DD'),'0101111111','서울 강남구 테헤란로13길 52/서울 강남구 역삼동 632/123',to_date('20/05/21','RR/MM/DD'),1,'interface.png');
Insert into MMM.MEMBER (MEMBER_ID,MEMBER_PW,MEMBER_NICKNAME,MEMBER_NAME,MEMBER_BIRTH,PHONE,ADDR,ENROLL_DATE,MEMBER_LEVEL,PROFILE_IMG) values ('user06','@@123qwe','asd','유저이',to_date('22/10/01','RR/MM/DD'),'01011111111','서울 동대문구 답십리로 3/서울 동대문구 전농동 621-2/집',to_date('20/05/21','RR/MM/DD'),1,'슬의생.jpg');
Insert into MMM.MEMBER (MEMBER_ID,MEMBER_PW,MEMBER_NICKNAME,MEMBER_NAME,MEMBER_BIRTH,PHONE,ADDR,ENROLL_DATE,MEMBER_LEVEL,PROFILE_IMG) values ('user111','USER123!','하하하허','하하',to_date('96/11/01','RR/MM/DD'),'01011111111','서울 강남구 강남대로 238/서울 강남구 도곡동 953-11/ㅁㄹㅇㅁ',to_date('20/05/21','RR/MM/DD'),1,'interface.png');
Insert into MMM.MEMBER (MEMBER_ID,MEMBER_PW,MEMBER_NICKNAME,MEMBER_NAME,MEMBER_BIRTH,PHONE,ADDR,ENROLL_DATE,MEMBER_LEVEL,PROFILE_IMG) values ('CatLover','qlalf123!','캣러버','캣러버',to_date('96/02/02','RR/MM/DD'),'01153451223','경기 성남시 분당구 대왕판교로 477/경기 성남시 분당구 판교동 649/233',to_date('20/05/21','RR/MM/DD'),2,'고양2.jpg');
Insert into MMM.MEMBER (MEMBER_ID,MEMBER_PW,MEMBER_NICKNAME,MEMBER_NAME,MEMBER_BIRTH,PHONE,ADDR,ENROLL_DATE,MEMBER_LEVEL,PROFILE_IMG) values ('user000','user123!','하하허','하하',to_date('99/09/09','RR/MM/DD'),'01011111111','서울 강남구 강남대로 238/서울 강남구 도곡동 953-11/ㅇㅁㄹㅇ',to_date('20/05/21','RR/MM/DD'),1,'naver.jpg');
Insert into MMM.MEMBER (MEMBER_ID,MEMBER_PW,MEMBER_NICKNAME,MEMBER_NAME,MEMBER_BIRTH,PHONE,ADDR,ENROLL_DATE,MEMBER_LEVEL,PROFILE_IMG) values ('corona19','omnia903@','코로나','코로나1123',to_date('00/01/01','RR/MM/DD'),'01000000000','서울 강남구 강남대로 238/서울 강남구 도곡동 953-11/ㅁㄴㅇ',to_date('20/05/21','RR/MM/DD'),1,'interface.png');
Insert into MMM.MEMBER (MEMBER_ID,MEMBER_PW,MEMBER_NICKNAME,MEMBER_NAME,MEMBER_BIRTH,PHONE,ADDR,ENROLL_DATE,MEMBER_LEVEL,PROFILE_IMG) values ('id011','qwer@1234','닉네임1','내이름',to_date('60/10/10','RR/MM/DD'),'01022221111','서울 영등포구 도신로 1/서울 영등포구 대림동 611/영등포동',to_date('20/05/21','RR/MM/DD'),1,'interface.png');
Insert into MMM.MEMBER (MEMBER_ID,MEMBER_PW,MEMBER_NICKNAME,MEMBER_NAME,MEMBER_BIRTH,PHONE,ADDR,ENROLL_DATE,MEMBER_LEVEL,PROFILE_IMG) values ('MMMM','!aaa1234567','붕붕','붕붕',to_date('20/05/21','RR/MM/DD'),'0101111111','서울 영등포구 가마산로 311/서울 영등포구 대림동 778-46/123',to_date('20/05/21','RR/MM/DD'),2,null);
Insert into MMM.MEMBER (MEMBER_ID,MEMBER_PW,MEMBER_NICKNAME,MEMBER_NAME,MEMBER_BIRTH,PHONE,ADDR,ENROLL_DATE,MEMBER_LEVEL,PROFILE_IMG) values ('helloworld','@1234asdf','나는민수짝꿍','나는민수짝꿍',to_date('99/01/01','RR/MM/DD'),'01012341234','서울 강남구 테헤란로13길 52/서울 강남구 역삼동 632/19층',to_date('20/05/21','RR/MM/DD'),1,'interface.png');
Insert into MMM.MEMBER (MEMBER_ID,MEMBER_PW,MEMBER_NICKNAME,MEMBER_NAME,MEMBER_BIRTH,PHONE,ADDR,ENROLL_DATE,MEMBER_LEVEL,PROFILE_IMG) values ('nongbu1','@asdf1234','아이디까먹은민수짝꿍','나는민수짝꿍',to_date('99/01/01','RR/MM/DD'),'01012341234','서울 강남구 테헤란로13길 52/서울 강남구 역삼동 632/19층',to_date('20/05/21','RR/MM/DD'),1,'고등어.jpg');
Insert into MMM.MEMBER (MEMBER_ID,MEMBER_PW,MEMBER_NICKNAME,MEMBER_NAME,MEMBER_BIRTH,PHONE,ADDR,ENROLL_DATE,MEMBER_LEVEL,PROFILE_IMG) values ('test666','L12341234!','다다다다','다다다',to_date('95/11/23','RR/MM/DD'),'01021347112','경기 부천시 부흥로 237/경기 부천시 중동 1183/111',to_date('20/05/21','RR/MM/DD'),1,'interface.png');
Insert into MMM.MEMBER (MEMBER_ID,MEMBER_PW,MEMBER_NICKNAME,MEMBER_NAME,MEMBER_BIRTH,PHONE,ADDR,ENROLL_DATE,MEMBER_LEVEL,PROFILE_IMG) values ('ldh5271','l12341234!','테스터','테스트',to_date('19/10/21','RR/MM/DD'),'01021341234','서울 강남구 밤고개로 76-2/서울 강남구 수서동 728/ㄷㅈㄱㄷㅂㄷㅈㄱ',to_date('20/05/21','RR/MM/DD'),1,'interface.png');
Insert into MMM.MEMBER (MEMBER_ID,MEMBER_PW,MEMBER_NICKNAME,MEMBER_NAME,MEMBER_BIRTH,PHONE,ADDR,ENROLL_DATE,MEMBER_LEVEL,PROFILE_IMG) values ('asdfasdf','qwer1234!','이이잉','이뿌닝',to_date('99/05/04','RR/MM/DD'),'01022221111','서울 강남구 강남대로 238/서울 강남구 도곡동 953-11/1234',to_date('20/05/21','RR/MM/DD'),1,'interface.png');
Insert into MMM.MEMBER (MEMBER_ID,MEMBER_PW,MEMBER_NICKNAME,MEMBER_NAME,MEMBER_BIRTH,PHONE,ADDR,ENROLL_DATE,MEMBER_LEVEL,PROFILE_IMG) values ('tjehdrjs123','rmrwls23!!!','동건이','동건이',to_date('94/01/09','RR/MM/DD'),'01012311231','서울 강남구 압구정로 102/서울 강남구 신사동 527-4/ㅇㅇㅇㅇ',to_date('20/05/21','RR/MM/DD'),3,'interface.png');
Insert into MMM.MEMBER (MEMBER_ID,MEMBER_PW,MEMBER_NICKNAME,MEMBER_NAME,MEMBER_BIRTH,PHONE,ADDR,ENROLL_DATE,MEMBER_LEVEL,PROFILE_IMG) values ('tjehdrjs12','rmrwls23!!12','어어','동거',to_date('99/12/12','RR/MM/DD'),'01012311234','서울 동작구 양녕로 153-9//ㅇㅈㄴㅂ',to_date('20/05/21','RR/MM/DD'),3,'interface.png');
Insert into MMM.MEMBER (MEMBER_ID,MEMBER_PW,MEMBER_NICKNAME,MEMBER_NAME,MEMBER_BIRTH,PHONE,ADDR,ENROLL_DATE,MEMBER_LEVEL,PROFILE_IMG) values ('NeoGoolMan','sjrnfl123!','너굴맨','너굴맨',to_date('95/07/04','RR/MM/DD'),'01012341234','충남 금산군 금성면 적우실길 28/충남 금산군 금성면 마수리 30-1/',to_date('20/05/22','RR/MM/DD'),1,'너굴맨.jpg');
Insert into MMM.MEMBER (MEMBER_ID,MEMBER_PW,MEMBER_NICKNAME,MEMBER_NAME,MEMBER_BIRTH,PHONE,ADDR,ENROLL_DATE,MEMBER_LEVEL,PROFILE_IMG) values ('asdf1','qwe123!@#','하이하이','하이',to_date('00/01/01','RR/MM/DD'),'01056781234','서울 강남구 양재대로 339/서울 강남구 개포동 1164-2/ㅇㅇ',to_date('20/05/22','RR/MM/DD'),1,'interface.png');
Insert into MMM.MEMBER (MEMBER_ID,MEMBER_PW,MEMBER_NICKNAME,MEMBER_NAME,MEMBER_BIRTH,PHONE,ADDR,ENROLL_DATE,MEMBER_LEVEL,PROFILE_IMG) values ('yooollla','dbfk6767!','율율','율아',to_date('99/09/09','RR/MM/DD'),'01088881111','서울 영등포구 당산로 1/서울 영등포구 문래동3가 60-2/ㅇㅇㅇㅇ',to_date('20/05/22','RR/MM/DD'),1,'isaac-likes-sean-opry-sean-pry-blank-space-1939330259.jpg');
REM INSERTING into MMM.NOTICE
SET DEFINE OFF;
Insert into MMM.NOTICE (NOTICE_NO,NOTICE_TITLE,NOTICE_WRITER,NOTICE_CONTENT,NOTICE_DATE,NOTICE_IMGS,NOTICE_VIEW_COUNT,DOG_ID,NOTICE_DELETE_BOOL) values (136,'두번째 사진','user01','<p><img src="/sm/multiupload/20200514150552645d215c-f3bf-4cd7-b367-9989670dfd71.jpg
" title="20180422_175019576_86.jpg" style="max-width:100%;"><br style="clear:both;">&nbsp;</p>',to_date('20/05/14','RR/MM/DD'),'/sm/multiupload/20200514150552645d215c-f3bf-4cd7-b367-9989670dfd71.jpg
',0,null,1);
Insert into MMM.NOTICE (NOTICE_NO,NOTICE_TITLE,NOTICE_WRITER,NOTICE_CONTENT,NOTICE_DATE,NOTICE_IMGS,NOTICE_VIEW_COUNT,DOG_ID,NOTICE_DELETE_BOOL) values (138,'ㅍㅇㄹ피ㅏㄷㅈ퍼ㅏㅣㄷㅈ','user01','<p><img src="/sm/multiupload/202005141511050beb5640-b92e-448f-9c32-e6727cf25813.jpg
" title="20180422_174957191_842.jpg" style="max-width:100%;"><br style="clear:both;"><img src="/sm/multiupload/20200514151105c720353f-e8ae-4cd9-8679-099e2b1e242c.jpg
" title="20180422_174412447_349.jpg" style="max-width:100%;"><br style="clear:both;"><img src="/sm/multiupload/202005141511056306b134-dcbf-4315-9bbc-d8cf92dd54ca.jpg
" title="20180422_174800692_837.jpg" style="max-width:100%;"><br style="clear:both;">&nbsp;</p>',to_date('20/05/14','RR/MM/DD'),'/sm/multiupload/202005141511050beb5640-b92e-448f-9c32-e6727cf25813.jpg
',0,null,0);
Insert into MMM.NOTICE (NOTICE_NO,NOTICE_TITLE,NOTICE_WRITER,NOTICE_CONTENT,NOTICE_DATE,NOTICE_IMGS,NOTICE_VIEW_COUNT,DOG_ID,NOTICE_DELETE_BOOL) values (140,'4번째','user01','<p><img src="/sm/multiupload/20200514151120e84226a6-8c83-4fe8-b083-e753cc8f446c.jpg
" title="20180422_174652399_241.jpg" style="max-width:100%;"><br style="clear:both;">&nbsp;</p>',to_date('20/05/14','RR/MM/DD'),'/sm/multiupload/20200514151120e84226a6-8c83-4fe8-b083-e753cc8f446c.jpg
',0,null,0);
Insert into MMM.NOTICE (NOTICE_NO,NOTICE_TITLE,NOTICE_WRITER,NOTICE_CONTENT,NOTICE_DATE,NOTICE_IMGS,NOTICE_VIEW_COUNT,DOG_ID,NOTICE_DELETE_BOOL) values (142,'ㅇ찾ㅎㅈ아ㅓ하','user01','<p><img src="/sm/multiupload/2020051415113532195949-2125-4a7b-b11e-13ded23a5415.jpg
" title="20180422_174957191_842.jpg" style="max-width:100%;"><br style="clear:both;">&nbsp;</p>',to_date('20/05/14','RR/MM/DD'),'/sm/multiupload/2020051415113532195949-2125-4a7b-b11e-13ded23a5415.jpg
',0,null,0);
Insert into MMM.NOTICE (NOTICE_NO,NOTICE_TITLE,NOTICE_WRITER,NOTICE_CONTENT,NOTICE_DATE,NOTICE_IMGS,NOTICE_VIEW_COUNT,DOG_ID,NOTICE_DELETE_BOOL) values (144,'ㅕㅑㅛㅕㅑㅛ','user01','<p><img src="/sm/multiupload/20200514151145b4a4de2c-b9f5-4200-acc0-5ba50b902825.jpg
" title="20180422_174652399_241.jpg" style="max-width:100%;"><br style="clear:both;">&nbsp;</p>',to_date('20/05/14','RR/MM/DD'),'/sm/multiupload/20200514151145b4a4de2c-b9f5-4200-acc0-5ba50b902825.jpg
',0,null,0);
Insert into MMM.NOTICE (NOTICE_NO,NOTICE_TITLE,NOTICE_WRITER,NOTICE_CONTENT,NOTICE_DATE,NOTICE_IMGS,NOTICE_VIEW_COUNT,DOG_ID,NOTICE_DELETE_BOOL) values (146,'사입자임','bn01','<p><img src="/sm/multiupload/20200514151403fe931eab-1262-4f28-a9c4-90056b83e686.jpg
" title="20180422_174839106_197.jpg" style="max-width:100%;"><br style="clear:both;">&nbsp;</p>',to_date('20/05/14','RR/MM/DD'),'/sm/multiupload/20200514151403fe931eab-1262-4f28-a9c4-90056b83e686.jpg
',0,null,0);
Insert into MMM.NOTICE (NOTICE_NO,NOTICE_TITLE,NOTICE_WRITER,NOTICE_CONTENT,NOTICE_DATE,NOTICE_IMGS,NOTICE_VIEW_COUNT,DOG_ID,NOTICE_DELETE_BOOL) values (148,'파ㅓㅠㄱ저ㅏ퓨더ㅏㄱ퓨다ㅓ규퍼다ㅠ파ㅓ처ㅠㅇГ벡ℓ′뺨命채圭채엘','user01','<p><img src="/sm/multiupload/202005141553010c3c7a09-1efb-49b1-9c80-7e226d5d8d26.jpg
" title="20180422_174856071_779.jpg" style="max-width:100%;"><br style="clear:both;">&nbsp;</p>',to_date('20/05/14','RR/MM/DD'),'/sm/multiupload/202005141553010c3c7a09-1efb-49b1-9c80-7e226d5d8d26.jpg
',0,null,0);
Insert into MMM.NOTICE (NOTICE_NO,NOTICE_TITLE,NOTICE_WRITER,NOTICE_CONTENT,NOTICE_DATE,NOTICE_IMGS,NOTICE_VIEW_COUNT,DOG_ID,NOTICE_DELETE_BOOL) values (156,'ㅏㅓ;ㅓㅏㅣ','user01','<p><img src="/sm/multiupload/202005141613037493ca91-1bb1-4d64-93e7-66df9b2a4d9b.jpg
" title="20180422_174652399_241.jpg" style="max-width:100%;"><br style="clear:both;">&nbsp;</p>',to_date('20/05/14','RR/MM/DD'),'/sm/multiupload/202005141613037493ca91-1bb1-4d64-93e7-66df9b2a4d9b.jpg
',0,null,0);
Insert into MMM.NOTICE (NOTICE_NO,NOTICE_TITLE,NOTICE_WRITER,NOTICE_CONTENT,NOTICE_DATE,NOTICE_IMGS,NOTICE_VIEW_COUNT,DOG_ID,NOTICE_DELETE_BOOL) values (152,'ㅗㅓㅏㅗㅓㅏ','user01','<p><img src="/sm/multiupload/2020051416124984782795-05b7-4c97-8bc0-88450527ed97.jpg
" title="20180422_174800692_837.jpg" style="max-width:100%;"><br style="clear:both;">&nbsp;</p>',to_date('20/05/14','RR/MM/DD'),'/sm/multiupload/2020051416124984782795-05b7-4c97-8bc0-88450527ed97.jpg
',0,null,0);
Insert into MMM.NOTICE (NOTICE_NO,NOTICE_TITLE,NOTICE_WRITER,NOTICE_CONTENT,NOTICE_DATE,NOTICE_IMGS,NOTICE_VIEW_COUNT,DOG_ID,NOTICE_DELETE_BOOL) values (154,'ㅓㅏㅣㅓㅏㅣ','user01','<p><img src="/sm/multiupload/20200514161256fcda537c-3042-416a-987b-366769aa3bcc.jpg
" title="20180422_174839106_197.jpg" style="max-width:100%;"><br style="clear:both;">&nbsp;</p>',to_date('20/05/14','RR/MM/DD'),'/sm/multiupload/20200514161256fcda537c-3042-416a-987b-366769aa3bcc.jpg
',0,null,0);
Insert into MMM.NOTICE (NOTICE_NO,NOTICE_TITLE,NOTICE_WRITER,NOTICE_CONTENT,NOTICE_DATE,NOTICE_IMGS,NOTICE_VIEW_COUNT,DOG_ID,NOTICE_DELETE_BOOL) values (158,'ㅓㅏㅣㅓㅏㅣㅓ','user01','<p><img src="/sm/multiupload/20200514161310789732aa-3a4b-4bde-ba3d-8e25fe202153.jpg
" title="20180422_174941759_108.jpg" style="max-width:100%;"><br style="clear:both;">&nbsp;</p>',to_date('20/05/14','RR/MM/DD'),'/sm/multiupload/20200514161310789732aa-3a4b-4bde-ba3d-8e25fe202153.jpg
',0,null,0);
Insert into MMM.NOTICE (NOTICE_NO,NOTICE_TITLE,NOTICE_WRITER,NOTICE_CONTENT,NOTICE_DATE,NOTICE_IMGS,NOTICE_VIEW_COUNT,DOG_ID,NOTICE_DELETE_BOOL) values (160,'ㅗㅓㅣㅏㅓㅏㅣ','user01','<p><img src="/sm/multiupload/202005141613263de292ca-41e3-4d15-82b5-196e8a711648.jpg
" title="20180422_174814411_4.jpg" style="max-width:100%;"><br style="clear:both;">&nbsp;</p>',to_date('20/05/14','RR/MM/DD'),'/sm/multiupload/202005141613263de292ca-41e3-4d15-82b5-196e8a711648.jpg
',0,null,0);
Insert into MMM.NOTICE (NOTICE_NO,NOTICE_TITLE,NOTICE_WRITER,NOTICE_CONTENT,NOTICE_DATE,NOTICE_IMGS,NOTICE_VIEW_COUNT,DOG_ID,NOTICE_DELETE_BOOL) values (162,'ㅘ하ㅓ하ㅓㅎ','user01','<p><img src="/sm/multiupload/20200514161337dbf681b1-2a88-4427-a3c2-55d06242b86d.jpg
" title="20180422_174924429_849.jpg" style="max-width:100%;"><br style="clear:both;">&nbsp;</p>',to_date('20/05/14','RR/MM/DD'),'/sm/multiupload/20200514161337dbf681b1-2a88-4427-a3c2-55d06242b86d.jpg
',0,null,0);
Insert into MMM.NOTICE (NOTICE_NO,NOTICE_TITLE,NOTICE_WRITER,NOTICE_CONTENT,NOTICE_DATE,NOTICE_IMGS,NOTICE_VIEW_COUNT,DOG_ID,NOTICE_DELETE_BOOL) values (164,'ㅣㅓㅏㅣㅓㅏ','user01','<p><img src="/sm/multiupload/2020051416134680a42e66-2315-4bf1-9f20-a43a525360cf.jpg
" title="20180422_174601509_281.jpg" style="max-width:100%;"><br style="clear:both;">&nbsp;</p>',to_date('20/05/14','RR/MM/DD'),'/sm/multiupload/2020051416134680a42e66-2315-4bf1-9f20-a43a525360cf.jpg
',0,null,0);
Insert into MMM.NOTICE (NOTICE_NO,NOTICE_TITLE,NOTICE_WRITER,NOTICE_CONTENT,NOTICE_DATE,NOTICE_IMGS,NOTICE_VIEW_COUNT,DOG_ID,NOTICE_DELETE_BOOL) values (166,'ㅓㅏㅣㅓㅏㅣㅓㅏㅣ','user01','<p><img src="/sm/multiupload/202005141613537f34d917-7542-499e-8650-51ea07ba23f3.jpg
" title="20180422_174616171_833.jpg" style="max-width:100%;"><br style="clear:both;">&nbsp;</p>',to_date('20/05/14','RR/MM/DD'),'/sm/multiupload/202005141613537f34d917-7542-499e-8650-51ea07ba23f3.jpg
',0,null,0);
Insert into MMM.NOTICE (NOTICE_NO,NOTICE_TITLE,NOTICE_WRITER,NOTICE_CONTENT,NOTICE_DATE,NOTICE_IMGS,NOTICE_VIEW_COUNT,DOG_ID,NOTICE_DELETE_BOOL) values (168,'ㅣㅏㅓㅣㅏㅓㅏㅣ','user01','<p><img src="/sm/multiupload/202005141614019db64c07-4455-490f-adcb-10546fbfc223.jpg
" title="20180422_174527327_327.jpg" style="max-width:100%;"><br style="clear:both;">&nbsp;</p>',to_date('20/05/14','RR/MM/DD'),'/sm/multiupload/202005141614019db64c07-4455-490f-adcb-10546fbfc223.jpg
',0,null,0);
Insert into MMM.NOTICE (NOTICE_NO,NOTICE_TITLE,NOTICE_WRITER,NOTICE_CONTENT,NOTICE_DATE,NOTICE_IMGS,NOTICE_VIEW_COUNT,DOG_ID,NOTICE_DELETE_BOOL) values (171,'ㅏㅏㅏㅏㅏㅏㅏㅏㅏㅏㅏㅏㅏㅏㅏㅏㅏㅏㅏㅏㅏㅏㅏㅏㅏㅏㅏㅏㅏㅏ','user01','<p><img src="/sm/multiupload/202005141614288da0bc60-b2d8-4ed3-8666-6f878a9aba73.jpg
" title="20180422_174158873_108.jpg" style="max-width:100%;"><br style="clear:both;">&nbsp;</p>',to_date('20/05/14','RR/MM/DD'),'/sm/multiupload/202005141614288da0bc60-b2d8-4ed3-8666-6f878a9aba73.jpg
',0,null,0);
Insert into MMM.NOTICE (NOTICE_NO,NOTICE_TITLE,NOTICE_WRITER,NOTICE_CONTENT,NOTICE_DATE,NOTICE_IMGS,NOTICE_VIEW_COUNT,DOG_ID,NOTICE_DELETE_BOOL) values (173,'ㅏㅣ;ㅏㅣ;ㅏㅣ;ㅏ;','user01','<p><img src="/sm/multiupload/20200514161437f10ebeb4-18e5-437f-b301-4306f9bd86d2.jpg
" title="20180422_174516697_101.jpg" style="max-width:100%;"><br style="clear:both;">&nbsp;</p>',to_date('20/05/14','RR/MM/DD'),'/sm/multiupload/20200514161437f10ebeb4-18e5-437f-b301-4306f9bd86d2.jpg
',0,null,0);
Insert into MMM.NOTICE (NOTICE_NO,NOTICE_TITLE,NOTICE_WRITER,NOTICE_CONTENT,NOTICE_DATE,NOTICE_IMGS,NOTICE_VIEW_COUNT,DOG_ID,NOTICE_DELETE_BOOL) values (175,'ㅗㅓㅏㅘㅓㅘㅓㅗㅓㅏ','user01','<p><img src="/sm/multiupload/2020051416144969943f08-adb5-49ca-9eca-3553d6f18128.jpg
" title="20180422_174505657_4.jpg" style="max-width:100%;"><br style="clear:both;">&nbsp;</p>',to_date('20/05/14','RR/MM/DD'),'/sm/multiupload/2020051416144969943f08-adb5-49ca-9eca-3553d6f18128.jpg
',0,null,0);
Insert into MMM.NOTICE (NOTICE_NO,NOTICE_TITLE,NOTICE_WRITER,NOTICE_CONTENT,NOTICE_DATE,NOTICE_IMGS,NOTICE_VIEW_COUNT,DOG_ID,NOTICE_DELETE_BOOL) values (177,'ㅣㅏㅓㅏㅣㅓㅣㅏㅓㅏㅣㅓ','user01','<p><img src="/sm/multiupload/20200514161457f8aa9a41-8a2c-45b5-bc37-2d42d63ff5f3.jpg
" title="20180422_174539548_250.jpg" style="max-width:100%;"><br style="clear:both;">&nbsp;</p>',to_date('20/05/14','RR/MM/DD'),'/sm/multiupload/20200514161457f8aa9a41-8a2c-45b5-bc37-2d42d63ff5f3.jpg
',0,null,0);
Insert into MMM.NOTICE (NOTICE_NO,NOTICE_TITLE,NOTICE_WRITER,NOTICE_CONTENT,NOTICE_DATE,NOTICE_IMGS,NOTICE_VIEW_COUNT,DOG_ID,NOTICE_DELETE_BOOL) values (179,'ㅓㅗㅓㅏㅘㅓㅘㅓ','user01','<p><img src="/sm/multiupload/20200514161504586466de-d732-439f-8f25-af40629c1b23.jpg
" title="20180422_174601509_281.jpg" style="max-width:100%;"><br style="clear:both;">&nbsp;</p>',to_date('20/05/14','RR/MM/DD'),'/sm/multiupload/20200514161504586466de-d732-439f-8f25-af40629c1b23.jpg
',0,null,0);
Insert into MMM.NOTICE (NOTICE_NO,NOTICE_TITLE,NOTICE_WRITER,NOTICE_CONTENT,NOTICE_DATE,NOTICE_IMGS,NOTICE_VIEW_COUNT,DOG_ID,NOTICE_DELETE_BOOL) values (132,'사진 올림','user01','<p><img src="/sm/multiupload/202005141504564f9e4b28-d41a-45d6-8097-8883b2ceabc6.jpg
" title="20180422_174158873_108.jpg" style="max-width:100%;"><br style="clear:both;">&nbsp;</p>',to_date('20/05/14','RR/MM/DD'),'/sm/multiupload/202005141504564f9e4b28-d41a-45d6-8097-8883b2ceabc6.jpg
',0,null,0);
Insert into MMM.NOTICE (NOTICE_NO,NOTICE_TITLE,NOTICE_WRITER,NOTICE_CONTENT,NOTICE_DATE,NOTICE_IMGS,NOTICE_VIEW_COUNT,DOG_ID,NOTICE_DELETE_BOOL) values (181,'ㅗㅓㅣㅏㅘㅓㅘㅓㅘㅓ','user01','<p><img src="/sm/multiupload/2020051416151356bcc753-be49-42e4-af20-4bed28f91c88.jpg
" title="20180422_174412447_349.jpg" style="max-width:100%;"><br style="clear:both;">&nbsp;</p>',to_date('20/05/14','RR/MM/DD'),'/sm/multiupload/2020051416151356bcc753-be49-42e4-af20-4bed28f91c88.jpg
',0,null,0);
Insert into MMM.NOTICE (NOTICE_NO,NOTICE_TITLE,NOTICE_WRITER,NOTICE_CONTENT,NOTICE_DATE,NOTICE_IMGS,NOTICE_VIEW_COUNT,DOG_ID,NOTICE_DELETE_BOOL) values (183,'ㅗㅓㅏㅗㅓㅏㅘㅓ','user01','<p><img src="/sm/multiupload/20200514161531dfdf9823-39cd-4b58-a05a-79b74421264d.jpg
" title="20180422_174527327_327.jpg" style="max-width:100%;"><br style="clear:both;">&nbsp;</p>',to_date('20/05/14','RR/MM/DD'),'/sm/multiupload/20200514161531dfdf9823-39cd-4b58-a05a-79b74421264d.jpg
',0,null,0);
Insert into MMM.NOTICE (NOTICE_NO,NOTICE_TITLE,NOTICE_WRITER,NOTICE_CONTENT,NOTICE_DATE,NOTICE_IMGS,NOTICE_VIEW_COUNT,DOG_ID,NOTICE_DELETE_BOOL) values (185,'ㅘ하하ㅓ','user01','<p><img src="/sm/multiupload/2020051416153994dd03fb-82a5-4fac-87b9-8fce092de48f.jpg
" title="20180422_174539548_250.jpg" style="max-width:100%;"><br style="clear:both;">&nbsp;</p>',to_date('20/05/14','RR/MM/DD'),'/sm/multiupload/2020051416153994dd03fb-82a5-4fac-87b9-8fce092de48f.jpg
',0,null,0);
Insert into MMM.NOTICE (NOTICE_NO,NOTICE_TITLE,NOTICE_WRITER,NOTICE_CONTENT,NOTICE_DATE,NOTICE_IMGS,NOTICE_VIEW_COUNT,DOG_ID,NOTICE_DELETE_BOOL) values (187,'ㅓㅘㅓㅘㅓ','user01','<p><img src="/sm/multiupload/20200514161554fc88b08a-78ae-4e1b-91a0-74b1757b874e.jpg
" title="20180422_174516697_101.jpg" style="max-width:100%;"><br style="clear:both;">&nbsp;</p>',to_date('20/05/14','RR/MM/DD'),'/sm/multiupload/20200514161554fc88b08a-78ae-4e1b-91a0-74b1757b874e.jpg
',0,null,0);
Insert into MMM.NOTICE (NOTICE_NO,NOTICE_TITLE,NOTICE_WRITER,NOTICE_CONTENT,NOTICE_DATE,NOTICE_IMGS,NOTICE_VIEW_COUNT,DOG_ID,NOTICE_DELETE_BOOL) values (189,'ㅗㅓㅏㅗㅓㅏㅘㅓjkljlkjlkjklj','user01','<p><img src="/sm/multiupload/20200514161604a3064cd3-42ff-409b-a55e-76c6fb91fc0c.jpg
" title="20180422_174158873_108.jpg" style="max-width:100%;"><br style="clear:both;"><img src="/sm/multiupload/20200514161604c10e4683-4e55-48ce-a9b1-92f0066ccbe4.jpg
" title="20180422_174412447_349.jpg" style="max-width:100%;"><br style="clear:both;"><img src="/sm/multiupload/20200514161604427a4889-0bf1-4ffc-80d4-17d711b1cac1.jpg
" title="20180422_174652399_241.jpg" style="max-width:100%;"><br style="clear:both;"><img src="/sm/multiupload/20200514161604654f4649-8679-41ba-bec0-c93dbf0823bb.jpg
" title="20180422_174814411_4.jpg" style="max-width:100%;"><br style="clear:both;">&nbsp;</p>
      
              ',to_date('20/05/14','RR/MM/DD'),'/sm/multiupload/20200514161604a3064cd3-42ff-409b-a55e-76c6fb91fc0c.jpg
',0,null,0);
Insert into MMM.NOTICE (NOTICE_NO,NOTICE_TITLE,NOTICE_WRITER,NOTICE_CONTENT,NOTICE_DATE,NOTICE_IMGS,NOTICE_VIEW_COUNT,DOG_ID,NOTICE_DELETE_BOOL) values (191,'ㅏㅓㅘㅓㅗㅓㅏㅘㅓㅗ','user01','<p><img src="/sm/multiupload/20200514161617bc33010a-eca1-4430-bc83-ef1b83148a27.jpg
" title="20180422_174839106_197.jpg" style="max-width:100%;"><br style="clear:both;">&nbsp;</p>',to_date('20/05/14','RR/MM/DD'),'/sm/multiupload/20200514161617bc33010a-eca1-4430-bc83-ef1b83148a27.jpg
',0,null,0);
Insert into MMM.NOTICE (NOTICE_NO,NOTICE_TITLE,NOTICE_WRITER,NOTICE_CONTENT,NOTICE_DATE,NOTICE_IMGS,NOTICE_VIEW_COUNT,DOG_ID,NOTICE_DELETE_BOOL) values (193,'ㅏㅓㅘㅓㅗㅓㅏ','user01','<p><img src="/sm/multiupload/20200514161623aff00700-5845-44c0-ae30-a8b039feed0a.jpg
" title="20180422_174814411_4.jpg" style="max-width:100%;"><br style="clear:both;">&nbsp;</p>',to_date('20/05/14','RR/MM/DD'),'/sm/multiupload/20200514161623aff00700-5845-44c0-ae30-a8b039feed0a.jpg
',0,null,0);
Insert into MMM.NOTICE (NOTICE_NO,NOTICE_TITLE,NOTICE_WRITER,NOTICE_CONTENT,NOTICE_DATE,NOTICE_IMGS,NOTICE_VIEW_COUNT,DOG_ID,NOTICE_DELETE_BOOL) values (195,'ㅓㅘㅓㅗㅓㅏㅘㅓ','user01','<p><img src="/sm/multiupload/20200514161632f840f1e1-47f4-44cc-8ff2-64f49a1a7743.jpg
" title="20180422_174910053_722.jpg" style="max-width:100%;"><br style="clear:both;">&nbsp;</p>',to_date('20/05/14','RR/MM/DD'),'/sm/multiupload/20200514161632f840f1e1-47f4-44cc-8ff2-64f49a1a7743.jpg
',0,null,0);
Insert into MMM.NOTICE (NOTICE_NO,NOTICE_TITLE,NOTICE_WRITER,NOTICE_CONTENT,NOTICE_DATE,NOTICE_IMGS,NOTICE_VIEW_COUNT,DOG_ID,NOTICE_DELETE_BOOL) values (197,'ㅏㅓㅘㅓㅘㅓㅘㅓ','user01','<p><img src="/sm/multiupload/202005141616453148f0a7-9ab9-4d36-8110-0c998a0d190d.jpg
" title="20180422_174800692_837.jpg" style="max-width:100%;"><br style="clear:both;">&nbsp;</p>',to_date('20/05/14','RR/MM/DD'),'/sm/multiupload/202005141616453148f0a7-9ab9-4d36-8110-0c998a0d190d.jpg
',0,null,0);
Insert into MMM.NOTICE (NOTICE_NO,NOTICE_TITLE,NOTICE_WRITER,NOTICE_CONTENT,NOTICE_DATE,NOTICE_IMGS,NOTICE_VIEW_COUNT,DOG_ID,NOTICE_DELETE_BOOL) values (199,'안녕하세요 테스트한번 합니다.','user01','<p><img src="/sm/multiupload/2020051417221888038013-7190-46ef-aff4-93a56bd49859.jpg
" title="20180422_174856071_779.jpg" style="max-width:100%;"></p><p>&nbsp;</p><p style="line-height: 20px; color: rgb(36, 36, 36); font-family: 굴림, gulim, AppleSDGothicNeo-Regular, sans-serif; background-color: rgb(255, 255, 255);"><span style="font-family: 바탕, batang, applemyungjo; font-size: 12pt; color: rgb(233, 125, 129);">1. 동해물과 백두산이 마르고 닳도록</span><br><span style="font-family: 바탕, batang, applemyungjo; font-size: 12pt; color: rgb(233, 125, 129);">하느님이 보우하사 우리나라 만세</span><br><span style="font-family: 바탕, batang, applemyungjo; font-size: 12pt; color: rgb(233, 125, 129);">무궁화 삼천리 화려 강산</span><br><span style="font-family: 바탕, batang, applemyungjo; font-size: 12pt; color: rgb(233, 125, 129);">대한 사람 대한으로 길이 보전하세</span></p><p style="padding-top: 16px; line-height: 20px; color: rgb(36, 36, 36); font-family: 굴림, gulim, AppleSDGothicNeo-Regular, sans-serif; background-color: rgb(255, 255, 255);"><span style="font-family: 바탕, batang, applemyungjo; font-size: 12pt; color: rgb(239, 0, 124);">2. 남산 위에 저 소나무 철갑을 두른 듯</span><br><span style="font-family: 바탕, batang, applemyungjo; font-size: 12pt; color: rgb(239, 0, 124);">바람 서리 불변함은 우리 기상일세</span><br><span style="font-family: 바탕, batang, applemyungjo; font-size: 12pt; color: rgb(239, 0, 124);">무궁화 삼천리 화려 강산</span><br><span style="font-family: 바탕, batang, applemyungjo; font-size: 12pt; color: rgb(239, 0, 124);">대한 사람 대한으로 길이 보전하세</span></p><p style="padding-top: 16px; line-height: 20px; color: rgb(36, 36, 36); font-family: 굴림, gulim, AppleSDGothicNeo-Regular, sans-serif; background-color: rgb(255, 255, 255);"><span style="font-family: 바탕, batang, applemyungjo; font-size: 12pt; color: rgb(255, 0, 0);">3. 가을 하늘 공활한데 높고 구름 없이</span><br><span style="font-family: 바탕, batang, applemyungjo; font-size: 12pt; color: rgb(255, 0, 0);">밝은 달은 우리 가슴 일편단심일세</span><br><span style="font-family: 바탕, batang, applemyungjo; font-size: 12pt; color: rgb(255, 0, 0);">무궁화 삼천리 화려 강산</span><br><span style="font-family: 바탕, batang, applemyungjo; font-size: 12pt; color: rgb(255, 0, 0);">대한 사람 대한으로 길이 보전하세</span></p><p style="padding-top: 16px; line-height: 20px; color: rgb(36, 36, 36); font-family: 굴림, gulim, AppleSDGothicNeo-Regular, sans-serif; background-color: rgb(255, 255, 255);"><span style="font-family: 바탕, batang, applemyungjo; font-size: 12pt; color: rgb(255, 239, 0);">4. 이 기상과 이 맘으로 충성을 다하여</span><br><span style="font-family: 바탕, batang, applemyungjo; font-size: 12pt; color: rgb(255, 239, 0);">괴로우나 즐거우나 나라 사랑하세</span><br><span style="font-family: 바탕, batang, applemyungjo; font-size: 12pt; color: rgb(255, 239, 0);">무궁화 삼천리 화려 강산</span>&nbsp;</p><p style="text-align: center; " align="center"><span style="background-color: rgb(255, 255, 255); color: rgb(36, 36, 36); font-family: 바탕, batang, applemyungjo; font-size: 12pt;">대한 사람 대한으로 길이 보전하세</span><span style="font-family: 바탕, batang, applemyungjo; font-size: 12pt;">&nbsp;</span><br style="clear:both;">&nbsp;</p>',to_date('20/05/14','RR/MM/DD'),'/sm/multiupload/2020051417221888038013-7190-46ef-aff4-93a56bd49859.jpg
',0,null,0);
Insert into MMM.NOTICE (NOTICE_NO,NOTICE_TITLE,NOTICE_WRITER,NOTICE_CONTENT,NOTICE_DATE,NOTICE_IMGS,NOTICE_VIEW_COUNT,DOG_ID,NOTICE_DELETE_BOOL) values (201,'사업자 글 등록','bn01','<p><img src="/sm/multiupload/202005141936202ba1de2b-aa5a-4bd6-ae8a-fd7eb2c783aa.jpg
" title="20180422_174814411_4.jpg" style="max-width:100%;"></p><p>&nbsp;</p><p style="text-align: center; " align="center">글등록함<br style="clear:both;">&nbsp;</p>',to_date('20/05/14','RR/MM/DD'),'/sm/multiupload/202005141936202ba1de2b-aa5a-4bd6-ae8a-fd7eb2c783aa.jpg
',0,null,0);
Insert into MMM.NOTICE (NOTICE_NO,NOTICE_TITLE,NOTICE_WRITER,NOTICE_CONTENT,NOTICE_DATE,NOTICE_IMGS,NOTICE_VIEW_COUNT,DOG_ID,NOTICE_DELETE_BOOL) values (452,'ㅓㅏㅓㅣㅏㅓjkljlkjfgfghfghhjkhgjhghj12444444444444444444444444444444','qwer123','<table style=" margin: 0 auto;">
		
			<tbody>
			
			<tr>
				<td rowspan="5" style="width: 700px;"><p style="width:600px; height:400px; background-image: url(/upload/dogImg/shutterstock_2929174104.jpg); background-position: center; background-size: cover; margin: 0 auto; margin-bottom:10px;">&nbsp;</p></td>
			</tr>
				
			<tr><td style=" width:300px; height:50px; font-size: 25px; font-weight:bold; text-align: center; border-radius: 20px; background-color:#B6EAFA;"><p>주인 : qwer123</p></td></tr>
			<tr><td style=" width:300px; height:50px; font-size: 25px; font-weight:bold; text-align: center; border-radius: 20px; background-color:#B6EAFA;"><p>성별 : m</p></td></tr>
			<tr><td style=" width:300px; height:50px; font-size: 25px; font-weight:bold; text-align: center; border-radius: 20px; background-color:#B6EAFA;"><p>이름 : 둥둥이</p></td></tr>
			<tr><td style=" width:300px; height:50px; font-size: 25px; font-weight:bold; text-align: center; border-radius: 20px; background-color:#B6EAFA;"><p>나이 : 10살</p></td></tr>
		       
			<tr>
				<td rowspan="5" style="width: 700px;"><p style="width:600px; height:400px; background-image: url(/upload/dogImg/shutterstock_2929174105.jpg); background-position: center; background-size: cover; margin: 0 auto; margin-bottom:10px;">&nbsp;</p></td>
			</tr>
				
			<tr><td style=" width:300px; height:50px; font-size: 25px; font-weight:bold; text-align: center; border-radius: 20px; background-color:#B6EAFA;"><p>주인 : qwer123</p></td></tr>
			<tr><td style=" width:300px; height:50px; font-size: 25px; font-weight:bold; text-align: center; border-radius: 20px; background-color:#B6EAFA;"><p>성별 : m</p></td></tr>
			<tr><td style=" width:300px; height:50px; font-size: 25px; font-weight:bold; text-align: center; border-radius: 20px; background-color:#B6EAFA;"><p>이름 : 둥이</p></td></tr>
			<tr><td style=" width:300px; height:50px; font-size: 25px; font-weight:bold; text-align: center; border-radius: 20px; background-color:#B6EAFA;"><p>나이 : 10살</p></td></tr>
		       
			<tr>
				<td rowspan="5" style="width: 700px;"><p style="width:600px; height:400px; background-image: url(/upload/dogImg/20180422_174412447_349.jpg); background-position: center; background-size: cover; margin: 0 auto; margin-bottom:10px;">&nbsp;</p></td>
			</tr>
				
			<tr><td style=" width:300px; height:50px; font-size: 25px; font-weight:bold; text-align: center; border-radius: 20px; background-color:#B6EAFA;"><p>주인 : qwer123</p></td></tr>
			<tr><td style=" width:300px; height:50px; font-size: 25px; font-weight:bold; text-align: center; border-radius: 20px; background-color:#B6EAFA;"><p>성별 : m</p></td></tr>
			<tr><td style=" width:300px; height:50px; font-size: 25px; font-weight:bold; text-align: center; border-radius: 20px; background-color:#B6EAFA;"><p>이름 : 둥둥이이이이</p></td></tr>
			<tr><td style=" width:300px; height:50px; font-size: 25px; font-weight:bold; text-align: center; border-radius: 20px; background-color:#B6EAFA;"><p>나이 : 15살</p></td></tr>
		       
		</tbody>
		
			
	</table><p>&nbsp;</p><p>jhjkhjkhjkhjk</p><p>&nbsp;</p><p>ㅗ화ㅓ</p><p>&nbsp;</p><p>&nbsp;</p>
      
              
      
              
      
              
      
              
      
              ',to_date('20/05/19','RR/MM/DD'),'/upload/dogImg/shutterstock_2929174104.jpg',0,null,0);
Insert into MMM.NOTICE (NOTICE_NO,NOTICE_TITLE,NOTICE_WRITER,NOTICE_CONTENT,NOTICE_DATE,NOTICE_IMGS,NOTICE_VIEW_COUNT,DOG_ID,NOTICE_DELETE_BOOL) values (231,'ghjgjhkjgjh','user01','<img src="/sm/multiupload/2020051520113663590861-0266-42bf-a4d3-c6475d6de83c.jpg
" title="20180422_175019576_86.jpg" style="max-width:100%;"><br style="clear:both;"><table style=" margin: 0 auto;">
			<tbody>
			<tr>
				<td rowspan="5" style="width: 700px;"><p style="width:600px; height:400px; background-image: url(/sm/img/dogImg/dog2.jpg); background-position: center; background-size: cover; margin: 0 auto; margin-bottom:10px;">&nbsp;</p></td>
			</tr>
			
			
			
			<tr><td style=" width:300px; height:50px; font-size: 25px; font-weight:bold; text-align: center; border-radius: 20px; background-color:#B6EAFA;"><p>주인 : 병</p></td></tr>
			<tr><td style=" width:300px; height:50px; font-size: 25px; font-weight:bold; text-align: center; border-radius: 20px; background-color:#B6EAFA;"><p>성별 : M</p></td></tr>
			<tr><td style=" width:300px; height:50px; font-size: 25px; font-weight:bold; text-align: center; border-radius: 20px; background-color:#B6EAFA;"><p>이름 : 강지이름</p></td></tr>
			<tr><td style=" width:300px; height:50px; font-size: 25px; font-weight:bold; text-align: center; border-radius: 20px; background-color:#B6EAFA;"><p>나이 : 1살</p></td></tr>
		</tbody>
	</table>
              
              ',to_date('20/05/15','RR/MM/DD'),'/sm/multiupload/2020051520113663590861-0266-42bf-a4d3-c6475d6de83c.jpg
',0,'강지이름',0);
Insert into MMM.NOTICE (NOTICE_NO,NOTICE_TITLE,NOTICE_WRITER,NOTICE_CONTENT,NOTICE_DATE,NOTICE_IMGS,NOTICE_VIEW_COUNT,DOG_ID,NOTICE_DELETE_BOOL) values (454,'gogo','member','<table style=" margin: 0 auto;">
			<tbody>
			<tr>
				<td rowspan="5" style="width: 700px;"><p style="width:600px; height:400px; background-image: url(/upload/dogImg/멍멍이.jpg); background-position: center; background-size: cover; margin: 0 auto; margin-bottom:10px;">&nbsp;</p></td>
			</tr>
			
			
			
			<tr><td style=" width:300px; height:50px; font-size: 25px; font-weight:bold; text-align: center; border-radius: 20px; background-color:#B6EAFA;"><p>주인 : 진짜내닉네임</p></td></tr>
			<tr><td style=" width:300px; height:50px; font-size: 25px; font-weight:bold; text-align: center; border-radius: 20px; background-color:#B6EAFA;"><p>성별 : w</p></td></tr>
			<tr><td style=" width:300px; height:50px; font-size: 25px; font-weight:bold; text-align: center; border-radius: 20px; background-color:#B6EAFA;"><p>이름 : erer2</p></td></tr>
			<tr><td style=" width:300px; height:50px; font-size: 25px; font-weight:bold; text-align: center; border-radius: 20px; background-color:#B6EAFA;"><p>나이 : 2살</p></td></tr>
		</tbody>
	</table>
              
              ',to_date('20/05/19','RR/MM/DD'),'/upload/dogImg/멍멍이.jpg',0,'erer2',0);
Insert into MMM.NOTICE (NOTICE_NO,NOTICE_TITLE,NOTICE_WRITER,NOTICE_CONTENT,NOTICE_DATE,NOTICE_IMGS,NOTICE_VIEW_COUNT,DOG_ID,NOTICE_DELETE_BOOL) values (446,'ㅏㅓㅏㅣㅓㅏㅣㅓㅏㅣ','qwer123','<table style=" margin: 0 auto;">
			<tbody>
			<tr>
				<td rowspan="5" style="width: 700px;"><p style="width:600px; height:400px; background-image: url(/upload/dogImg/shutterstock_2929174104.jpg); background-position: center; background-size: cover; margin: 0 auto; margin-bottom:10px;">&nbsp;</p></td>
			</tr>
			
			
			
			<tr><td style=" width:300px; height:50px; font-size: 25px; font-weight:bold; text-align: center; border-radius: 20px; background-color:#B6EAFA;"><p>주인 : 김용준임</p></td></tr>
			<tr><td style=" width:300px; height:50px; font-size: 25px; font-weight:bold; text-align: center; border-radius: 20px; background-color:#B6EAFA;"><p>성별 : m</p></td></tr>
			<tr><td style=" width:300px; height:50px; font-size: 25px; font-weight:bold; text-align: center; border-radius: 20px; background-color:#B6EAFA;"><p>이름 : yong96</p></td></tr>
			<tr><td style=" width:300px; height:50px; font-size: 25px; font-weight:bold; text-align: center; border-radius: 20px; background-color:#B6EAFA;"><p>나이 : 10살</p></td></tr>
		</tbody>
	</table><p>&nbsp;</p><p>ㄹㄷ자ㅈ다ㅣ러차지더</p><p>&nbsp;</p><p>&nbsp;</p><p><img src="/sm/multiupload/202005191440581411fc77-c234-4547-b511-eaac56d0e042.jpg
" title="shutterstock_292917410.jpg" style="max-width:100%;"></p><p>&nbsp;</p><p>&nbsp;</p><p>ㅈㄿㅈ디갛ㄿㅈ다ㅣ거ㅣㅓㅏㅣㅓㅏㅣㅓㅣ<br style="clear:both;">&nbsp;</p><p>&nbsp;</p><p>&nbsp;</p>',to_date('20/05/19','RR/MM/DD'),'/sm/multiupload/202005191440581411fc77-c234-4547-b511-eaac56d0e042.jpg
',0,'yong96',0);
Insert into MMM.NOTICE (NOTICE_NO,NOTICE_TITLE,NOTICE_WRITER,NOTICE_CONTENT,NOTICE_DATE,NOTICE_IMGS,NOTICE_VIEW_COUNT,DOG_ID,NOTICE_DELETE_BOOL) values (450,'g해위','member','<table style=" margin: 0 auto;">
			<tbody>
			<tr>
				<td rowspan="5" style="width: 700px;"><p style="width:600px; height:400px; background-image: url(/upload/dogImg/멍멍이.jpg); background-position: center; background-size: cover; margin: 0 auto; margin-bottom:10px;">&nbsp;</p></td>
			</tr>
			
			
			
			<tr><td style=" width:300px; height:50px; font-size: 25px; font-weight:bold; text-align: center; border-radius: 20px; background-color:#B6EAFA;"><p>주인 : 진짜내닉네임</p></td></tr>
			<tr><td style=" width:300px; height:50px; font-size: 25px; font-weight:bold; text-align: center; border-radius: 20px; background-color:#B6EAFA;"><p>성별 : w</p></td></tr>
			<tr><td style=" width:300px; height:50px; font-size: 25px; font-weight:bold; text-align: center; border-radius: 20px; background-color:#B6EAFA;"><p>이름 : erer2</p></td></tr>
			<tr><td style=" width:300px; height:50px; font-size: 25px; font-weight:bold; text-align: center; border-radius: 20px; background-color:#B6EAFA;"><p>나이 : 2살</p></td></tr>
		</tbody>
	</table>
              
              ',to_date('20/05/19','RR/MM/DD'),'/upload/dogImg/멍멍이.jpg',0,'erer2',0);
Insert into MMM.NOTICE (NOTICE_NO,NOTICE_TITLE,NOTICE_WRITER,NOTICE_CONTENT,NOTICE_DATE,NOTICE_IMGS,NOTICE_VIEW_COUNT,DOG_ID,NOTICE_DELETE_BOOL) values (254,'hjkh','user01','<table style=" margin: 0 auto;">
			<tbody>
			<tr>
				<td rowspan="5" style="width: 700px;"><p style="width:600px; height:400px; background-image: url(/sm/img/dogImg/dog2.jpg); background-position: center; background-size: cover; margin: 0 auto; margin-bottom:10px;">&nbsp;</p></td>
			</tr>
			
			
			
			<tr><td style=" width:300px; height:50px; font-size: 25px; font-weight:bold; text-align: center; border-radius: 20px; background-color:#B6EAFA;"><p>주인 : 병</p></td></tr>
			<tr><td style=" width:300px; height:50px; font-size: 25px; font-weight:bold; text-align: center; border-radius: 20px; background-color:#B6EAFA;"><p>성별 : M</p></td></tr>
			<tr><td style=" width:300px; height:50px; font-size: 25px; font-weight:bold; text-align: center; border-radius: 20px; background-color:#B6EAFA;"><p>이름 : 강지이름</p></td></tr>
			<tr><td style=" width:300px; height:50px; font-size: 25px; font-weight:bold; text-align: center; border-radius: 20px; background-color:#B6EAFA;"><p>나이 : 1살</p></td></tr>
		</tbody>
	</table>
              
              ',to_date('20/05/18','RR/MM/DD'),null,0,'강지이름',1);
Insert into MMM.NOTICE (NOTICE_NO,NOTICE_TITLE,NOTICE_WRITER,NOTICE_CONTENT,NOTICE_DATE,NOTICE_IMGS,NOTICE_VIEW_COUNT,DOG_ID,NOTICE_DELETE_BOOL) values (260,'hjkhkjhjkhkjhjkhjkhkjk','user01','jkhjkhjkhkjhjkh<table style=" margin: 0 auto;">
			<tbody>
			<tr>
				<td rowspan="5" style="width: 700px;"><p style="width:600px; height:400px; background-image: url(/sm/img/dogImg/dog2.jpg); background-position: center; background-size: cover; margin: 0 auto; margin-bottom:10px;"><img src="/sm/multiupload/202005181125195d981b6e-0395-40ad-827e-fdd734ce203d.jpg
" title="20180422_174158873_108.jpg" style="max-width:100%;">&nbsp;</p></td>
			</tr>
			
			
			
			<tr><td style=" width:300px; height:50px; font-size: 25px; font-weight:bold; text-align: center; border-radius: 20px; background-color:#B6EAFA;"><p>주인 : 병</p></td></tr>
			<tr><td style=" width:300px; height:50px; font-size: 25px; font-weight:bold; text-align: center; border-radius: 20px; background-color:#B6EAFA;"><p>성별 : M</p></td></tr>
			<tr><td style=" width:300px; height:50px; font-size: 25px; font-weight:bold; text-align: center; border-radius: 20px; background-color:#B6EAFA;"><p>이름 : 강지이름</p></td></tr>
			<tr><td style=" width:300px; height:50px; font-size: 25px; font-weight:bold; text-align: center; border-radius: 20px; background-color:#B6EAFA;"><p>나이 : 1살</p></td></tr>
		</tbody>
	</table>
              
              ',to_date('20/05/18','RR/MM/DD'),'/sm/multiupload/202005181125195d981b6e-0395-40ad-827e-fdd734ce203d.jpg
',0,'강지이름',0);
Insert into MMM.NOTICE (NOTICE_NO,NOTICE_TITLE,NOTICE_WRITER,NOTICE_CONTENT,NOTICE_DATE,NOTICE_IMGS,NOTICE_VIEW_COUNT,DOG_ID,NOTICE_DELETE_BOOL) values (262,'hjkhjkhjkh','user01','<table style=" margin: 0 auto;">
			<tbody>
			<tr>
				<td rowspan="5" style="width: 700px;"><p style="width:600px; height:400px; background-image: url(/sm/img/dogImg/dog2.jpg); background-position: center; background-size: cover; margin: 0 auto; margin-bottom:10px;"><img src="/sm/multiupload/20200518133419898a7d9b-5a45-40a3-8c03-cb57fa2a8ef8.jpg
" title="20180422_174800692_837.jpg" style="max-width:100%;">&nbsp;</p></td>
			</tr>
			
			
			
			<tr><td style=" width:300px; height:50px; font-size: 25px; font-weight:bold; text-align: center; border-radius: 20px; background-color:#B6EAFA;"><p>주인 : 병</p></td></tr>
			<tr><td style=" width:300px; height:50px; font-size: 25px; font-weight:bold; text-align: center; border-radius: 20px; background-color:#B6EAFA;"><p>성별 : M</p></td></tr>
			<tr><td style=" width:300px; height:50px; font-size: 25px; font-weight:bold; text-align: center; border-radius: 20px; background-color:#B6EAFA;"><p>이름 : 강지이름</p></td></tr>
			<tr><td style=" width:300px; height:50px; font-size: 25px; font-weight:bold; text-align: center; border-radius: 20px; background-color:#B6EAFA;"><p>나이 : 1살</p></td></tr>
		</tbody>
	</table>
              
              ',to_date('20/05/18','RR/MM/DD'),'/sm/multiupload/20200518133419898a7d9b-5a45-40a3-8c03-cb57fa2a8ef8.jpg
',0,'강지이름',0);
Insert into MMM.NOTICE (NOTICE_NO,NOTICE_TITLE,NOTICE_WRITER,NOTICE_CONTENT,NOTICE_DATE,NOTICE_IMGS,NOTICE_VIEW_COUNT,DOG_ID,NOTICE_DELETE_BOOL) values (264,'kjkljkljlk','user01','<img src="/sm/multiupload/2020051813343174174573-f7ae-4747-ba15-9d6f18b9416a.jpg
" title="20180422_174814411_4.jpg" style="max-width:100%;"><br style="clear:both;"><table style=" margin: 0 auto;">
			<tbody>
			<tr>
				<td rowspan="5" style="width: 700px;"><p style="width:600px; height:400px; background-image: url(/sm/img/dogImg/dog2.jpg); background-position: center; background-size: cover; margin: 0 auto; margin-bottom:10px;">&nbsp;</p></td>
			</tr>
			
			
			
			<tr><td style=" width:300px; height:50px; font-size: 25px; font-weight:bold; text-align: center; border-radius: 20px; background-color:#B6EAFA;"><p>주인 : 병</p></td></tr>
			<tr><td style=" width:300px; height:50px; font-size: 25px; font-weight:bold; text-align: center; border-radius: 20px; background-color:#B6EAFA;"><p>성별 : M</p></td></tr>
			<tr><td style=" width:300px; height:50px; font-size: 25px; font-weight:bold; text-align: center; border-radius: 20px; background-color:#B6EAFA;"><p>이름 : 강지이름</p></td></tr>
			<tr><td style=" width:300px; height:50px; font-size: 25px; font-weight:bold; text-align: center; border-radius: 20px; background-color:#B6EAFA;"><p>나이 : 1살</p></td></tr>
		</tbody>
	</table>
              
              ',to_date('20/05/18','RR/MM/DD'),'/sm/multiupload/2020051813343174174573-f7ae-4747-ba15-9d6f18b9416a.jpg
',0,'강지이름',0);
Insert into MMM.NOTICE (NOTICE_NO,NOTICE_TITLE,NOTICE_WRITER,NOTICE_CONTENT,NOTICE_DATE,NOTICE_IMGS,NOTICE_VIEW_COUNT,DOG_ID,NOTICE_DELETE_BOOL) values (268,'jkljkljkl','user01','<img src="/sm/multiupload/202005181335075a6e1666-fb86-4ea5-8fb1-6eb9c6a2d857.jpg
" title="20180422_174839106_197.jpg" style="max-width:100%;"><br style="clear:both;"><img src="/sm/multiupload/2020051813350784e23380-d438-4f12-b9be-e7083de29a99.jpg
" title="20180422_174814411_4.jpg" style="max-width:100%;"><br style="clear:both;"><img src="/sm/multiupload/202005181335071bcdf358-041e-4c8a-8ef4-06225851d29a.jpg
" title="20180422_174800692_837.jpg" style="max-width:100%;"><br style="clear:both;"><table style=" margin: 0 auto;">
			<tbody>
			<tr>
				<td rowspan="5" style="width: 700px;"><p style="width:600px; height:400px; background-image: url(/sm/img/dogImg/dog2.jpg); background-position: center; background-size: cover; margin: 0 auto; margin-bottom:10px;">&nbsp;</p></td>
			</tr>
			
			
			
			<tr><td style=" width:300px; height:50px; font-size: 25px; font-weight:bold; text-align: center; border-radius: 20px; background-color:#B6EAFA;"><p>주인 : 병</p></td></tr>
			<tr><td style=" width:300px; height:50px; font-size: 25px; font-weight:bold; text-align: center; border-radius: 20px; background-color:#B6EAFA;"><p>성별 : M</p></td></tr>
			<tr><td style=" width:300px; height:50px; font-size: 25px; font-weight:bold; text-align: center; border-radius: 20px; background-color:#B6EAFA;"><p>이름 : 강지이름</p></td></tr>
			<tr><td style=" width:300px; height:50px; font-size: 25px; font-weight:bold; text-align: center; border-radius: 20px; background-color:#B6EAFA;"><p>나이 : 1살</p></td></tr>
		</tbody>
	</table>
              
              ',to_date('20/05/18','RR/MM/DD'),'/sm/multiupload/202005181335075a6e1666-fb86-4ea5-8fb1-6eb9c6a2d857.jpg
',0,'강지이름',0);
Insert into MMM.NOTICE (NOTICE_NO,NOTICE_TITLE,NOTICE_WRITER,NOTICE_CONTENT,NOTICE_DATE,NOTICE_IMGS,NOTICE_VIEW_COUNT,DOG_ID,NOTICE_DELETE_BOOL) values (272,'테스트 됨','user01','<table style=" margin: 0 auto;">
			<tbody>
			<tr>
				<td rowspan="5" style="width: 700px;"><p style="width:600px; height:400px; background-image: url(/sm/img/dogImg/dog2.jpg); background-position: center; background-size: cover; margin: 0 auto; margin-bottom:10px;">&nbsp;</p></td>
			</tr>
			
			
			
			<tr><td style=" width:300px; height:50px; font-size: 25px; font-weight:bold; text-align: center; border-radius: 20px; background-color:#B6EAFA;"><p>주인 : 병</p></td></tr>
			<tr><td style=" width:300px; height:50px; font-size: 25px; font-weight:bold; text-align: center; border-radius: 20px; background-color:#B6EAFA;"><p>성별 : M</p></td></tr>
			<tr><td style=" width:300px; height:50px; font-size: 25px; font-weight:bold; text-align: center; border-radius: 20px; background-color:#B6EAFA;"><p>이름 : 강지이름</p></td></tr>
			<tr><td style=" width:300px; height:50px; font-size: 25px; font-weight:bold; text-align: center; border-radius: 20px; background-color:#B6EAFA;"><p>나이 : 1살</p></td></tr>
		</tbody>
	</table><p>&nbsp;</p><p>&nbsp;</p><p><img src="/sm/multiupload/20200518133552d152d090-f0e5-41cf-a158-1bdbd6775806.jpg
" title="20180422_174743637_226.jpg" style="max-width:100%;"><br style="clear:both;"><img src="/sm/multiupload/20200518133552d63892a5-fb24-4d8c-a260-1f868ef9826a.jpg
" title="20180422_174412447_349.jpg" style="max-width:100%;"><br style="clear:both;"><img src="/sm/multiupload/20200518133552aaffdbb5-7811-4a16-9837-e30590f3c965.jpg
" title="20180422_174814411_4.jpg" style="max-width:100%;"><br style="clear:both;">&nbsp;</p><p>&nbsp;</p><p>&nbsp;</p>',to_date('20/05/18','RR/MM/DD'),'/sm/multiupload/20200518133552d152d090-f0e5-41cf-a158-1bdbd6775806.jpg
',0,'강지이름',0);
Insert into MMM.NOTICE (NOTICE_NO,NOTICE_TITLE,NOTICE_WRITER,NOTICE_CONTENT,NOTICE_DATE,NOTICE_IMGS,NOTICE_VIEW_COUNT,DOG_ID,NOTICE_DELETE_BOOL) values (274,'ghjghjghj','bn01','<table style=" margin: 0 auto;">
			<tbody>
			<tr>
				<td rowspan="5" style="width: 700px;"><p style="width:600px; height:400px; background-image: url(/sm/img/dogImg/dog1.jpg); background-position: center; background-size: cover; margin: 0 auto; margin-bottom:10px;">&nbsp;</p></td>
			</tr>
			
			
			
			<tr><td style=" width:300px; height:50px; font-size: 25px; font-weight:bold; text-align: center; border-radius: 20px; background-color:#B6EAFA;"><p>주인 : 사업자01</p></td></tr>
			<tr><td style=" width:300px; height:50px; font-size: 25px; font-weight:bold; text-align: center; border-radius: 20px; background-color:#B6EAFA;"><p>성별 : M</p></td></tr>
			<tr><td style=" width:300px; height:50px; font-size: 25px; font-weight:bold; text-align: center; border-radius: 20px; background-color:#B6EAFA;"><p>이름 : dog1</p></td></tr>
			<tr><td style=" width:300px; height:50px; font-size: 25px; font-weight:bold; text-align: center; border-radius: 20px; background-color:#B6EAFA;"><p>나이 : 1살</p></td></tr>
		</tbody>
	</table><img src="/sm/multiupload/202005181337575d366243-805c-4a04-a242-b35fbd6f6eba.jpg
" title="20180422_174800692_837.jpg" style="max-width:100%;"><br style="clear:both;"><br><p>&nbsp;</p><p>&nbsp;</p>',to_date('20/05/18','RR/MM/DD'),'/sm/multiupload/202005181337575d366243-805c-4a04-a242-b35fbd6f6eba.jpg
',0,'dog1',0);
Insert into MMM.NOTICE (NOTICE_NO,NOTICE_TITLE,NOTICE_WRITER,NOTICE_CONTENT,NOTICE_DATE,NOTICE_IMGS,NOTICE_VIEW_COUNT,DOG_ID,NOTICE_DELETE_BOOL) values (438,'작성이 두개된다고?','member','ggg<table style=" margin: 0 auto;">
			<tbody>
			<tr>
				<td rowspan="5" style="width: 700px;"><p style="width:600px; height:400px; background-image: url(/upload/dogImg/멍멍이.jpg); background-position: center; background-size: cover; margin: 0 auto; margin-bottom:10px;">&nbsp;</p></td>
			</tr>
			
			
			
			<tr><td style=" width:300px; height:50px; font-size: 25px; font-weight:bold; text-align: center; border-radius: 20px; background-color:#B6EAFA;"><p>주인 : 짜라</p></td></tr>
			<tr><td style=" width:300px; height:50px; font-size: 25px; font-weight:bold; text-align: center; border-radius: 20px; background-color:#B6EAFA;"><p>성별 : w</p></td></tr>
			<tr><td style=" width:300px; height:50px; font-size: 25px; font-weight:bold; text-align: center; border-radius: 20px; background-color:#B6EAFA;"><p>이름 : erer2</p></td></tr>
			<tr><td style=" width:300px; height:50px; font-size: 25px; font-weight:bold; text-align: center; border-radius: 20px; background-color:#B6EAFA;"><p>나이 : 2살</p></td></tr>
		</tbody>
	</table>
              
              
      
              ',to_date('20/05/19','RR/MM/DD'),'/upload/dogImg/멍멍이.jpg',0,'erer2',0);
Insert into MMM.NOTICE (NOTICE_NO,NOTICE_TITLE,NOTICE_WRITER,NOTICE_CONTENT,NOTICE_DATE,NOTICE_IMGS,NOTICE_VIEW_COUNT,DOG_ID,NOTICE_DELETE_BOOL) values (440,'에러잡기','testmember','<table style=" margin: 0 auto;">
			<tbody>
			<tr>
				<td rowspan="5" style="width: 700px;"><p style="width:600px; height:400px; background-image: url(/upload/dogImg/noDogImg.png); background-position: center; background-size: cover; margin: 0 auto; margin-bottom:10px;">&nbsp;</p></td>
			</tr>
			
			
			
			<tr><td style=" width:300px; height:50px; font-size: 25px; font-weight:bold; text-align: center; border-radius: 20px; background-color:#B6EAFA;"><p>주인 : 디다</p></td></tr>
			<tr><td style=" width:300px; height:50px; font-size: 25px; font-weight:bold; text-align: center; border-radius: 20px; background-color:#B6EAFA;"><p>성별 : m</p></td></tr>
			<tr><td style=" width:300px; height:50px; font-size: 25px; font-weight:bold; text-align: center; border-radius: 20px; background-color:#B6EAFA;"><p>이름 : gaga11</p></td></tr>
			<tr><td style=" width:300px; height:50px; font-size: 25px; font-weight:bold; text-align: center; border-radius: 20px; background-color:#B6EAFA;"><p>나이 : 38살</p></td></tr>
		</tbody>
	</table>
              
              ',to_date('20/05/19','RR/MM/DD'),'/upload/dogImg/noDogImg.png',0,null,0);
Insert into MMM.NOTICE (NOTICE_NO,NOTICE_TITLE,NOTICE_WRITER,NOTICE_CONTENT,NOTICE_DATE,NOTICE_IMGS,NOTICE_VIEW_COUNT,DOG_ID,NOTICE_DELETE_BOOL) values (442,'gg','testmember','<img src="/sm/multiupload/2020051914055147eb2717-fb7a-4b68-9acc-750f76244af0.png
" title="interface.png" style="max-width:100%;"><br style="clear:both;"><table style=" margin: 0 auto;">
			<tbody>
			<tr>
				<td rowspan="5" style="width: 700px;"><p style="width:600px; height:400px; background-image: url(/upload/dogImg/noDogImg.png); background-position: center; background-size: cover; margin: 0 auto; margin-bottom:10px;">&nbsp;</p></td>
			</tr>
			
			
			
			<tr><td style=" width:300px; height:50px; font-size: 25px; font-weight:bold; text-align: center; border-radius: 20px; background-color:#B6EAFA;"><p>주인 : 디다</p></td></tr>
			<tr><td style=" width:300px; height:50px; font-size: 25px; font-weight:bold; text-align: center; border-radius: 20px; background-color:#B6EAFA;"><p>성별 : m</p></td></tr>
			<tr><td style=" width:300px; height:50px; font-size: 25px; font-weight:bold; text-align: center; border-radius: 20px; background-color:#B6EAFA;"><p>이름 : gaga11</p></td></tr>
			<tr><td style=" width:300px; height:50px; font-size: 25px; font-weight:bold; text-align: center; border-radius: 20px; background-color:#B6EAFA;"><p>나이 : 38살</p></td></tr>
		</tbody>
	</table>
              
              ',to_date('20/05/19','RR/MM/DD'),'/sm/multiupload/2020051914055147eb2717-fb7a-4b68-9acc-750f76244af0.png
',0,null,0);
Insert into MMM.NOTICE (NOTICE_NO,NOTICE_TITLE,NOTICE_WRITER,NOTICE_CONTENT,NOTICE_DATE,NOTICE_IMGS,NOTICE_VIEW_COUNT,DOG_ID,NOTICE_DELETE_BOOL) values (308,'1234564','user01','<table style=" margin: 0 auto;">
			<tbody>
			<tr>
				<td rowspan="5" style="width: 700px;"><p style="width:600px; height:400px; background-image: url(/sm/img/dogImg/dog2.jpg); background-position: center; background-size: cover; margin: 0 auto; margin-bottom:10px;">&nbsp;</p></td>
			</tr>
			
			
			
			<tr><td style=" width:300px; height:50px; font-size: 25px; font-weight:bold; text-align: center; border-radius: 20px; background-color:#B6EAFA;"><p>주인 : 병</p></td></tr>
			<tr><td style=" width:300px; height:50px; font-size: 25px; font-weight:bold; text-align: center; border-radius: 20px; background-color:#B6EAFA;"><p>성별 : M</p></td></tr>
			<tr><td style=" width:300px; height:50px; font-size: 25px; font-weight:bold; text-align: center; border-radius: 20px; background-color:#B6EAFA;"><p>이름 : 강지이름</p></td></tr>
			<tr><td style=" width:300px; height:50px; font-size: 25px; font-weight:bold; text-align: center; border-radius: 20px; background-color:#B6EAFA;"><p>나이 : 1살</p></td></tr>
		</tbody>
	</table>
              
              ',to_date('20/05/18','RR/MM/DD'),null,0,'강지이름',1);
Insert into MMM.NOTICE (NOTICE_NO,NOTICE_TITLE,NOTICE_WRITER,NOTICE_CONTENT,NOTICE_DATE,NOTICE_IMGS,NOTICE_VIEW_COUNT,DOG_ID,NOTICE_DELETE_BOOL) values (436,'설마 또?','member','ㅎㅎ<table style=" margin: 0 auto;">
			<tbody>
			<tr>
				<td rowspan="5" style="width: 700px;"><p style="width:600px; height:400px; background-image: url(/upload/dogImg/멍멍이.jpg); background-position: center; background-size: cover; margin: 0 auto; margin-bottom:10px;">&nbsp;</p></td>
			</tr>
			
			
			
			<tr><td style=" width:300px; height:50px; font-size: 25px; font-weight:bold; text-align: center; border-radius: 20px; background-color:#B6EAFA;"><p>주인 : 짜라</p></td></tr>
			<tr><td style=" width:300px; height:50px; font-size: 25px; font-weight:bold; text-align: center; border-radius: 20px; background-color:#B6EAFA;"><p>성별 : w</p></td></tr>
			<tr><td style=" width:300px; height:50px; font-size: 25px; font-weight:bold; text-align: center; border-radius: 20px; background-color:#B6EAFA;"><p>이름 : erer2</p></td></tr>
			<tr><td style=" width:300px; height:50px; font-size: 25px; font-weight:bold; text-align: center; border-radius: 20px; background-color:#B6EAFA;"><p>나이 : 2살</p></td></tr>
		</tbody>
	</table>ㅎ
              
              
      
              ',to_date('20/05/19','RR/MM/DD'),'/upload/dogImg/멍멍이.jpg',0,'erer2',0);
Insert into MMM.NOTICE (NOTICE_NO,NOTICE_TITLE,NOTICE_WRITER,NOTICE_CONTENT,NOTICE_DATE,NOTICE_IMGS,NOTICE_VIEW_COUNT,DOG_ID,NOTICE_DELETE_BOOL) values (318,'456','user01','<table style=" margin: 0 auto;">
			<tbody>
			<tr>
				<td rowspan="5" style="width: 700px;"><p style="width:600px; height:400px; background-image: url(/sm/img/dogImg/dog2.jpg); background-position: center; background-size: cover; margin: 0 auto; margin-bottom:10px;">&nbsp;</p></td>
			</tr>
			
			
			
			<tr><td style=" width:300px; height:50px; font-size: 25px; font-weight:bold; text-align: center; border-radius: 20px; background-color:#B6EAFA;"><p>주인 : 병</p></td></tr>
			<tr><td style=" width:300px; height:50px; font-size: 25px; font-weight:bold; text-align: center; border-radius: 20px; background-color:#B6EAFA;"><p>성별 : M</p></td></tr>
			<tr><td style=" width:300px; height:50px; font-size: 25px; font-weight:bold; text-align: center; border-radius: 20px; background-color:#B6EAFA;"><p>이름 : 강지이름</p></td></tr>
			<tr><td style=" width:300px; height:50px; font-size: 25px; font-weight:bold; text-align: center; border-radius: 20px; background-color:#B6EAFA;"><p>나이 : 1살</p></td></tr>
		</tbody>
	</table>
              
              ',to_date('20/05/18','RR/MM/DD'),'/sm/img/dogImg/dog2.jpg',0,'강지이름',0);
Insert into MMM.NOTICE (NOTICE_NO,NOTICE_TITLE,NOTICE_WRITER,NOTICE_CONTENT,NOTICE_DATE,NOTICE_IMGS,NOTICE_VIEW_COUNT,DOG_ID,NOTICE_DELETE_BOOL) values (432,'된거지?','user01','<table style=" margin: 0 auto;">
			<tbody>
			<tr>
				<td rowspan="5" style="width: 700px;"><p style="width:600px; height:400px; background-image: url(/sm/img/dogImg/dog2.jpg); background-position: center; background-size: cover; margin: 0 auto; margin-bottom:10px;">&nbsp;&nbsp;</p></td>
			</tr>
			
			
			
			<tr><td style=" width:300px; height:50px; font-size: 25px; font-weight:bold; text-align: center; border-radius: 20px; background-color:#B6EAFA;"><p>주인 : 병</p></td></tr>
			<tr><td style=" width:300px; height:50px; font-size: 25px; font-weight:bold; text-align: center; border-radius: 20px; background-color:#B6EAFA;"><p>성별 : M</p></td></tr>
			<tr><td style=" width:300px; height:50px; font-size: 25px; font-weight:bold; text-align: center; border-radius: 20px; background-color:#B6EAFA;"><p>이름 : 강지이름</p></td></tr>
			<tr><td style=" width:300px; height:50px; font-size: 25px; font-weight:bold; text-align: center; border-radius: 20px; background-color:#B6EAFA;"><p>나이 : 1살</p></td></tr>
		</tbody>
	</table><p>&nbsp;</p><p>&nbsp;</p><p>&nbsp;</p><p>&nbsp;</p><p><img src="/sm/multiupload/20200518180849e2923ff2-c2bf-4e71-811f-5c8ea12e2c5c.jpg
" title="20180422_174158873_108.jpg" style="max-width:100%;"><br style="clear:both;">&nbsp;</p><p>&nbsp;</p><p>&nbsp;</p><p><img src="/sm/multiupload/20200519102317fe057a62-6ae6-442c-b247-9b87c0df1c80.jpg
" title="20180422_174412447_349.jpg" style="max-width:100%;"><br style="clear:both;"><img src="/sm/multiupload/20200519102317673532ba-5310-4bf0-b65d-02ab815ec619.jpg
" title="20180422_174743637_226.jpg" style="max-width:100%;"><br style="clear:both;">&nbsp;</p><p>&nbsp;</p><p>&nbsp;</p><p>아ㅣ아ㅣ아ㅣㅜ</p><p>처단뷰차ㅓㄴ듀처ㅏㄴㅇ듀처ㅏ쥰</p><p>&nbsp;</p><p>&nbsp;ㅏㅓㅣㅏㅓㅏㅣㅓㅏㅣㅓㅏㅣㅓㅣ</p><p>Vㅈ다프자푸ㅏㅈ이</p><p>&nbsp;</p><p>&nbsp;</p><p>&nbsp;</p><p>&nbsp;</p><p>&nbsp;</p><p>&nbsp;</p><p>&nbsp;ㄹㄹㄹㄹㄹㄹㄹㄹㄹㄹㄹㄹㄹㄹㄹㄹㄹㄹㄹㄹㄹㄹㄹㄹㄹㄹㄹㄹㄹㄹㄹㄹㄹㄹㄹㄹㄹㄹㄹㄹㄹㄹㄹㄹㄹㄹㄹㄹㄹㄹㄹㄹㄹㄹㄹㄹㄹㄹㄹㄹㄹㄹㄹㄹㄹㄹㄹㄹㄹㄹㄹㄹㄹㄹㄹㄹㄹㄹㄹㄹㄹㄹㄹㄹㄹㄹㄹㄹㄹㄹㄹㄹㄹㄹㄹㄹㄹㄹㄹㄹㄹㄹㄹㄹㄹㄹㄹㄹㄹㄹㄹㄹㄹㄹㄹㄹㄹㄹㄹㄹㄹㄹㄹㄹㄹㄹㄹㄹㄹㄹㄹㄹㄹㄹㄹㄹㄹㄹㄹㄹㄹㄹㄹㄹㄹㄹㄹㄹㄹㄹㄹㄹㄹㄹㄹㄹㄹㄹㄹㄹㄹㄹㄹㄹㄹㄹㄹㄹㄹㄹㄹㄹㄹㄹㄹㄹㄹㄹㄹㄹㄹㄹㄹㄹㄹㄹㄹㄹㄹㄹㄹㄹㄹㄹ</p><p>&nbsp;</p><p>&nbsp;</p><p><br style="clear:both;">&nbsp;</p><p>&nbsp;</p>
      
              
      
              
      
              
      
              
      
              
      
              
      
              
      
              
      
              
      
              
      
              ',to_date('20/05/19','RR/MM/DD'),'/sm/multiupload/20200518180849e2923ff2-c2bf-4e71-811f-5c8ea12e2c5c.jpg
',0,'강지이름',0);
Insert into MMM.NOTICE (NOTICE_NO,NOTICE_TITLE,NOTICE_WRITER,NOTICE_CONTENT,NOTICE_DATE,NOTICE_IMGS,NOTICE_VIEW_COUNT,DOG_ID,NOTICE_DELETE_BOOL) values (320,'hlkjhlkjhk','user01','<table style=" margin: 0 auto;">
			<tbody>
			<tr>
				<td rowspan="5" style="width: 700px;"><p style="width:600px; height:400px; background-image: url(/sm/img/dogImg/dog2.jpg); background-position: center; background-size: cover; margin: 0 auto; margin-bottom:10px;">&nbsp;</p></td>
			</tr>
			
			
			
			<tr><td style=" width:300px; height:50px; font-size: 25px; font-weight:bold; text-align: center; border-radius: 20px; background-color:#B6EAFA;"><p>주인 : 병</p></td></tr>
			<tr><td style=" width:300px; height:50px; font-size: 25px; font-weight:bold; text-align: center; border-radius: 20px; background-color:#B6EAFA;"><p>성별 : M</p></td></tr>
			<tr><td style=" width:300px; height:50px; font-size: 25px; font-weight:bold; text-align: center; border-radius: 20px; background-color:#B6EAFA;"><p>이름 : 강지이름</p></td></tr>
			<tr><td style=" width:300px; height:50px; font-size: 25px; font-weight:bold; text-align: center; border-radius: 20px; background-color:#B6EAFA;"><p>나이 : 1살</p></td></tr>
		</tbody>
	</table>
              
              ',to_date('20/05/18','RR/MM/DD'),'/sm/img/dogImg/dog2.jpg',0,'강지이름',1);
Insert into MMM.NOTICE (NOTICE_NO,NOTICE_TITLE,NOTICE_WRITER,NOTICE_CONTENT,NOTICE_DATE,NOTICE_IMGS,NOTICE_VIEW_COUNT,DOG_ID,NOTICE_DELETE_BOOL) values (322,'kjkljklj;kj','user01','<table style=" margin: 0 auto;">
			<tbody>
			<tr>
				<td rowspan="5" style="width: 700px;"><p style="width:600px; height:400px; background-image: url(/sm/img/dogImg/dog2.jpg); background-position: center; background-size: cover; margin: 0 auto; margin-bottom:10px;">&nbsp;</p></td>
			</tr>
			
			
			
			<tr><td style=" width:300px; height:50px; font-size: 25px; font-weight:bold; text-align: center; border-radius: 20px; background-color:#B6EAFA;"><p>주인 : 병</p></td></tr>
			<tr><td style=" width:300px; height:50px; font-size: 25px; font-weight:bold; text-align: center; border-radius: 20px; background-color:#B6EAFA;"><p>성별 : M</p></td></tr>
			<tr><td style=" width:300px; height:50px; font-size: 25px; font-weight:bold; text-align: center; border-radius: 20px; background-color:#B6EAFA;"><p>이름 : 강지이름</p></td></tr>
			<tr><td style=" width:300px; height:50px; font-size: 25px; font-weight:bold; text-align: center; border-radius: 20px; background-color:#B6EAFA;"><p>나이 : 1살</p></td></tr>
		</tbody>
	</table><img src="/sm/multiupload/20200518150052ee205a50-bbe7-41a5-a317-b3f56d545aec.jpg
" title="20180422_174158873_108.jpg" style="max-width:100%;"><br style="clear:both;"><img src="/sm/multiupload/20200518150052089f8770-4839-4bf6-8f4f-c60a25659bc5.jpg
" title="20180422_174412447_349.jpg" style="max-width:100%;"><br style="clear:both;"><br><p>&nbsp;</p><p>&nbsp;</p>',to_date('20/05/18','RR/MM/DD'),'/sm/multiupload/20200518150052ee205a50-bbe7-41a5-a317-b3f56d545aec.jpg
',0,'강지이름',1);
Insert into MMM.NOTICE (NOTICE_NO,NOTICE_TITLE,NOTICE_WRITER,NOTICE_CONTENT,NOTICE_DATE,NOTICE_IMGS,NOTICE_VIEW_COUNT,DOG_ID,NOTICE_DELETE_BOOL) values (328,'bhjbjhbhjvhj','user01','<table style=" margin: 0 auto;">
			<tbody>
			<tr>
				<td rowspan="5" style="width: 700px;"><p style="width:600px; height:400px; background-image: url(/sm/img/dogImg/dog2.jpg); background-position: center; background-size: cover; margin: 0 auto; margin-bottom:10px;">&nbsp;</p></td>
			</tr>
			
			
			
			<tr><td style=" width:300px; height:50px; font-size: 25px; font-weight:bold; text-align: center; border-radius: 20px; background-color:#B6EAFA;"><p>주인 : 병</p></td></tr>
			<tr><td style=" width:300px; height:50px; font-size: 25px; font-weight:bold; text-align: center; border-radius: 20px; background-color:#B6EAFA;"><p>성별 : M</p></td></tr>
			<tr><td style=" width:300px; height:50px; font-size: 25px; font-weight:bold; text-align: center; border-radius: 20px; background-color:#B6EAFA;"><p>이름 : 강지이름</p></td></tr>
			<tr><td style=" width:300px; height:50px; font-size: 25px; font-weight:bold; text-align: center; border-radius: 20px; background-color:#B6EAFA;"><p>나이 : 1살</p></td></tr>
		</tbody>
	</table><p>&nbsp;</p><p>&nbsp;</p><p>&nbsp;</p><p>vjckkedwbvjkwbvjkwbdjkbjkb</p><p>&nbsp;</p><p>&nbsp;</p>',to_date('20/05/18','RR/MM/DD'),'/sm/img/dogImg/dog2.jpg',0,'강지이름',1);
Insert into MMM.NOTICE (NOTICE_NO,NOTICE_TITLE,NOTICE_WRITER,NOTICE_CONTENT,NOTICE_DATE,NOTICE_IMGS,NOTICE_VIEW_COUNT,DOG_ID,NOTICE_DELETE_BOOL) values (330,'lk;lkl;','user01','<br>
              
              ',to_date('20/05/18','RR/MM/DD'),'/sm/img/dogImg/dog2.jpg',0,'강지이름',1);
Insert into MMM.NOTICE (NOTICE_NO,NOTICE_TITLE,NOTICE_WRITER,NOTICE_CONTENT,NOTICE_DATE,NOTICE_IMGS,NOTICE_VIEW_COUNT,DOG_ID,NOTICE_DELETE_BOOL) values (332,'테스트임','user01','ㅓㅘㅓㅘㅓㅗㅓㅏㅗ',to_date('20/05/18','RR/MM/DD'),'/sm/img/dogImg/dog2.jpg',0,'강지이름',1);
Insert into MMM.NOTICE (NOTICE_NO,NOTICE_TITLE,NOTICE_WRITER,NOTICE_CONTENT,NOTICE_DATE,NOTICE_IMGS,NOTICE_VIEW_COUNT,DOG_ID,NOTICE_DELETE_BOOL) values (376,'ㅗㅓㅏㅗㅓㅏㅗㅓㅏㅗㅓㅏ','user01','<table style=" margin: 0 auto;">
			<tbody>
			<tr>
				<td rowspan="5" style="width: 700px;"><p style="width:600px; height:400px; background-image: url(/sm/img/dogImg/dog2.jpg); background-position: center; background-size: cover; margin: 0 auto; margin-bottom:10px;">&nbsp;</p></td>
			</tr>
			
			
			
			<tr><td style=" width:300px; height:50px; font-size: 25px; font-weight:bold; text-align: center; border-radius: 20px; background-color:#B6EAFA;"><p>주인 : 병</p></td></tr>
			<tr><td style=" width:300px; height:50px; font-size: 25px; font-weight:bold; text-align: center; border-radius: 20px; background-color:#B6EAFA;"><p>성별 : M</p></td></tr>
			<tr><td style=" width:300px; height:50px; font-size: 25px; font-weight:bold; text-align: center; border-radius: 20px; background-color:#B6EAFA;"><p>이름 : 강지이름</p></td></tr>
			<tr><td style=" width:300px; height:50px; font-size: 25px; font-weight:bold; text-align: center; border-radius: 20px; background-color:#B6EAFA;"><p>나이 : 1살ㅏㅓㅗㅓㅏㅗㅓㅏ</p></td></tr></tbody></table>',to_date('20/05/18','RR/MM/DD'),'/sm/img/dogImg/dog2.jpg',0,'강지이름',1);
Insert into MMM.NOTICE (NOTICE_NO,NOTICE_TITLE,NOTICE_WRITER,NOTICE_CONTENT,NOTICE_DATE,NOTICE_IMGS,NOTICE_VIEW_COUNT,DOG_ID,NOTICE_DELETE_BOOL) values (378,'jhkjhjkh','user01','<table style=" margin: 0 auto;">
			<tbody>
			<tr>
				<td rowspan="5" style="width: 700px;"><p style="width:600px; height:400px; background-image: url(/sm/img/dogImg/dog2.jpg); background-position: center; background-size: cover; margin: 0 auto; margin-bottom:10px;">&nbsp;</p></td>
			</tr>
			
			
			
			<tr><td style=" width:300px; height:50px; font-size: 25px; font-weight:bold; text-align: center; border-radius: 20px; background-color:#B6EAFA;"><p>주인 : 병</p></td></tr>
			<tr><td style=" width:300px; height:50px; font-size: 25px; font-weight:bold; text-align: center; border-radius: 20px; background-color:#B6EAFA;"><p>성별 : M</p></td></tr>
			<tr><td style=" width:300px; height:50px; font-size: 25px; font-weight:bold; text-align: center; border-radius: 20px; background-color:#B6EAFA;"><p>이름 : 강지이름</p></td></tr>
			<tr><td style=" width:300px; height:50px; font-size: 25px; font-weight:bold; text-align: center; border-radius: 20px; background-color:#B6EAFA;"><p>나이 : 1살</p></td></tr>
		</tbody>
	</table>
              
              ',to_date('20/05/18','RR/MM/DD'),'/sm/img/dogImg/dog2.jpg',0,'강지이름',1);
Insert into MMM.NOTICE (NOTICE_NO,NOTICE_TITLE,NOTICE_WRITER,NOTICE_CONTENT,NOTICE_DATE,NOTICE_IMGS,NOTICE_VIEW_COUNT,DOG_ID,NOTICE_DELETE_BOOL) values (380,'사업자 글임','bn01','<table style=" margin: 0 auto;">
			<tbody>
			<tr>
				<td rowspan="5" style="width: 700px;"><p style="width:600px; height:400px; background-image: url(/sm/img/dogImg/dog1.jpg); background-position: center; background-size: cover; margin: 0 auto; margin-bottom:10px;">&nbsp;</p></td>
			</tr>
			
			
			
			<tr><td style=" width:300px; height:50px; font-size: 25px; font-weight:bold; text-align: center; border-radius: 20px; background-color:#B6EAFA;"><p>주인 : 사업자01</p></td></tr>
			<tr><td style=" width:300px; height:50px; font-size: 25px; font-weight:bold; text-align: center; border-radius: 20px; background-color:#B6EAFA;"><p>성별 : M</p></td></tr>
			<tr><td style=" width:300px; height:50px; font-size: 25px; font-weight:bold; text-align: center; border-radius: 20px; background-color:#B6EAFA;"><p>이름 : dog1</p></td></tr>
			<tr><td style=" width:300px; height:50px; font-size: 25px; font-weight:bold; text-align: center; border-radius: 20px; background-color:#B6EAFA;"><p>나이 : 1살</p></td></tr>
		</tbody>
	</table><img src="/sm/multiupload/20200518172153eb2f2b94-5bcf-43be-84ea-24c4799a1bd7.jpg
" title="20180422_174412447_349.jpg" style="max-width:100%;"><br style="clear:both;"><img src="/sm/multiupload/20200518172153c95ba379-121f-4a67-8f5d-98f2851be2d1.jpg
" title="20180422_174158873_108.jpg" style="max-width:100%;"><br style="clear:both;"><br><p>&nbsp;</p><p>&nbsp;</p>',to_date('20/05/18','RR/MM/DD'),'/sm/multiupload/20200518172153eb2f2b94-5bcf-43be-84ea-24c4799a1bd7.jpg
',0,'dog1',1);
Insert into MMM.NOTICE (NOTICE_NO,NOTICE_TITLE,NOTICE_WRITER,NOTICE_CONTENT,NOTICE_DATE,NOTICE_IMGS,NOTICE_VIEW_COUNT,DOG_ID,NOTICE_DELETE_BOOL) values (384,'이거 테스트임','bn01','<table style=" margin: 0 auto;">
			<tbody>
			<tr>
				<td rowspan="5" style="width: 700px;"><p style="width:600px; height:400px; background-image: url(/sm/img/dogImg/dog1.jpg); background-position: center; background-size: cover; margin: 0 auto; margin-bottom:10px;">&nbsp;</p></td>
			</tr>
			
			
			
			<tr><td style=" width:300px; height:50px; font-size: 25px; font-weight:bold; text-align: center; border-radius: 20px; background-color:#B6EAFA;"><p>주인 : 사업자01</p></td></tr>
			<tr><td style=" width:300px; height:50px; font-size: 25px; font-weight:bold; text-align: center; border-radius: 20px; background-color:#B6EAFA;"><p>성별 : M</p></td></tr>
			<tr><td style=" width:300px; height:50px; font-size: 25px; font-weight:bold; text-align: center; border-radius: 20px; background-color:#B6EAFA;"><p>이름 : dog1</p></td></tr>
			<tr><td style=" width:300px; height:50px; font-size: 25px; font-weight:bold; text-align: center; border-radius: 20px; background-color:#B6EAFA;"><p>나이 : 1살</p></td></tr>
		</tbody>
	</table>
              
              ',to_date('20/05/18','RR/MM/DD'),'/sm/img/dogImg/dog1.jpg',0,'dog1',0);
Insert into MMM.NOTICE (NOTICE_NO,NOTICE_TITLE,NOTICE_WRITER,NOTICE_CONTENT,NOTICE_DATE,NOTICE_IMGS,NOTICE_VIEW_COUNT,DOG_ID,NOTICE_DELETE_BOOL) values (387,'츄뉴나ㅓㅠ차너ㅠ','user01','<table style=" margin: 0 auto;">
			<tbody>
			<tr>
				<td rowspan="5" style="width: 700px;"><p style="width:600px; height:400px; background-image: url(/sm/img/dogImg/dog2.jpg); background-position: center; background-size: cover; margin: 0 auto; margin-bottom:10px;">&nbsp;</p></td>
			</tr>
			
			
			
			<tr><td style=" width:300px; height:50px; font-size: 25px; font-weight:bold; text-align: center; border-radius: 20px; background-color:#B6EAFA;"><p>주인 : 병</p></td></tr>
			<tr><td style=" width:300px; height:50px; font-size: 25px; font-weight:bold; text-align: center; border-radius: 20px; background-color:#B6EAFA;"><p>성별 : M</p></td></tr>
			<tr><td style=" width:300px; height:50px; font-size: 25px; font-weight:bold; text-align: center; border-radius: 20px; background-color:#B6EAFA;"><p>이름 : 강지이름</p></td></tr>
			<tr><td style=" width:300px; height:50px; font-size: 25px; font-weight:bold; text-align: center; border-radius: 20px; background-color:#B6EAFA;"><p>나이 : 1살</p></td></tr>
		</tbody>
	</table>처단뷰차ㅓㄴ듀처ㅏㄴㅇ듀처ㅏ쥰<p>&nbsp;</p><p>&nbsp;</p>',to_date('20/05/18','RR/MM/DD'),'/sm/img/dogImg/dog2.jpg',0,'강지이름',0);
Insert into MMM.NOTICE (NOTICE_NO,NOTICE_TITLE,NOTICE_WRITER,NOTICE_CONTENT,NOTICE_DATE,NOTICE_IMGS,NOTICE_VIEW_COUNT,DOG_ID,NOTICE_DELETE_BOOL) values (389,'수정','user01','<table style=" margin: 0 auto;">
			<tbody>
			<tr>
				<td rowspan="5" style="width: 700px;"><p style="width:600px; height:400px; background-image: url(/sm/img/dogImg/dog2.jpg); background-position: center; background-size: cover; margin: 0 auto; margin-bottom:10px;">&nbsp;</p></td>
			</tr>
			
			
			
			<tr><td style=" width:300px; height:50px; font-size: 25px; font-weight:bold; text-align: center; border-radius: 20px; background-color:#B6EAFA;"><p>주인 : 병</p></td></tr>
			<tr><td style=" width:300px; height:50px; font-size: 25px; font-weight:bold; text-align: center; border-radius: 20px; background-color:#B6EAFA;"><p>성별 : M</p></td></tr>
			<tr><td style=" width:300px; height:50px; font-size: 25px; font-weight:bold; text-align: center; border-radius: 20px; background-color:#B6EAFA;"><p>이름 : 강지이름</p></td></tr>
			<tr><td style=" width:300px; height:50px; font-size: 25px; font-weight:bold; text-align: center; border-radius: 20px; background-color:#B6EAFA;"><p>나이 : 1살</p></td></tr>
		</tbody>
	</table>처단뷰차ㅓㄴ듀처ㅏㄴㅇ듀처ㅏ쥰<p>&nbsp;</p><p>&nbsp;</p><p>Vㅈ다프자푸ㅏㅈ이</p><p>&nbsp;</p>
      
              ',to_date('20/05/18','RR/MM/DD'),'/sm/img/dogImg/dog2.jpg',0,null,0);
Insert into MMM.NOTICE (NOTICE_NO,NOTICE_TITLE,NOTICE_WRITER,NOTICE_CONTENT,NOTICE_DATE,NOTICE_IMGS,NOTICE_VIEW_COUNT,DOG_ID,NOTICE_DELETE_BOOL) values (391,'수정','user01','<table style=" margin: 0 auto;">
			<tbody>
			<tr>
				<td rowspan="5" style="width: 700px;"><p style="width:600px; height:400px; background-image: url(/sm/img/dogImg/dog2.jpg); background-position: center; background-size: cover; margin: 0 auto; margin-bottom:10px;">&nbsp;<img src="/sm/multiupload/20200518180828a6205a2f-2362-4560-bf67-03ae7edcad22.jpg
" title="20180422_174412447_349.jpg" style="max-width:100%;">&nbsp;</p></td>
			</tr>
			
			
			
			<tr><td style=" width:300px; height:50px; font-size: 25px; font-weight:bold; text-align: center; border-radius: 20px; background-color:#B6EAFA;"><p>주인 : 병</p></td></tr>
			<tr><td style=" width:300px; height:50px; font-size: 25px; font-weight:bold; text-align: center; border-radius: 20px; background-color:#B6EAFA;"><p>성별 : M</p></td></tr>
			<tr><td style=" width:300px; height:50px; font-size: 25px; font-weight:bold; text-align: center; border-radius: 20px; background-color:#B6EAFA;"><p>이름 : 강지이름</p></td></tr>
			<tr><td style=" width:300px; height:50px; font-size: 25px; font-weight:bold; text-align: center; border-radius: 20px; background-color:#B6EAFA;"><p>나이 : 1살</p></td></tr>
		</tbody>
	</table>처단뷰차ㅓㄴ듀처ㅏㄴㅇ듀처ㅏ쥰<p>&nbsp;</p><p>&nbsp;</p><p>Vㅈ다프자푸ㅏㅈ이</p><p>&nbsp;</p>
      
              
      
              ',to_date('20/05/18','RR/MM/DD'),'/sm/multiupload/20200518180828a6205a2f-2362-4560-bf67-03ae7edcad22.jpg
',0,null,0);
Insert into MMM.NOTICE (NOTICE_NO,NOTICE_TITLE,NOTICE_WRITER,NOTICE_CONTENT,NOTICE_DATE,NOTICE_IMGS,NOTICE_VIEW_COUNT,DOG_ID,NOTICE_DELETE_BOOL) values (393,'수정','user01','<table style=" margin: 0 auto;">
			<tbody>
			<tr>
				<td rowspan="5" style="width: 700px;"><p style="width:600px; height:400px; background-image: url(/sm/img/dogImg/dog2.jpg); background-position: center; background-size: cover; margin: 0 auto; margin-bottom:10px;">&nbsp;&nbsp;</p></td>
			</tr>
			
			
			
			<tr><td style=" width:300px; height:50px; font-size: 25px; font-weight:bold; text-align: center; border-radius: 20px; background-color:#B6EAFA;"><p>주인 : 병</p></td></tr>
			<tr><td style=" width:300px; height:50px; font-size: 25px; font-weight:bold; text-align: center; border-radius: 20px; background-color:#B6EAFA;"><p>성별 : M</p></td></tr>
			<tr><td style=" width:300px; height:50px; font-size: 25px; font-weight:bold; text-align: center; border-radius: 20px; background-color:#B6EAFA;"><p>이름 : 강지이름</p></td></tr>
			<tr><td style=" width:300px; height:50px; font-size: 25px; font-weight:bold; text-align: center; border-radius: 20px; background-color:#B6EAFA;"><p>나이 : 1살</p></td></tr>
		</tbody>
	</table><p>&nbsp;</p><p>&nbsp;</p><p>&nbsp;</p><p>&nbsp;</p><p><img src="/sm/multiupload/20200518180849e2923ff2-c2bf-4e71-811f-5c8ea12e2c5c.jpg
" title="20180422_174158873_108.jpg" style="max-width:100%;"><br style="clear:both;">&nbsp;</p><p>&nbsp;</p><p>&nbsp;</p><p>아ㅣ아ㅣ아ㅣㅜ</p><p>처단뷰차ㅓㄴ듀처ㅏㄴㅇ듀처ㅏ쥰</p><p>&nbsp;</p><p>&nbsp;</p><p>Vㅈ다프자푸ㅏㅈ이</p><p>&nbsp;</p>
      
              
      
              
      
              ',to_date('20/05/18','RR/MM/DD'),'/sm/multiupload/20200518180849e2923ff2-c2bf-4e71-811f-5c8ea12e2c5c.jpg
',0,null,0);
Insert into MMM.NOTICE (NOTICE_NO,NOTICE_TITLE,NOTICE_WRITER,NOTICE_CONTENT,NOTICE_DATE,NOTICE_IMGS,NOTICE_VIEW_COUNT,DOG_ID,NOTICE_DELETE_BOOL) values (395,'ㅇㄴ추라ㅣㅈ부ㅏㅣ','bn01','<table style=" margin: 0 auto;">
			<tbody>
			<tr>
				<td rowspan="5" style="width: 700px;"><p style="width:600px; height:400px; background-image: url(/sm/img/dogImg/dog1.jpg); background-position: center; background-size: cover; margin: 0 auto; margin-bottom:10px;">&nbsp;</p></td>
			</tr>
			
			
			
			<tr><td style=" width:300px; height:50px; font-size: 25px; font-weight:bold; text-align: center; border-radius: 20px; background-color:#B6EAFA;"><p>주인 : 사업자01</p></td></tr>
			<tr><td style=" width:300px; height:50px; font-size: 25px; font-weight:bold; text-align: center; border-radius: 20px; background-color:#B6EAFA;"><p>성별 : M</p></td></tr>
			<tr><td style=" width:300px; height:50px; font-size: 25px; font-weight:bold; text-align: center; border-radius: 20px; background-color:#B6EAFA;"><p>이름 : dog1</p></td></tr>
			<tr><td style=" width:300px; height:50px; font-size: 25px; font-weight:bold; text-align: center; border-radius: 20px; background-color:#B6EAFA;"><p>나이 : 1살</p></td></tr>
		</tbody>
	</table><p>&nbsp;</p><p>처받츄ㅏ버쥬</p><p>&nbsp;</p><p>&nbsp;</p><p><img src="/sm/multiupload/2020051818093194aad500-563f-48c1-bd5f-6732e988f252.jpg
" title="20180422_174412447_349.jpg" style="max-width:100%;"><br style="clear:both;"><img src="/sm/multiupload/20200518180931497aa7ee-5a7d-4a31-ac37-759b52e16972.jpg
" title="20180422_174652399_241.jpg" style="max-width:100%;"><br style="clear:both;">&nbsp;</p><p>&nbsp;</p><p>&nbsp;</p>',to_date('20/05/18','RR/MM/DD'),'/sm/multiupload/2020051818093194aad500-563f-48c1-bd5f-6732e988f252.jpg
',0,'dog1',0);
Insert into MMM.NOTICE (NOTICE_NO,NOTICE_TITLE,NOTICE_WRITER,NOTICE_CONTENT,NOTICE_DATE,NOTICE_IMGS,NOTICE_VIEW_COUNT,DOG_ID,NOTICE_DELETE_BOOL) values (397,'수정 테스트','bn01','<table style=" margin: 0 auto;">
			<tbody>
			<tr>
				<td rowspan="5" style="width: 700px;"><p style="width:600px; height:400px; background-image: url(/sm/img/dogImg/dog1.jpg); background-position: center; background-size: cover; margin: 0 auto; margin-bottom:10px;">&nbsp;</p></td>
			</tr>
			
			
			
			<tr><td style=" width:300px; height:50px; font-size: 25px; font-weight:bold; text-align: center; border-radius: 20px; background-color:#B6EAFA;"><p>주인 : 사업자01</p></td></tr>
			<tr><td style=" width:300px; height:50px; font-size: 25px; font-weight:bold; text-align: center; border-radius: 20px; background-color:#B6EAFA;"><p>성별 : M</p></td></tr>
			<tr><td style=" width:300px; height:50px; font-size: 25px; font-weight:bold; text-align: center; border-radius: 20px; background-color:#B6EAFA;"><p>이름 : dog1</p></td></tr>
			<tr><td style=" width:300px; height:50px; font-size: 25px; font-weight:bold; text-align: center; border-radius: 20px; background-color:#B6EAFA;"><p>나이 : 1살</p></td></tr>
		</tbody>
	</table><p>&nbsp;</p><p><span style="font-size: 36pt; color: rgb(255, 0, 0);"><b>되냐?</b></span></p><p>&nbsp;</p><p>&nbsp;</p><p><img src="/sm/multiupload/2020051818093194aad500-563f-48c1-bd5f-6732e988f252.jpg
" title="20180422_174412447_349.jpg" style="max-width:100%;"><br style="clear:both;"><img src="/sm/multiupload/20200518180931497aa7ee-5a7d-4a31-ac37-759b52e16972.jpg
" title="20180422_174652399_241.jpg" style="max-width:100%;"><br style="clear:both;">&nbsp;</p><p>&nbsp;</p><p>&nbsp;</p>
      
              ',to_date('20/05/18','RR/MM/DD'),'/sm/multiupload/2020051818093194aad500-563f-48c1-bd5f-6732e988f252.jpg
',0,null,0);
Insert into MMM.NOTICE (NOTICE_NO,NOTICE_TITLE,NOTICE_WRITER,NOTICE_CONTENT,NOTICE_DATE,NOTICE_IMGS,NOTICE_VIEW_COUNT,DOG_ID,NOTICE_DELETE_BOOL) values (399,'강아지 수정할게요','bn01','<table style=" margin: 0 auto;">
			<tbody>
			<tr>
				<td rowspan="5" style="width: 700px;"><p style="width:600px; height:400px; background-image: url(/sm/img/dogImg/dog1.jpg); background-position: center; background-size: cover; margin: 0 auto; margin-bottom:10px;">&nbsp;</p></td>
			</tr>
			
			
			
			<tr><td style=" width:300px; height:50px; font-size: 25px; font-weight:bold; text-align: center; border-radius: 20px; background-color:#B6EAFA;"><p>주인 : 사업자01</p></td></tr>
			<tr><td style=" width:300px; height:50px; font-size: 25px; font-weight:bold; text-align: center; border-radius: 20px; background-color:#B6EAFA;"><p>성별 : F</p></td></tr>
			<tr><td style=" width:300px; height:50px; font-size: 25px; font-weight:bold; text-align: center; border-radius: 20px; background-color:#B6EAFA;"><p>이름 : 흰둥이</p></td></tr>
			<tr><td style=" width:300px; height:50px; font-size: 25px; font-weight:bold; text-align: center; border-radius: 20px; background-color:#B6EAFA;"><p>나이 : 10살</p></td></tr>
		</tbody>
	</table><p>&nbsp;</p><p>&nbsp;</p><p>&nbsp;</p><p>&nbsp;</p><p style="text-align: center; " align="center"><span style="font-size: 14pt;">?수정 중 입니다.</span>&nbsp;</p><p style="text-align: center; " align="center"><span style="font-size: 14pt;">확인하세요.</span></p><p>&nbsp;</p><p>&nbsp;</p>',to_date('20/05/18','RR/MM/DD'),'/sm/img/dogImg/dog1.jpg',0,'dog1',0);
Insert into MMM.NOTICE (NOTICE_NO,NOTICE_TITLE,NOTICE_WRITER,NOTICE_CONTENT,NOTICE_DATE,NOTICE_IMGS,NOTICE_VIEW_COUNT,DOG_ID,NOTICE_DELETE_BOOL) values (401,'수정 완료','bn01','<table style=" margin: 0 auto;">
			<tbody>
			<tr>
				<td rowspan="5" style="width: 700px;"><p style="width:600px; height:400px; background-image: url(/sm/img/dogImg/dog1.jpg); background-position: center; background-size: cover; margin: 0 auto; margin-bottom:10px;">&nbsp;</p></td>
			</tr>
			
			
			
			<tr><td style=" width:300px; height:50px; font-size: 25px; font-weight:bold; text-align: center; border-radius: 20px; background-color:#B6EAFA;"><p>주인 : 사업자01</p></td></tr>
			<tr><td style=" width:300px; height:50px; font-size: 25px; font-weight:bold; text-align: center; border-radius: 20px; background-color:#B6EAFA;"><p>성별 : F</p></td></tr>
			<tr><td style=" width:300px; height:50px; font-size: 25px; font-weight:bold; text-align: center; border-radius: 20px; background-color:#B6EAFA;"><p>이름 : 흰둥이</p></td></tr>
			<tr><td style=" width:300px; height:50px; font-size: 25px; font-weight:bold; text-align: center; border-radius: 20px; background-color:#B6EAFA;"><p>나이 : 10살</p></td></tr>
		</tbody>
	</table><p>&nbsp;</p><p>&nbsp;</p><p>&nbsp;</p><p>&nbsp;</p><p style="text-align: center; " align="center"><span style="font-size: 14pt;">?수정 중 입니다.</span>&nbsp;</p><p style="text-align: center; " align="center"><span style="font-size: 14pt;">확인하세요.</span></p><p style="text-align: center; " align="center"><span style="font-size: 18.6667px;">-</span></p><p style="text-align: center; " align="center"><span style="font-size: 18.6667px;">-</span></p><p style="text-align: center; " align="center"><span style="font-size: 18.6667px;">-</span></p><p style="text-align: center; " align="center"><span style="font-size: 18.6667px;">-</span></p><p style="text-align: center; " align="center"><span style="font-size: 18.6667px;">수정되었습니다.</span></p><p>&nbsp;</p><p>&nbsp;</p>
      
              ',to_date('20/05/18','RR/MM/DD'),'/sm/img/dogImg/dog1.jpg',0,null,0);
Insert into MMM.NOTICE (NOTICE_NO,NOTICE_TITLE,NOTICE_WRITER,NOTICE_CONTENT,NOTICE_DATE,NOTICE_IMGS,NOTICE_VIEW_COUNT,DOG_ID,NOTICE_DELETE_BOOL) values (422,'수정','user01','<table style=" margin: 0 auto;">
			<tbody>
			<tr>
				<td rowspan="5" style="width: 700px;"><p style="width:600px; height:400px; background-image: url(/sm/img/dogImg/dog2.jpg); background-position: center; background-size: cover; margin: 0 auto; margin-bottom:10px;">&nbsp;&nbsp;</p></td>
			</tr>
			
			
			
			<tr><td style=" width:300px; height:50px; font-size: 25px; font-weight:bold; text-align: center; border-radius: 20px; background-color:#B6EAFA;"><p>주인 : 병</p></td></tr>
			<tr><td style=" width:300px; height:50px; font-size: 25px; font-weight:bold; text-align: center; border-radius: 20px; background-color:#B6EAFA;"><p>성별 : M</p></td></tr>
			<tr><td style=" width:300px; height:50px; font-size: 25px; font-weight:bold; text-align: center; border-radius: 20px; background-color:#B6EAFA;"><p>이름 : 강지이름</p></td></tr>
			<tr><td style=" width:300px; height:50px; font-size: 25px; font-weight:bold; text-align: center; border-radius: 20px; background-color:#B6EAFA;"><p>나이 : 1살</p></td></tr>
		</tbody>
	</table><p>&nbsp;</p><p>&nbsp;</p><p>&nbsp;</p><p>&nbsp;</p><p><img src="/sm/multiupload/20200518180849e2923ff2-c2bf-4e71-811f-5c8ea12e2c5c.jpg
" title="20180422_174158873_108.jpg" style="max-width:100%;"><br style="clear:both;">&nbsp;</p><p>&nbsp;</p><p>&nbsp;</p><p>아ㅣ아ㅣ아ㅣㅜ</p><p>처단뷰차ㅓㄴ듀처ㅏㄴㅇ듀처ㅏ쥰</p><p>&nbsp;</p><p>&nbsp;ㅏㅓㅣㅏㅓㅏㅣㅓㅏㅣㅓㅏㅣㅓㅣ</p><p>Vㅈ다프자푸ㅏㅈ이</p><p>&nbsp;</p><p>&nbsp;</p><p>&nbsp;</p><p>&nbsp;</p><p>&nbsp;</p><p>&nbsp;</p><p>&nbsp;</p><p>&nbsp;</p><p>&nbsp;</p><p><img src="/sm/multiupload/20200519094926196349a6-2b88-4d0c-8d6f-a3cbb96a2720.jpg
" title="20180422_174453770_556.jpg" style="max-width:100%;"><br style="clear:both;">&nbsp;</p><p>&nbsp;</p>
      
              
      
              
      
              
      
              ',to_date('20/05/19','RR/MM/DD'),'/sm/multiupload/20200518180849e2923ff2-c2bf-4e71-811f-5c8ea12e2c5c.jpg
',0,null,0);
Insert into MMM.NOTICE (NOTICE_NO,NOTICE_TITLE,NOTICE_WRITER,NOTICE_CONTENT,NOTICE_DATE,NOTICE_IMGS,NOTICE_VIEW_COUNT,DOG_ID,NOTICE_DELETE_BOOL) values (424,'수정','user01','<table style=" margin: 0 auto;">
			<tbody>
			<tr>
				<td rowspan="5" style="width: 700px;"><p style="width:600px; height:400px; background-image: url(/sm/img/dogImg/dog2.jpg); background-position: center; background-size: cover; margin: 0 auto; margin-bottom:10px;">&nbsp;&nbsp;</p></td>
			</tr>
			
			
			
			<tr><td style=" width:300px; height:50px; font-size: 25px; font-weight:bold; text-align: center; border-radius: 20px; background-color:#B6EAFA;"><p>주인 : 병</p></td></tr>
			<tr><td style=" width:300px; height:50px; font-size: 25px; font-weight:bold; text-align: center; border-radius: 20px; background-color:#B6EAFA;"><p>성별 : M</p></td></tr>
			<tr><td style=" width:300px; height:50px; font-size: 25px; font-weight:bold; text-align: center; border-radius: 20px; background-color:#B6EAFA;"><p>이름 : 강지이름</p></td></tr>
			<tr><td style=" width:300px; height:50px; font-size: 25px; font-weight:bold; text-align: center; border-radius: 20px; background-color:#B6EAFA;"><p>나이 : 1살</p></td></tr>
		</tbody>
	</table><p>&nbsp;</p><p>&nbsp;</p><p>&nbsp;</p><p>&nbsp;</p><p><img src="/sm/multiupload/20200518180849e2923ff2-c2bf-4e71-811f-5c8ea12e2c5c.jpg
" title="20180422_174158873_108.jpg" style="max-width:100%;"><br style="clear:both;">&nbsp;</p><p>&nbsp;</p><p>&nbsp;</p><p>아ㅣ아ㅣ아ㅣㅜ</p><p>처단뷰차ㅓㄴ듀처ㅏㄴㅇ듀처ㅏ쥰</p><p>&nbsp;</p><p>&nbsp;</p><p>Vㅈ다프자푸ㅏㅈ이</p><p>&nbsp;</p>
      
              
      
              
      
              
      
              ',to_date('20/05/19','RR/MM/DD'),'/sm/multiupload/20200518180849e2923ff2-c2bf-4e71-811f-5c8ea12e2c5c.jpg
',0,null,0);
Insert into MMM.NOTICE (NOTICE_NO,NOTICE_TITLE,NOTICE_WRITER,NOTICE_CONTENT,NOTICE_DATE,NOTICE_IMGS,NOTICE_VIEW_COUNT,DOG_ID,NOTICE_DELETE_BOOL) values (426,'수정','user01','<table style=" margin: 0 auto;">
			<tbody>
			<tr>
				<td rowspan="5" style="width: 700px;"><p style="width:600px; height:400px; background-image: url(/sm/img/dogImg/dog2.jpg); background-position: center; background-size: cover; margin: 0 auto; margin-bottom:10px;">&nbsp;&nbsp;</p></td>
			</tr>
			
			
			
			<tr><td style=" width:300px; height:50px; font-size: 25px; font-weight:bold; text-align: center; border-radius: 20px; background-color:#B6EAFA;"><p>주인 : 병</p></td></tr>
			<tr><td style=" width:300px; height:50px; font-size: 25px; font-weight:bold; text-align: center; border-radius: 20px; background-color:#B6EAFA;"><p>성별 : M</p></td></tr>
			<tr><td style=" width:300px; height:50px; font-size: 25px; font-weight:bold; text-align: center; border-radius: 20px; background-color:#B6EAFA;"><p>이름 : 강지이름</p></td></tr>
			<tr><td style=" width:300px; height:50px; font-size: 25px; font-weight:bold; text-align: center; border-radius: 20px; background-color:#B6EAFA;"><p>나이 : 1살</p></td></tr>
		</tbody>
	</table><p>&nbsp;</p><p>&nbsp;</p><p>&nbsp;</p><p>&nbsp;</p><p><img src="/sm/multiupload/20200518180849e2923ff2-c2bf-4e71-811f-5c8ea12e2c5c.jpg
" title="20180422_174158873_108.jpg" style="max-width:100%;"><br style="clear:both;">&nbsp;</p><p>&nbsp;</p><p>&nbsp;</p><p>아ㅣ아ㅣ아ㅣㅜ</p><p>처단뷰차ㅓㄴ듀처ㅏㄴㅇ듀처ㅏ쥰</p><p>&nbsp;</p><p>&nbsp;ㅏㅓㅣㅏㅓㅏㅣㅓㅏㅣㅓㅏㅣㅓㅣ</p><p>Vㅈ다프자푸ㅏㅈ이</p><p>&nbsp;</p><p>&nbsp;</p><p>&nbsp;</p><p>&nbsp;</p><p>&nbsp;</p><p>&nbsp;</p><p>&nbsp;</p><p>&nbsp;</p><p>&nbsp;</p><p><img src="/sm/multiupload/20200519094926196349a6-2b88-4d0c-8d6f-a3cbb96a2720.jpg
" title="20180422_174453770_556.jpg" style="max-width:100%;"><br style="clear:both;">&nbsp;</p><p>&nbsp;</p>
      
              
      
              
      
              
      
              
      
              ',to_date('20/05/19','RR/MM/DD'),'/sm/multiupload/20200518180849e2923ff2-c2bf-4e71-811f-5c8ea12e2c5c.jpg
',0,null,0);
Insert into MMM.NOTICE (NOTICE_NO,NOTICE_TITLE,NOTICE_WRITER,NOTICE_CONTENT,NOTICE_DATE,NOTICE_IMGS,NOTICE_VIEW_COUNT,DOG_ID,NOTICE_DELETE_BOOL) values (428,'수정','user01','<table style=" margin: 0 auto;">
			<tbody>
			<tr>
				<td rowspan="5" style="width: 700px;"><p style="width:600px; height:400px; background-image: url(/sm/img/dogImg/dog2.jpg); background-position: center; background-size: cover; margin: 0 auto; margin-bottom:10px;">&nbsp;&nbsp;</p></td>
			</tr>
			
			
			
			<tr><td style=" width:300px; height:50px; font-size: 25px; font-weight:bold; text-align: center; border-radius: 20px; background-color:#B6EAFA;"><p>주인 : 병</p></td></tr>
			<tr><td style=" width:300px; height:50px; font-size: 25px; font-weight:bold; text-align: center; border-radius: 20px; background-color:#B6EAFA;"><p>성별 : M</p></td></tr>
			<tr><td style=" width:300px; height:50px; font-size: 25px; font-weight:bold; text-align: center; border-radius: 20px; background-color:#B6EAFA;"><p>이름 : 강지이름</p></td></tr>
			<tr><td style=" width:300px; height:50px; font-size: 25px; font-weight:bold; text-align: center; border-radius: 20px; background-color:#B6EAFA;"><p>나이 : 1살</p></td></tr>
		</tbody>
	</table><p>&nbsp;</p><p>&nbsp;</p><p>&nbsp;</p><p>&nbsp;</p><p><img src="/sm/multiupload/20200518180849e2923ff2-c2bf-4e71-811f-5c8ea12e2c5c.jpg
" title="20180422_174158873_108.jpg" style="max-width:100%;"><br style="clear:both;">&nbsp;</p><p>&nbsp;</p><p>&nbsp;</p><p>아ㅣ아ㅣ아ㅣㅜ</p><p>처단뷰차ㅓㄴ듀처ㅏㄴㅇ듀처ㅏ쥰</p><p>&nbsp;</p><p>&nbsp;ㅏㅓㅣㅏㅓㅏㅣㅓㅏㅣㅓㅏㅣㅓㅣ</p><p>Vㅈ다프자푸ㅏㅈ이</p><p>&nbsp;</p><p>&nbsp;</p><p>&nbsp;</p><p>&nbsp;</p><p>&nbsp;</p><p>&nbsp;</p><p>&nbsp;</p><p>&nbsp;</p><p>&nbsp;</p><p><img src="/sm/multiupload/20200519094926196349a6-2b88-4d0c-8d6f-a3cbb96a2720.jpg
" title="20180422_174453770_556.jpg" style="max-width:100%;"><br style="clear:both;">&nbsp;</p><p>&nbsp;</p>
      
              
      
              
      
              
      
              
      
              
      
              ',to_date('20/05/19','RR/MM/DD'),'/sm/multiupload/20200518180849e2923ff2-c2bf-4e71-811f-5c8ea12e2c5c.jpg
',0,null,0);
Insert into MMM.NOTICE (NOTICE_NO,NOTICE_TITLE,NOTICE_WRITER,NOTICE_CONTENT,NOTICE_DATE,NOTICE_IMGS,NOTICE_VIEW_COUNT,DOG_ID,NOTICE_DELETE_BOOL) values (456,'지랄','newbe','<table style=" margin: 0 auto;">
		
			<tbody>
			
			<tr>
				<td rowspan="5" style="width: 700px;"><p style="width:600px; height:400px; background-image: url(/upload/dogImg/20180422_174814411_4.jpg); background-position: center; background-size: cover; margin: 0 auto; margin-bottom:10px;">&nbsp;</p></td>
			</tr>
				
			<tr><td style=" width:300px; height:50px; font-size: 25px; font-weight:bold; text-align: center; border-radius: 20px; background-color:#B6EAFA;"><p>주인 : newbe</p></td></tr>
			<tr><td style=" width:300px; height:50px; font-size: 25px; font-weight:bold; text-align: center; border-radius: 20px; background-color:#B6EAFA;"><p>성별 : </p></td></tr>
			<tr><td style=" width:300px; height:50px; font-size: 25px; font-weight:bold; text-align: center; border-radius: 20px; background-color:#B6EAFA;"><p>이름 : 딩딩이</p></td></tr>
			<tr><td style=" width:300px; height:50px; font-size: 25px; font-weight:bold; text-align: center; border-radius: 20px; background-color:#B6EAFA;"><p>나이 : 21살</p></td></tr>
		       
		</tbody>
		
			
	</table>
	
			
              ',to_date('20/05/19','RR/MM/DD'),'/upload/dogImg/20180422_174814411_4.jpg',0,null,0);
Insert into MMM.NOTICE (NOTICE_NO,NOTICE_TITLE,NOTICE_WRITER,NOTICE_CONTENT,NOTICE_DATE,NOTICE_IMGS,NOTICE_VIEW_COUNT,DOG_ID,NOTICE_DELETE_BOOL) values (458,'hjlhjk','newbe','<img src="/sm/multiupload/202005191714505ddff197-eef9-48fe-b4e9-cb14a514809c.jpg
" title="shutterstock_292917410.jpg" style="max-width:100%;"><br style="clear:both;"><img src="/sm/multiupload/20200519171450e4e33888-3379-4143-a98a-fd998c261647.jpg
" title="shutterstock_292917410.jpg" style="max-width:100%;"><br style="clear:both;"><img src="/sm/multiupload/2020051917145007215774-2f7a-4eef-933a-93de2df2dffa.jpg
" title="shutterstock_292917410.jpg" style="max-width:100%;"><br style="clear:both;"><table style=" margin: 0 auto;">
		
			<tbody>
			
		</tbody>
		
			
	</table>
	
			
              ',to_date('20/05/19','RR/MM/DD'),'/upload/dogImg/20180422_174814411_4.jpg',0,null,0);
Insert into MMM.NOTICE (NOTICE_NO,NOTICE_TITLE,NOTICE_WRITER,NOTICE_CONTENT,NOTICE_DATE,NOTICE_IMGS,NOTICE_VIEW_COUNT,DOG_ID,NOTICE_DELETE_BOOL) values (460,'gkgglk','newbe','<table style=" margin: 0 auto;">
		
			<tbody>
			
		</tbody>
		
			
	</table><img src="/sm/multiupload/202005191719247b9f62a9-360f-49ab-80ba-e000e0401ca0.jpg
" title="shutterstock_292917410.jpg" style="max-width:100%;"><br style="clear:both;"><img src="/sm/multiupload/20200519171924b6ee5e63-55df-4c48-ac01-3a1673b1af00.jpg
" title="shutterstock_292917410.jpg" style="max-width:100%;"><br style="clear:both;">
	
			
              ',to_date('20/05/19','RR/MM/DD'),'/sm/multiupload/202005191719247b9f62a9-360f-49ab-80ba-e000e0401ca0.jpg
/sm/multiupload/20200519171924b6ee5e63-55df-4c48-ac01-3a1673b1af00.jpg
',0,null,1);
Insert into MMM.NOTICE (NOTICE_NO,NOTICE_TITLE,NOTICE_WRITER,NOTICE_CONTENT,NOTICE_DATE,NOTICE_IMGS,NOTICE_VIEW_COUNT,DOG_ID,NOTICE_DELETE_BOOL) values (462,'fd','newbe','<table style=" margin: 0 auto;">
		
			<tbody>
			
		</tbody>
		
			
	</table>
	
			
              ',to_date('20/05/19','RR/MM/DD'),'/upload/dogImg/20180422_174814411_4.jpg',0,null,0);
Insert into MMM.NOTICE (NOTICE_NO,NOTICE_TITLE,NOTICE_WRITER,NOTICE_CONTENT,NOTICE_DATE,NOTICE_IMGS,NOTICE_VIEW_COUNT,DOG_ID,NOTICE_DELETE_BOOL) values (464,'mm','newbe','<table style=" margin: 0 auto;">
		
			<tbody>
			
		</tbody>
		
			
	</table>
	
			
              ',to_date('20/05/19','RR/MM/DD'),'/upload/dogImg/20180422_174814411_4.jpg',0,null,0);
Insert into MMM.NOTICE (NOTICE_NO,NOTICE_TITLE,NOTICE_WRITER,NOTICE_CONTENT,NOTICE_DATE,NOTICE_IMGS,NOTICE_VIEW_COUNT,DOG_ID,NOTICE_DELETE_BOOL) values (466,'hjkhkj','newbe','<img src="/sm/multiupload/2020051917270549b80ffb-a285-4146-b54a-ca9460d18c3a.jpg
" title="shutterstock_292917410.jpg" style="max-width:100%;"><br style="clear:both;"><img src="/sm/multiupload/202005191727056825aefb-261a-4dc5-af4e-c59e07b61a27.jpg
" title="shutterstock_292917410.jpg" style="max-width:100%;"><br style="clear:both;"><img src="/sm/multiupload/20200519172705c678be34-a12c-4c80-ab33-d97728b0586c.jpg
" title="shutterstock_292917410.jpg" style="max-width:100%;"><br style="clear:both;"><table style=" margin: 0 auto;">
		
			<tbody>
			
		</tbody>
		
			
	</table>
	
			
              ',to_date('20/05/19','RR/MM/DD'),'/sm/multiupload/2020051917270549b80ffb-a285-4146-b54a-ca9460d18c3a.jpg
/sm/multiupload/202005191727056825aefb-261a-4dc5-af4e-c59e07b61a27.jpg
/sm/multiupload/20200519172705c678be34-a12c-4c80-ab33-d97728b0586c.jpg
',0,null,1);
Insert into MMM.NOTICE (NOTICE_NO,NOTICE_TITLE,NOTICE_WRITER,NOTICE_CONTENT,NOTICE_DATE,NOTICE_IMGS,NOTICE_VIEW_COUNT,DOG_ID,NOTICE_DELETE_BOOL) values (468,'hghj','qwer123','<table style=" margin: 0 auto;">
		
			<tbody>
			
			<tr>
				<td rowspan="5" style="width: 700px;"><p style="width:600px; height:400px; background-image: url(/upload/dogImg/shutterstock_2929174104.jpg); background-position: center; background-size: cover; margin: 0 auto; margin-bottom:10px;">&nbsp;</p></td>
			</tr>
				
			<tr><td style=" width:300px; height:50px; font-size: 25px; font-weight:bold; text-align: center; border-radius: 20px; background-color:#B6EAFA;"><p>주인 : 김용준임</p></td></tr>
			<tr><td style=" width:300px; height:50px; font-size: 25px; font-weight:bold; text-align: center; border-radius: 20px; background-color:#B6EAFA;"><p>성별 : m</p></td></tr>
			<tr><td style=" width:300px; height:50px; font-size: 25px; font-weight:bold; text-align: center; border-radius: 20px; background-color:#B6EAFA;"><p>이름 : 둥둥이</p></td></tr>
			<tr><td style=" width:300px; height:50px; font-size: 25px; font-weight:bold; text-align: center; border-radius: 20px; background-color:#B6EAFA;"><p>나이 : 10살</p></td></tr>
		
		</tbody>
			
			
	</table>
		
			
              ',to_date('20/05/19','RR/MM/DD'),'/upload/dogImg/shutterstock_2929174104.jpg',0,null,0);
Insert into MMM.NOTICE (NOTICE_NO,NOTICE_TITLE,NOTICE_WRITER,NOTICE_CONTENT,NOTICE_DATE,NOTICE_IMGS,NOTICE_VIEW_COUNT,DOG_ID,NOTICE_DELETE_BOOL) values (470,'바보','qwer123','<table style=" margin: 0 auto;">
		
			<tbody>
			
			<tr>
				<td rowspan="5" style="width: 700px;"><p style="width:600px; height:400px; background-image: url(/upload/dogImg/shutterstock_2929174104.jpg); background-position: center; background-size: cover; margin: 0 auto; margin-bottom:10px;">&nbsp;</p></td>
			</tr>
				
			<tr><td style=" width:300px; height:50px; font-size: 25px; font-weight:bold; text-align: center; border-radius: 20px; background-color:#B6EAFA;"><p>주인 : 김용준임</p></td></tr>
			<tr><td style=" width:300px; height:50px; font-size: 25px; font-weight:bold; text-align: center; border-radius: 20px; background-color:#B6EAFA;"><p>성별 : m</p></td></tr>
			<tr><td style=" width:300px; height:50px; font-size: 25px; font-weight:bold; text-align: center; border-radius: 20px; background-color:#B6EAFA;"><p>이름 : 둥둥이</p></td></tr>
			<tr><td style=" width:300px; height:50px; font-size: 25px; font-weight:bold; text-align: center; border-radius: 20px; background-color:#B6EAFA;"><p>나이 : 10살</p></td></tr>
		
		</tbody>
			
			
	</table>
		
			
              ',to_date('20/05/19','RR/MM/DD'),'/upload/dogImg/shutterstock_2929174104.jpg',0,null,0);
Insert into MMM.NOTICE (NOTICE_NO,NOTICE_TITLE,NOTICE_WRITER,NOTICE_CONTENT,NOTICE_DATE,NOTICE_IMGS,NOTICE_VIEW_COUNT,DOG_ID,NOTICE_DELETE_BOOL) values (472,'ㅗㅓㅏㅗㅓㅏㅘㅓ','qwer123','<table style=" margin: 0 auto;">
		
			<tbody>
			
			<tr>
				<td rowspan="5" style="width: 700px;"><p style="width:600px; height:400px; background-image: url(/upload/dogImg/shutterstock_2929174104.jpg); background-position: center; background-size: cover; margin: 0 auto; margin-bottom:10px;">&nbsp;</p></td>
			</tr>
				
			<tr><td style=" width:300px; height:50px; font-size: 25px; font-weight:bold; text-align: center; border-radius: 20px; background-color:#B6EAFA;"><p>주인 : 김용준임</p></td></tr>
			<tr><td style=" width:300px; height:50px; font-size: 25px; font-weight:bold; text-align: center; border-radius: 20px; background-color:#B6EAFA;"><p>성별 : m</p></td></tr>
			<tr><td style=" width:300px; height:50px; font-size: 25px; font-weight:bold; text-align: center; border-radius: 20px; background-color:#B6EAFA;"><p>이름 : 둥둥이</p></td></tr>
			<tr><td style=" width:300px; height:50px; font-size: 25px; font-weight:bold; text-align: center; border-radius: 20px; background-color:#B6EAFA;"><p>나이 : 10살</p></td></tr>

			
			
			
		</tbody>
			
			
	</table>
		
			
              ',to_date('20/05/19','RR/MM/DD'),'/upload/dogImg/shutterstock_2929174104.jpg',0,null,0);
Insert into MMM.NOTICE (NOTICE_NO,NOTICE_TITLE,NOTICE_WRITER,NOTICE_CONTENT,NOTICE_DATE,NOTICE_IMGS,NOTICE_VIEW_COUNT,DOG_ID,NOTICE_DELETE_BOOL) values (474,'jkl','qwer123','<table style=" margin: 0 auto;">
		
			<tbody>
			
			<tr>
				<td rowspan="5" style="width: 700px;"><p style="width:600px; height:400px; background-image: url(/upload/dogImg/shutterstock_2929174104.jpg); background-position: center; background-size: cover; margin: 0 auto; margin-bottom:10px;">&nbsp;</p></td>
			</tr>
				
			<tr><td style=" width:300px; height:50px; font-size: 25px; font-weight:bold; text-align: center; border-radius: 20px; background-color:#B6EAFA;"><p>주인 : 김용준임</p></td></tr>
			<tr><td style=" width:300px; height:50px; font-size: 25px; font-weight:bold; text-align: center; border-radius: 20px; background-color:#B6EAFA;"><p>성별 : m</p></td></tr>
			<tr><td style=" width:300px; height:50px; font-size: 25px; font-weight:bold; text-align: center; border-radius: 20px; background-color:#B6EAFA;"><p>이름 : 둥둥이</p></td></tr>
			<tr><td style=" width:300px; height:50px; font-size: 25px; font-weight:bold; text-align: center; border-radius: 20px; background-color:#B6EAFA;"><p>나이 : 10살</p></td></tr>

			
			
			
		</tbody>
			
			
	</table>
		
			
              ',to_date('20/05/19','RR/MM/DD'),'/upload/dogImg/shutterstock_2929174104.jpg',0,'yong96',0);
Insert into MMM.NOTICE (NOTICE_NO,NOTICE_TITLE,NOTICE_WRITER,NOTICE_CONTENT,NOTICE_DATE,NOTICE_IMGS,NOTICE_VIEW_COUNT,DOG_ID,NOTICE_DELETE_BOOL) values (482,'ㅎㅇ;','member','<table style=" margin: 0 auto; margin-bottom: 2%; border: 1px solid #B6EAFA; border-radius: 20px;">

			
			<tbody>
			

			<tr>
				<td rowspan="5" style="width: 700px;"><p style="width:600px; height:400px; background-image: url(/upload/dogImg/멍멍이.jpg); background-position: center; background-size: cover; margin: 0 auto; margin-bottom:10px;">&nbsp;</p></td>
			</tr>
				
			<tr><td style=" width:300px; height:50px; font-size: 25px; font-weight:bold; text-align: center; border-radius: 20px; background-color:#B6EAFA;"><p>주인 : 진짜내닉네임</p></td></tr>
			<tr><td style=" width:300px; height:50px; font-size: 25px; font-weight:bold; text-align: center; border-radius: 20px; background-color:#B6EAFA;"><p>성별 : w</p></td></tr>
			<tr><td style=" width:300px; height:50px; font-size: 25px; font-weight:bold; text-align: center; border-radius: 20px; background-color:#B6EAFA;"><p>이름 : 수지개 <input type="hidden" name="dogId" value="erer2"></p></td></tr>
			<tr><td style=" width:300px; height:50px; font-size: 25px; font-weight:bold; text-align: center; border-radius: 20px; background-color:#B6EAFA;"><p>나이 : 2살</p></td></tr>

			
		</tbody>
			

	</table>
		
		<table style=" margin: 0 auto; margin-bottom: 2%; border: 1px solid #B6EAFA; border-radius: 20px;">

			
			<tbody>
			

			<tr>
				<td rowspan="5" style="width: 700px;"><p style="width:600px; height:400px; background-image: url(/upload/dogImg/멍멍이.jpg); background-position: center; background-size: cover; margin: 0 auto; margin-bottom:10px;">&nbsp;</p></td>
			</tr>
				
			<tr><td style=" width:300px; height:50px; font-size: 25px; font-weight:bold; text-align: center; border-radius: 20px; background-color:#B6EAFA;"><p>주인 : 진짜내닉네임</p></td></tr>
			<tr><td style=" width:300px; height:50px; font-size: 25px; font-weight:bold; text-align: center; border-radius: 20px; background-color:#B6EAFA;"><p>성별 : w</p></td></tr>
			<tr><td style=" width:300px; height:50px; font-size: 25px; font-weight:bold; text-align: center; border-radius: 20px; background-color:#B6EAFA;"><p>이름 : 솔솔이 <input type="hidden" name="dogId" value="fdf22"></p></td></tr>
			<tr><td style=" width:300px; height:50px; font-size: 25px; font-weight:bold; text-align: center; border-radius: 20px; background-color:#B6EAFA;"><p>나이 : 2살</p></td></tr>

			
		</tbody>
			

	</table>
		
			
              ',to_date('20/05/20','RR/MM/DD'),'/upload/dogImg/멍멍이.jpg',0,'erer2',0);
Insert into MMM.NOTICE (NOTICE_NO,NOTICE_TITLE,NOTICE_WRITER,NOTICE_CONTENT,NOTICE_DATE,NOTICE_IMGS,NOTICE_VIEW_COUNT,DOG_ID,NOTICE_DELETE_BOOL) values (484,'ㅗㅓㅣㅏㅚㅏㅚㅏㅘㅣ','user01','<table style=" margin: 0 auto; margin-bottom: 2%; border: 1px solid #B6EAFA; border-radius: 20px;">

			
			<tbody>
			

			<tr>
				<td rowspan="5" style="width: 700px;"><p style="width:600px; height:400px; background-image: url(/upload/dogImg/dog2.jpg); background-position: center; background-size: cover; margin: 0 auto; margin-bottom:10px;">&nbsp;</p></td>
			</tr>
				
			<tr><td style=" width:300px; height:50px; font-size: 25px; font-weight:bold; text-align: center; border-radius: 20px; background-color:#B6EAFA;"><p>주인 : 병</p></td></tr>
			<tr><td style=" width:300px; height:50px; font-size: 25px; font-weight:bold; text-align: center; border-radius: 20px; background-color:#B6EAFA;"><p>성별 : M</p></td></tr>
			<tr><td style=" width:300px; height:50px; font-size: 25px; font-weight:bold; text-align: center; border-radius: 20px; background-color:#B6EAFA;"><p>이름 : 댕댕이 <input type="hidden" name="dogId" value="강지이름"></p></td></tr>
			<tr><td style=" width:300px; height:50px; font-size: 25px; font-weight:bold; text-align: center; border-radius: 20px; background-color:#B6EAFA;"><p>나이 : 1살</p></td></tr>

			
		</tbody>
			

	</table><p>&nbsp;</p><p>ㅍ찾아ㅈ우ㅏㅣ</p><p>&nbsp;</p><p>&nbsp;</p>',to_date('20/05/20','RR/MM/DD'),'/upload/dogImg/dog2.jpg',0,'강지이름',1);
Insert into MMM.NOTICE (NOTICE_NO,NOTICE_TITLE,NOTICE_WRITER,NOTICE_CONTENT,NOTICE_DATE,NOTICE_IMGS,NOTICE_VIEW_COUNT,DOG_ID,NOTICE_DELETE_BOOL) values (486,'hkjhkjhkj','member','<table style=" margin: 0 auto; margin-bottom: 2%; border: 1px solid #B6EAFA; border-radius: 20px;">

			
			<tbody>
			

			<tr>
				<td rowspan="5" style="width: 700px;"><p style="width:600px; height:400px; background-image: url(/upload/dogImg/멍멍이.jpg); background-position: center; background-size: cover; margin: 0 auto; margin-bottom:10px;">&nbsp;</p></td>
			</tr>
				
			<tr><td style=" width:300px; height:50px; font-size: 25px; font-weight:bold; text-align: center; border-radius: 20px; background-color:#B6EAFA;"><p>주인 : 진짜내닉네임</p></td></tr>
			<tr><td style=" width:300px; height:50px; font-size: 25px; font-weight:bold; text-align: center; border-radius: 20px; background-color:#B6EAFA;"><p>성별 : w</p></td></tr>
			<tr><td style=" width:300px; height:50px; font-size: 25px; font-weight:bold; text-align: center; border-radius: 20px; background-color:#B6EAFA;"><p>이름 : 수지개 <input type="hidden" name="dogId" value="erer2"></p></td></tr>
			<tr><td style=" width:300px; height:50px; font-size: 25px; font-weight:bold; text-align: center; border-radius: 20px; background-color:#B6EAFA;"><p>나이 : 2살</p></td></tr>

			
		</tbody>
			

	</table>
		
		<table style=" margin: 0 auto; margin-bottom: 2%; border: 1px solid #B6EAFA; border-radius: 20px;">

			
			<tbody>
			

			<tr>
				<td rowspan="5" style="width: 700px;"><p style="width:600px; height:400px; background-image: url(/upload/dogImg/멍멍이.jpg); background-position: center; background-size: cover; margin: 0 auto; margin-bottom:10px;">&nbsp;</p></td>
			</tr>
				
			<tr><td style=" width:300px; height:50px; font-size: 25px; font-weight:bold; text-align: center; border-radius: 20px; background-color:#B6EAFA;"><p>주인 : 진짜내닉네임</p></td></tr>
			<tr><td style=" width:300px; height:50px; font-size: 25px; font-weight:bold; text-align: center; border-radius: 20px; background-color:#B6EAFA;"><p>성별 : w</p></td></tr>
			<tr><td style=" width:300px; height:50px; font-size: 25px; font-weight:bold; text-align: center; border-radius: 20px; background-color:#B6EAFA;"><p>이름 : 솔솔이 <input type="hidden" name="dogId" value="fdf22"></p></td></tr>
			<tr><td style=" width:300px; height:50px; font-size: 25px; font-weight:bold; text-align: center; border-radius: 20px; background-color:#B6EAFA;"><p>나이 : 2살</p></td></tr>

			
		</tbody>
			

	</table>
		
			
              ',to_date('20/05/20','RR/MM/DD'),'/upload/dogImg/멍멍이.jpg',0,'erer2',0);
Insert into MMM.NOTICE (NOTICE_NO,NOTICE_TITLE,NOTICE_WRITER,NOTICE_CONTENT,NOTICE_DATE,NOTICE_IMGS,NOTICE_VIEW_COUNT,DOG_ID,NOTICE_DELETE_BOOL) values (488,'젠장','user01','<table style=" margin: 0 auto; margin-bottom: 2%; border: 1px solid #B6EAFA; border-radius: 20px;">

			
			<tbody>
			

			<tr>
				<td rowspan="5" style="width: 700px;"><p style="width:600px; height:400px; background-image: url(/upload/dogImg/dog2.jpg); background-position: center; background-size: cover; margin: 0 auto; margin-bottom:10px;">&nbsp;</p></td>
			</tr>
				
			<tr><td style=" width:300px; height:50px; font-size: 25px; font-weight:bold; text-align: center; border-radius: 20px; background-color:#B6EAFA;"><p>주인 : 병</p></td></tr>
			<tr><td style=" width:300px; height:50px; font-size: 25px; font-weight:bold; text-align: center; border-radius: 20px; background-color:#B6EAFA;"><p>성별 : M</p></td></tr>
			<tr><td style=" width:300px; height:50px; font-size: 25px; font-weight:bold; text-align: center; border-radius: 20px; background-color:#B6EAFA;"><p>이름 : 댕댕이 <input type="hidden" name="dogId" value="강지이름"></p></td></tr>
			<tr><td style=" width:300px; height:50px; font-size: 25px; font-weight:bold; text-align: center; border-radius: 20px; background-color:#B6EAFA;"><p>나이 : 1살</p></td></tr>

			
		</tbody>
			

	</table>
		
			
              ',to_date('20/05/20','RR/MM/DD'),'/upload/dogImg/dog2.jpg',0,'강지이름',1);
Insert into MMM.NOTICE (NOTICE_NO,NOTICE_TITLE,NOTICE_WRITER,NOTICE_CONTENT,NOTICE_DATE,NOTICE_IMGS,NOTICE_VIEW_COUNT,DOG_ID,NOTICE_DELETE_BOOL) values (490,'ㅓㅚㅏㅘㅣㅓㅏㅣㅓㅣㅏㅓㅏㅣ','gogosing','<table style=" margin: 0 auto; margin-bottom: 2%; border: 1px solid #B6EAFA; border-radius: 20px;">

			
			<tbody>
			

			<tr>
				<td rowspan="5" style="width: 700px;"><p style="width:600px; height:400px; background-image: url(/upload/dogImg/Chrysanthemum.jpg); background-position: center; background-size: cover; margin: 0 auto; margin-bottom:10px;">&nbsp;</p></td>
			</tr>
				
			<tr><td style=" width:300px; height:50px; font-size: 25px; font-weight:bold; text-align: center; border-radius: 20px; background-color:#B6EAFA;"><p>주인 : 병지g</p></td></tr>
			<tr><td style=" width:300px; height:50px; font-size: 25px; font-weight:bold; text-align: center; border-radius: 20px; background-color:#B6EAFA;"><p>성별 : m</p></td></tr>
			<tr><td style=" width:300px; height:50px; font-size: 25px; font-weight:bold; text-align: center; border-radius: 20px; background-color:#B6EAFA;"><p>이름 : 둥둥이이 <input type="hidden" name="dogId" value="yongj"></p></td></tr>
			<tr><td style=" width:300px; height:50px; font-size: 25px; font-weight:bold; text-align: center; border-radius: 20px; background-color:#B6EAFA;"><p>나이 : 20살</p></td></tr>

			
		</tbody>
			

	</table>
		
		<table style=" margin: 0 auto; margin-bottom: 2%; border: 1px solid #B6EAFA; border-radius: 20px;">

			
			<tbody>
			

			<tr>
				<td rowspan="5" style="width: 700px;"><p style="width:600px; height:400px; background-image: url(/upload/dogImg/Koala.jpg); background-position: center; background-size: cover; margin: 0 auto; margin-bottom:10px;">&nbsp;</p></td>
			</tr>
				
			<tr><td style=" width:300px; height:50px; font-size: 25px; font-weight:bold; text-align: center; border-radius: 20px; background-color:#B6EAFA;"><p>주인 : 병지g</p></td></tr>
			<tr><td style=" width:300px; height:50px; font-size: 25px; font-weight:bold; text-align: center; border-radius: 20px; background-color:#B6EAFA;"><p>성별 : m</p></td></tr>
			<tr><td style=" width:300px; height:50px; font-size: 25px; font-weight:bold; text-align: center; border-radius: 20px; background-color:#B6EAFA;"><p>이름 : 호호 <input type="hidden" name="dogId" value="yong"></p></td></tr>
			<tr><td style=" width:300px; height:50px; font-size: 25px; font-weight:bold; text-align: center; border-radius: 20px; background-color:#B6EAFA;"><p>나이 : 10살</p></td></tr>

			
		</tbody>
			

	</table>
		
			
              ',to_date('20/05/20','RR/MM/DD'),'/upload/dogImg/Chrysanthemum.jpg',0,null,1);
Insert into MMM.NOTICE (NOTICE_NO,NOTICE_TITLE,NOTICE_WRITER,NOTICE_CONTENT,NOTICE_DATE,NOTICE_IMGS,NOTICE_VIEW_COUNT,DOG_ID,NOTICE_DELETE_BOOL) values (522,'ㄹ鐘','member','<table style=" margin: 0 auto; margin-bottom: 2%; border: 1px solid #B6EAFA; border-radius: 20px;">

			
			<tbody>
			

			<tr>
				<td rowspan="5" style="width: 700px;"><p style="width:600px; height:400px; background-image: url(/upload/dogImg/멍멍이.jpg); background-position: center; background-size: cover; margin: 0 auto; margin-bottom:10px;">&nbsp;</p></td>
			</tr>
				
			<tr><td style=" width:300px; height:50px; font-size: 25px; font-weight:bold; text-align: center; border-radius: 20px; background-color:#B6EAFA;"><p>주인 : 진짜내닉네임</p></td></tr>
			<tr><td style=" width:300px; height:50px; font-size: 25px; font-weight:bold; text-align: center; border-radius: 20px; background-color:#B6EAFA;"><p>성별 : w</p></td></tr>
			<tr><td style=" width:300px; height:50px; font-size: 25px; font-weight:bold; text-align: center; border-radius: 20px; background-color:#B6EAFA;"><p>이름 : 수지개 <input type="hidden" name="dogId" value="erer2"></p></td></tr>
			<tr><td style=" width:300px; height:50px; font-size: 25px; font-weight:bold; text-align: center; border-radius: 20px; background-color:#B6EAFA;"><p>나이 : 2살</p></td></tr>

			
		</tbody>
			

	</table>
		
		<table style=" margin: 0 auto; margin-bottom: 2%; border: 1px solid #B6EAFA; border-radius: 20px;">

			
			<tbody>
			

			<tr>
				<td rowspan="5" style="width: 700px;"><p style="width:600px; height:400px; background-image: url(/upload/dogImg/멍멍이.jpg); background-position: center; background-size: cover; margin: 0 auto; margin-bottom:10px;">&nbsp;</p></td>
			</tr>
				
			<tr><td style=" width:300px; height:50px; font-size: 25px; font-weight:bold; text-align: center; border-radius: 20px; background-color:#B6EAFA;"><p>주인 : 진짜내닉네임</p></td></tr>
			<tr><td style=" width:300px; height:50px; font-size: 25px; font-weight:bold; text-align: center; border-radius: 20px; background-color:#B6EAFA;"><p>성별 : w</p></td></tr>
			<tr><td style=" width:300px; height:50px; font-size: 25px; font-weight:bold; text-align: center; border-radius: 20px; background-color:#B6EAFA;"><p>이름 : 솔솔이 <input type="hidden" name="dogId" value="fdf22"></p></td></tr>
			<tr><td style=" width:300px; height:50px; font-size: 25px; font-weight:bold; text-align: center; border-radius: 20px; background-color:#B6EAFA;"><p>나이 : 2살</p></td></tr>

			
		</tbody>
			

	</table>
		
			
              ',to_date('20/05/20','RR/MM/DD'),'/upload/dogImg/멍멍이.jpg',0,'erer2',1);
Insert into MMM.NOTICE (NOTICE_NO,NOTICE_TITLE,NOTICE_WRITER,NOTICE_CONTENT,NOTICE_DATE,NOTICE_IMGS,NOTICE_VIEW_COUNT,DOG_ID,NOTICE_DELETE_BOOL) values (524,'rrr','user01','<table style=" margin: 0 auto; margin-bottom: 2%; border: 1px solid #B6EAFA; border-radius: 20px;">

			
			<tbody>
			

			<tr>
				<td rowspan="5" style="width: 700px;"><p style="width:600px; height:400px; background-image: url(/upload/dogImg/shutterstock_2929174102.jpg); background-position: center; background-size: cover; margin: 0 auto; margin-bottom:10px;"><img src="/sm/multiupload/2020052015272204583503-c88a-4664-bad1-80e6d46bd11a.jpg
" title="%EB%8B%A4%EB%B9%84%EC%B9%98%ED%96%89%EC%82%AC181030.jpg" style="max-width:100%;">&nbsp;</p></td>
			</tr>
				
			<tr><td style=" width:300px; height:50px; font-size: 25px; font-weight:bold; text-align: center; border-radius: 20px; background-color:#B6EAFA;"><p>주인 : 병</p></td></tr>
			<tr><td style=" width:300px; height:50px; font-size: 25px; font-weight:bold; text-align: center; border-radius: 20px; background-color:#B6EAFA;"><p>성별 : </p></td></tr>
			<tr><td style=" width:300px; height:50px; font-size: 25px; font-weight:bold; text-align: center; border-radius: 20px; background-color:#B6EAFA;"><p>이름 : 댕댕이 <input type="hidden" name="dogId" value="강지이름"></p></td></tr>
			<tr><td style=" width:300px; height:50px; font-size: 25px; font-weight:bold; text-align: center; border-radius: 20px; background-color:#B6EAFA;"><p>나이 : 1살</p></td></tr>

			
		</tbody>
			

	</table>
		
			
              ',to_date('20/05/20','RR/MM/DD'),'/sm/multiupload/2020052015272204583503-c88a-4664-bad1-80e6d46bd11a.jpg
',0,'강지이름',1);
Insert into MMM.NOTICE (NOTICE_NO,NOTICE_TITLE,NOTICE_WRITER,NOTICE_CONTENT,NOTICE_DATE,NOTICE_IMGS,NOTICE_VIEW_COUNT,DOG_ID,NOTICE_DELETE_BOOL) values (526,'게시글','newbe','<table style=" margin: 0 auto; margin-bottom: 2%; border: 1px solid #B6EAFA; border-radius: 20px;">

			
			<tbody>
			

			<tr>
				<td rowspan="5" style="width: 700px;"><p style="width:600px; height:400px; background-image: url(/upload/dogImg/20180422_174814411_4.jpg); background-position: center; background-size: cover; margin: 0 auto; margin-bottom:10px;">&nbsp;</p></td>
			</tr>
				
			<tr><td style=" width:300px; height:50px; font-size: 25px; font-weight:bold; text-align: center; border-radius: 20px; background-color:#B6EAFA;"><p>주인 : 구구귀기</p></td></tr>
			<tr><td style=" width:300px; height:50px; font-size: 25px; font-weight:bold; text-align: center; border-radius: 20px; background-color:#B6EAFA;"><p>성별 : </p></td></tr>
			<tr><td style=" width:300px; height:50px; font-size: 25px; font-weight:bold; text-align: center; border-radius: 20px; background-color:#B6EAFA;"><p>이름 : 딩딩이 <input type="hidden" name="dogId" value="dfjkldsfj"></p></td></tr>
			<tr><td style=" width:300px; height:50px; font-size: 25px; font-weight:bold; text-align: center; border-radius: 20px; background-color:#B6EAFA;"><p>나이 : 21살</p></td></tr>

			
		</tbody>
			

	</table>
		
		<table style=" margin: 0 auto; margin-bottom: 2%; border: 1px solid #B6EAFA; border-radius: 20px;">

			
			<tbody>
			

			<tr>
				<td rowspan="5" style="width: 700px;"><p style="width:600px; height:400px; background-image: url(/upload/dogImg/20180422_174924429_849.jpg); background-position: center; background-size: cover; margin: 0 auto; margin-bottom:10px;">&nbsp;</p></td>
			</tr>
				
			<tr><td style=" width:300px; height:50px; font-size: 25px; font-weight:bold; text-align: center; border-radius: 20px; background-color:#B6EAFA;"><p>주인 : 구구귀기</p></td></tr>
			<tr><td style=" width:300px; height:50px; font-size: 25px; font-weight:bold; text-align: center; border-radius: 20px; background-color:#B6EAFA;"><p>성별 : </p></td></tr>
			<tr><td style=" width:300px; height:50px; font-size: 25px; font-weight:bold; text-align: center; border-radius: 20px; background-color:#B6EAFA;"><p>이름 : 동동이 <input type="hidden" name="dogId" value="fdsfsaf"></p></td></tr>
			<tr><td style=" width:300px; height:50px; font-size: 25px; font-weight:bold; text-align: center; border-radius: 20px; background-color:#B6EAFA;"><p>나이 : 1살</p></td></tr>

			
		</tbody>
			

	</table>
		
			
              ',to_date('20/05/20','RR/MM/DD'),'/upload/dogImg/20180422_174814411_4.jpg',0,'dfjkldsfj',0);
Insert into MMM.NOTICE (NOTICE_NO,NOTICE_TITLE,NOTICE_WRITER,NOTICE_CONTENT,NOTICE_DATE,NOTICE_IMGS,NOTICE_VIEW_COUNT,DOG_ID,NOTICE_DELETE_BOOL) values (528,'테스트 글','danji70','<table style=" margin: 0 auto; margin-bottom: 2%; border: 1px solid #B6EAFA; border-radius: 20px;">

			
			<tbody>
			

			<tr>
				<td rowspan="5" style="width: 700px;"><p style="width:600px; height:400px; background-image: url(/upload/dogImg/shutterstock_29291741012.jpg); background-position: center; background-size: cover; margin: 0 auto; margin-bottom:10px;">&nbsp;</p></td>
			</tr>
				
			<tr><td style=" width:300px; height:50px; font-size: 25px; font-weight:bold; text-align: center; border-radius: 20px; background-color:#B6EAFA;"><p>주인 : 닉네임</p></td></tr>
			<tr><td style=" width:300px; height:50px; font-size: 25px; font-weight:bold; text-align: center; border-radius: 20px; background-color:#B6EAFA;"><p>성별 : w</p></td></tr>
			<tr><td style=" width:300px; height:50px; font-size: 25px; font-weight:bold; text-align: center; border-radius: 20px; background-color:#B6EAFA;"><p>이름 : 까꿍 <input type="hidden" name="dogId" value="qazx"></p></td></tr>
			<tr><td style=" width:300px; height:50px; font-size: 25px; font-weight:bold; text-align: center; border-radius: 20px; background-color:#B6EAFA;"><p>나이 : 2살</p></td></tr>

			
		</tbody>
			

	</table>
		
		<table style=" margin: 0 auto; margin-bottom: 2%; border: 1px solid #B6EAFA; border-radius: 20px;">

			
			<tbody>
			

			<tr>
				<td rowspan="5" style="width: 700px;"><p style="width:600px; height:400px; background-image: url(/upload/dogImg/images.jpg); background-position: center; background-size: cover; margin: 0 auto; margin-bottom:10px;">&nbsp;</p></td>
			</tr>
				
			<tr><td style=" width:300px; height:50px; font-size: 25px; font-weight:bold; text-align: center; border-radius: 20px; background-color:#B6EAFA;"><p>주인 : 닉네임</p></td></tr>
			<tr><td style=" width:300px; height:50px; font-size: 25px; font-weight:bold; text-align: center; border-radius: 20px; background-color:#B6EAFA;"><p>성별 : m</p></td></tr>
			<tr><td style=" width:300px; height:50px; font-size: 25px; font-weight:bold; text-align: center; border-radius: 20px; background-color:#B6EAFA;"><p>이름 : 꿍까 <input type="hidden" name="dogId" value="qcxz1"></p></td></tr>
			<tr><td style=" width:300px; height:50px; font-size: 25px; font-weight:bold; text-align: center; border-radius: 20px; background-color:#B6EAFA;"><p>나이 : 3살</p></td></tr>

			
		</tbody>
			

	</table><p>&nbsp;</p><p>&nbsp;</p><p>&nbsp;</p><p>값넘어 가니?</p><p>&nbsp;</p><p>&nbsp;</p><p><img src="/sm/multiupload/20200520212249bf26bdf4-3ebf-4eb5-9785-bd293fe3a845.jpg
" title="20180422_175019576_86.jpg" style="max-width:100%;"><br style="clear:both;"><img src="/sm/multiupload/202005202122492fcd59c8-ae25-4500-b8d4-31324d69e661.jpg
" title="20180422_174743637_226.jpg" style="max-width:100%;"><br style="clear:both;">&nbsp;</p><p>&nbsp;</p><p>&nbsp;</p>',to_date('20/05/20','RR/MM/DD'),'/sm/multiupload/20200520212249bf26bdf4-3ebf-4eb5-9785-bd293fe3a845.jpg
',0,'qazx',0);
Insert into MMM.NOTICE (NOTICE_NO,NOTICE_TITLE,NOTICE_WRITER,NOTICE_CONTENT,NOTICE_DATE,NOTICE_IMGS,NOTICE_VIEW_COUNT,DOG_ID,NOTICE_DELETE_BOOL) values (530,'ㅏㅣ;ㅏ','danji70','<table style=" margin: 0 auto; margin-bottom: 2%; border: 1px solid #B6EAFA; border-radius: 20px;">

			
			<tbody>
			

			<tr>
				<td rowspan="5" style="width: 700px;"><p style="width:600px; height:400px; background-image: url(/upload/dogImg/shutterstock_29291741012.jpg); background-position: center; background-size: cover; margin: 0 auto; margin-bottom:10px;">&nbsp;</p></td>
			</tr>
				
			<tr><td style=" width:300px; height:50px; font-size: 25px; font-weight:bold; text-align: center; border-radius: 20px; background-color:#B6EAFA;"><p>주인 : 닉네임</p></td></tr>
			<tr><td style=" width:300px; height:50px; font-size: 25px; font-weight:bold; text-align: center; border-radius: 20px; background-color:#B6EAFA;"><p>성별 : w</p></td></tr>
			<tr><td style=" width:300px; height:50px; font-size: 25px; font-weight:bold; text-align: center; border-radius: 20px; background-color:#B6EAFA;"><p>이름 : 까꿍 <input type="hidden" name="dogId" value="qazx"></p></td></tr>
			<tr><td style=" width:300px; height:50px; font-size: 25px; font-weight:bold; text-align: center; border-radius: 20px; background-color:#B6EAFA;"><p>나이 : 2살</p></td></tr>

			
		</tbody>
			

	</table>
		
		<table style=" margin: 0 auto; margin-bottom: 2%; border: 1px solid #B6EAFA; border-radius: 20px;">

			
			<tbody>
			

			<tr>
				<td rowspan="5" style="width: 700px;"><p style="width:600px; height:400px; background-image: url(/upload/dogImg/images.jpg); background-position: center; background-size: cover; margin: 0 auto; margin-bottom:10px;">&nbsp;</p></td>
			</tr>
				
			<tr><td style=" width:300px; height:50px; font-size: 25px; font-weight:bold; text-align: center; border-radius: 20px; background-color:#B6EAFA;"><p>주인 : 닉네임</p></td></tr>
			<tr><td style=" width:300px; height:50px; font-size: 25px; font-weight:bold; text-align: center; border-radius: 20px; background-color:#B6EAFA;"><p>성별 : m</p></td></tr>
			<tr><td style=" width:300px; height:50px; font-size: 25px; font-weight:bold; text-align: center; border-radius: 20px; background-color:#B6EAFA;"><p>이름 : 꿍까 <input type="hidden" name="dogId" value="qcxz1"></p></td></tr>
			<tr><td style=" width:300px; height:50px; font-size: 25px; font-weight:bold; text-align: center; border-radius: 20px; background-color:#B6EAFA;"><p>나이 : 3살</p></td></tr>

			
		</tbody>
			

	</table><p>&nbsp;</p><p>&nbsp;</p><p>&nbsp;</p><p><img src="/sm/multiupload/202005202124480a688d54-d3e1-41b1-b1a6-ef331dcf9e80.jpg
" title="20180422_174957191_842.jpg" style="max-width:100%;"><br style="clear:both;"><img src="/sm/multiupload/202005202124481fe5a36d-ad44-4dc8-bcf5-27f8b9e96ba3.jpg
" title="20180422_175019576_86.jpg" style="max-width:100%;"><br style="clear:both;">&nbsp;</p><p>&nbsp;</p><p>&nbsp;</p>',to_date('20/05/20','RR/MM/DD'),'/sm/multiupload/202005202124480a688d54-d3e1-41b1-b1a6-ef331dcf9e80.jpg
',0,'qazx',0);
Insert into MMM.NOTICE (NOTICE_NO,NOTICE_TITLE,NOTICE_WRITER,NOTICE_CONTENT,NOTICE_DATE,NOTICE_IMGS,NOTICE_VIEW_COUNT,DOG_ID,NOTICE_DELETE_BOOL) values (532,'kl','danji70','<table style=" margin: 0 auto; margin-bottom: 2%; border: 1px solid #B6EAFA; border-radius: 20px;">

			
			<tbody>
			

			<tr>
				<td rowspan="5" style="width: 700px;"><p style="width:600px; height:400px; background-image: url(/upload/dogImg/shutterstock_29291741012.jpg); background-position: center; background-size: cover; margin: 0 auto; margin-bottom:10px;">&nbsp;</p></td>
			</tr>
				
			<tr><td style=" width:300px; height:50px; font-size: 25px; font-weight:bold; text-align: center; border-radius: 20px; background-color:#B6EAFA;"><p>주인 : 닉네임</p></td></tr>
			<tr><td style=" width:300px; height:50px; font-size: 25px; font-weight:bold; text-align: center; border-radius: 20px; background-color:#B6EAFA;"><p>성별 : w</p></td></tr>
			<tr><td style=" width:300px; height:50px; font-size: 25px; font-weight:bold; text-align: center; border-radius: 20px; background-color:#B6EAFA;"><p>이름 : 까꿍 <input type="hidden" name="dogId" value="qazx"></p></td></tr>
			<tr><td style=" width:300px; height:50px; font-size: 25px; font-weight:bold; text-align: center; border-radius: 20px; background-color:#B6EAFA;"><p>나이 : 2살</p></td></tr>

			
		</tbody>
			

	</table>
		
		<table style=" margin: 0 auto; margin-bottom: 2%; border: 1px solid #B6EAFA; border-radius: 20px;">

			
			<tbody>
			

			<tr>
				<td rowspan="5" style="width: 700px;"><p style="width:600px; height:400px; background-image: url(/upload/dogImg/images.jpg); background-position: center; background-size: cover; margin: 0 auto; margin-bottom:10px;">&nbsp;</p></td>
			</tr>
				
			<tr><td style=" width:300px; height:50px; font-size: 25px; font-weight:bold; text-align: center; border-radius: 20px; background-color:#B6EAFA;"><p>주인 : 닉네임</p></td></tr>
			<tr><td style=" width:300px; height:50px; font-size: 25px; font-weight:bold; text-align: center; border-radius: 20px; background-color:#B6EAFA;"><p>성별 : m</p></td></tr>
			<tr><td style=" width:300px; height:50px; font-size: 25px; font-weight:bold; text-align: center; border-radius: 20px; background-color:#B6EAFA;"><p>이름 : 꿍까 <input type="hidden" name="dogId" value="qcxz1"></p></td></tr>
			<tr><td style=" width:300px; height:50px; font-size: 25px; font-weight:bold; text-align: center; border-radius: 20px; background-color:#B6EAFA;"><p>나이 : 3살</p></td></tr>

			
		</tbody>
			

	</table><p>&nbsp;</p><p>&nbsp;</p><p>lkjhlhlkhlkhlkhlk<img src="/sm/multiupload/20200520212644b41ad586-c514-46ac-997f-fdfd6a48a09b.jpg
" title="20180422_174839106_197.jpg" style="max-width:100%;"><br style="clear:both;"><img src="/sm/multiupload/2020052021264454dc6f6d-8b74-47d1-a257-ee733e655cab.jpg
" title="20180422_174412447_349.jpg" style="max-width:100%;">&nbsp;</p><p>&nbsp;</p><p>&nbsp;</p>
      
              
      
              ',to_date('20/05/20','RR/MM/DD'),'/sm/multiupload/20200520212644b41ad586-c514-46ac-997f-fdfd6a48a09b.jpg
',0,'qazx',0);
Insert into MMM.NOTICE (NOTICE_NO,NOTICE_TITLE,NOTICE_WRITER,NOTICE_CONTENT,NOTICE_DATE,NOTICE_IMGS,NOTICE_VIEW_COUNT,DOG_ID,NOTICE_DELETE_BOOL) values (534,'lk;;lk;lkl;k;lkl;k','danji70','<table style=" margin: 0 auto; margin-bottom: 2%; border: 1px solid #B6EAFA; border-radius: 20px;">

			
			<tbody>
			

			<tr>
				<td rowspan="5" style="width: 700px;"><p style="width:600px; height:400px; background-image: url(/upload/dogImg/shutterstock_29291741012.jpg); background-position: center; background-size: cover; margin: 0 auto; margin-bottom:10px;">&nbsp;</p></td>
			</tr>
				
			<tr><td style=" width:300px; height:50px; font-size: 25px; font-weight:bold; text-align: center; border-radius: 20px; background-color:#B6EAFA;"><p>주인 : 닉네임</p></td></tr>
			<tr><td style=" width:300px; height:50px; font-size: 25px; font-weight:bold; text-align: center; border-radius: 20px; background-color:#B6EAFA;"><p>성별 : w</p></td></tr>
			<tr><td style=" width:300px; height:50px; font-size: 25px; font-weight:bold; text-align: center; border-radius: 20px; background-color:#B6EAFA;"><p>이름 : 까꿍 <input type="hidden" name="dogId" value="qazx"></p></td></tr>
			<tr><td style=" width:300px; height:50px; font-size: 25px; font-weight:bold; text-align: center; border-radius: 20px; background-color:#B6EAFA;"><p>나이 : 2살</p></td></tr>

			
		</tbody>
			

	</table>
		
		<table style=" margin: 0 auto; margin-bottom: 2%; border: 1px solid #B6EAFA; border-radius: 20px;">

			
			<tbody>
			

			<tr>
				<td rowspan="5" style="width: 700px;"><p style="width:600px; height:400px; background-image: url(/upload/dogImg/images.jpg); background-position: center; background-size: cover; margin: 0 auto; margin-bottom:10px;">&nbsp;</p></td>
			</tr>
				
			<tr><td style=" width:300px; height:50px; font-size: 25px; font-weight:bold; text-align: center; border-radius: 20px; background-color:#B6EAFA;"><p>주인 : 닉네임</p></td></tr>
			<tr><td style=" width:300px; height:50px; font-size: 25px; font-weight:bold; text-align: center; border-radius: 20px; background-color:#B6EAFA;"><p>성별 : m</p></td></tr>
			<tr><td style=" width:300px; height:50px; font-size: 25px; font-weight:bold; text-align: center; border-radius: 20px; background-color:#B6EAFA;"><p>이름 : 꿍까 <input type="hidden" name="dogId" value="qcxz1"></p></td></tr>
			<tr><td style=" width:300px; height:50px; font-size: 25px; font-weight:bold; text-align: center; border-radius: 20px; background-color:#B6EAFA;"><p>나이 : 3살</p></td></tr>

			
		</tbody>
			

	</table>
		
			
              
      
              
      
              ',to_date('20/05/20','RR/MM/DD'),'/upload/dogImg/shutterstock_29291741012.jpg',0,'qazx',0);
Insert into MMM.NOTICE (NOTICE_NO,NOTICE_TITLE,NOTICE_WRITER,NOTICE_CONTENT,NOTICE_DATE,NOTICE_IMGS,NOTICE_VIEW_COUNT,DOG_ID,NOTICE_DELETE_BOOL) values (536,'k;lk;lkl;k;lk','danji70','<br><br><table style=" margin: 0 auto; margin-bottom: 2%; border: 1px solid #B6EAFA; border-radius: 20px;">

			
			<tbody>
			
				
			<tr>
				<td rowspan="5" style="width: 700px;"><p style="width:600px; height:400px; background-image: url(/upload/dogImg/shutterstock_29291741012.jpg); background-position: center; background-size: cover; margin: 0 auto; margin-bottom:10px;">&nbsp;</p></td>
			</tr>
				
			<tr><td style=" width:300px; height:50px; font-size: 25px; font-weight:bold; text-align: center; border-radius: 20px; background-color:#B6EAFA;"><p>주인 : 닉네임</p></td></tr>
			<tr><td style=" width:300px; height:50px; font-size: 25px; font-weight:bold; text-align: center; border-radius: 20px; background-color:#B6EAFA;"><p>성별 : w</p></td></tr>
			<tr><td style=" width:300px; height:50px; font-size: 25px; font-weight:bold; text-align: center; border-radius: 20px; background-color:#B6EAFA;"><p>이름 : 까꿍 <input type="hidden" name="dogName" value="까꿍"></p></td></tr>
			<tr><td style=" width:300px; height:50px; font-size: 25px; font-weight:bold; text-align: center; border-radius: 20px; background-color:#B6EAFA;"><p>나이 : 2살</p></td></tr>

			
		</tbody>
			

	</table>
		
		<br><br><table style=" margin: 0 auto; margin-bottom: 2%; border: 1px solid #B6EAFA; border-radius: 20px;">

			
			<tbody>
			
				
			<tr>
				<td rowspan="5" style="width: 700px;"><p style="width:600px; height:400px; background-image: url(/upload/dogImg/images.jpg); background-position: center; background-size: cover; margin: 0 auto; margin-bottom:10px;">&nbsp;</p></td>
			</tr>
				
			<tr><td style=" width:300px; height:50px; font-size: 25px; font-weight:bold; text-align: center; border-radius: 20px; background-color:#B6EAFA;"><p>주인 : 닉네임</p></td></tr>
			<tr><td style=" width:300px; height:50px; font-size: 25px; font-weight:bold; text-align: center; border-radius: 20px; background-color:#B6EAFA;"><p>성별 : m</p></td></tr>
			<tr><td style=" width:300px; height:50px; font-size: 25px; font-weight:bold; text-align: center; border-radius: 20px; background-color:#B6EAFA;"><p>이름 : 꿍까 <input type="hidden" name="dogName" value="꿍까"></p></td></tr>
			<tr><td style=" width:300px; height:50px; font-size: 25px; font-weight:bold; text-align: center; border-radius: 20px; background-color:#B6EAFA;"><p>나이 : 3살</p></td></tr>

			
		</tbody>
			

	</table>
		
			
              ',to_date('20/05/20','RR/MM/DD'),'/upload/dogImg/shutterstock_29291741012.jpg',0,'qazx',0);
Insert into MMM.NOTICE (NOTICE_NO,NOTICE_TITLE,NOTICE_WRITER,NOTICE_CONTENT,NOTICE_DATE,NOTICE_IMGS,NOTICE_VIEW_COUNT,DOG_ID,NOTICE_DELETE_BOOL) values (538,'kjhkjhjkhkjh','danji70','<br><br><table style=" margin: 0 auto; margin-bottom: 2%; border: 1px solid #B6EAFA; border-radius: 20px;">

			
			<tbody>
			
				
			<tr>
				<td rowspan="5" style="width: 700px;"><p style="width:600px; height:400px; background-image: url(/upload/dogImg/shutterstock_29291741012.jpg); background-position: center; background-size: cover; margin: 0 auto; margin-bottom:10px; margin-top: 2.5%;">&nbsp;</p></td>
			</tr>
				
			<tr><td style=" width:300px; height:50px; font-size: 25px; font-weight:bold; text-align: center; border-radius: 20px; background-color:#B6EAFA;"><p>주인 : 닉네임</p></td></tr>
			<tr><td style=" width:300px; height:50px; font-size: 25px; font-weight:bold; text-align: center; border-radius: 20px; background-color:#B6EAFA;"><p>성별 : w</p></td></tr>
			<tr><td style=" width:300px; height:50px; font-size: 25px; font-weight:bold; text-align: center; border-radius: 20px; background-color:#B6EAFA;"><p>이름 : 까꿍 <input type="hidden" name="dogName" value="까꿍"></p></td></tr>
			<tr><td style=" width:300px; height:50px; font-size: 25px; font-weight:bold; text-align: center; border-radius: 20px; background-color:#B6EAFA;"><p>나이 : 2살</p></td></tr>

			
		</tbody>
			

	</table>
		
		<br><br><table style=" margin: 0 auto; margin-bottom: 2%; border: 1px solid #B6EAFA; border-radius: 20px;">

			
			<tbody>
			
				
			<tr>
				<td rowspan="5" style="width: 700px;"><p style="width:600px; height:400px; background-image: url(/upload/dogImg/images.jpg); background-position: center; background-size: cover; margin: 0 auto; margin-bottom:10px; margin-top: 2.5%;">&nbsp;</p></td>
			</tr>
				
			<tr><td style=" width:300px; height:50px; font-size: 25px; font-weight:bold; text-align: center; border-radius: 20px; background-color:#B6EAFA;"><p>주인 : 닉네임</p></td></tr>
			<tr><td style=" width:300px; height:50px; font-size: 25px; font-weight:bold; text-align: center; border-radius: 20px; background-color:#B6EAFA;"><p>성별 : m</p></td></tr>
			<tr><td style=" width:300px; height:50px; font-size: 25px; font-weight:bold; text-align: center; border-radius: 20px; background-color:#B6EAFA;"><p>이름 : 꿍까 <input type="hidden" name="dogName" value="꿍까"></p></td></tr>
			<tr><td style=" width:300px; height:50px; font-size: 25px; font-weight:bold; text-align: center; border-radius: 20px; background-color:#B6EAFA;"><p>나이 : 3살</p></td></tr>

			
		</tbody>
			

	</table>
		
			
              ',to_date('20/05/20','RR/MM/DD'),'/upload/dogImg/shutterstock_29291741012.jpg',0,'qazx',0);
Insert into MMM.NOTICE (NOTICE_NO,NOTICE_TITLE,NOTICE_WRITER,NOTICE_CONTENT,NOTICE_DATE,NOTICE_IMGS,NOTICE_VIEW_COUNT,DOG_ID,NOTICE_DELETE_BOOL) values (540,'kjhjkhkjhkj','danji70','<br><br><table style=" margin: 0 auto; margin-bottom: 2%; margin-top: 5%; border: 1px solid #B6EAFA; border-radius: 20px;">

			
			<tbody>
			
				
			<tr>
				<td rowspan="5" style="width: 700px;"><p style="width:600px; height:400px; background-image: url(/upload/dogImg/shutterstock_29291741012.jpg); background-position: center; background-size: cover; margin: 0 auto; margin-bottom:10px; margin-top: 2.5%;">&nbsp;</p></td>
			</tr>
				
			<tr><td style=" width:300px; height:30px; font-size: 25px; font-weight:bold; text-align: center; border-radius: 20px; background-color:#B6EAFA;"><p>주인 : 닉네임</p></td></tr>
			<tr><td style=" width:300px; height:30px; font-size: 25px; font-weight:bold; text-align: center; border-radius: 20px; background-color:#B6EAFA;"><p>성별 : w</p></td></tr>
			<tr><td style=" width:300px; height:30px; font-size: 25px; font-weight:bold; text-align: center; border-radius: 20px; background-color:#B6EAFA;"><p>이름 : 까꿍 <input type="hidden" name="dogName" value="까꿍"></p></td></tr>
			<tr><td style=" width:300px; height:30px; font-size: 25px; font-weight:bold; text-align: center; border-radius: 20px; background-color:#B6EAFA;"><p>나이 : 2살</p></td></tr>

			
		</tbody>
			

	</table>
		
		<br><br><table style=" margin: 0 auto; margin-bottom: 2%; margin-top: 5%; border: 1px solid #B6EAFA; border-radius: 20px;">

			
			<tbody>
			
				
			<tr>
				<td rowspan="5" style="width: 700px;"><p style="width:600px; height:400px; background-image: url(/upload/dogImg/images.jpg); background-position: center; background-size: cover; margin: 0 auto; margin-bottom:10px; margin-top: 2.5%;">&nbsp;</p></td>
			</tr>
				
			<tr><td style=" width:300px; height:30px; font-size: 25px; font-weight:bold; text-align: center; border-radius: 20px; background-color:#B6EAFA;"><p>주인 : 닉네임</p></td></tr>
			<tr><td style=" width:300px; height:30px; font-size: 25px; font-weight:bold; text-align: center; border-radius: 20px; background-color:#B6EAFA;"><p>성별 : m</p></td></tr>
			<tr><td style=" width:300px; height:30px; font-size: 25px; font-weight:bold; text-align: center; border-radius: 20px; background-color:#B6EAFA;"><p>이름 : 꿍까 <input type="hidden" name="dogName" value="꿍까"></p></td></tr>
			<tr><td style=" width:300px; height:30px; font-size: 25px; font-weight:bold; text-align: center; border-radius: 20px; background-color:#B6EAFA;"><p>나이 : 3살</p></td></tr>

			
		</tbody>
			

	</table>
		
			
              ',to_date('20/05/20','RR/MM/DD'),'/upload/dogImg/shutterstock_29291741012.jpg',0,'qazx',1);
Insert into MMM.NOTICE (NOTICE_NO,NOTICE_TITLE,NOTICE_WRITER,NOTICE_CONTENT,NOTICE_DATE,NOTICE_IMGS,NOTICE_VIEW_COUNT,DOG_ID,NOTICE_DELETE_BOOL) values (544,'123','danji70','<br><br><table style=" margin: 0 auto; margin-bottom: 2%; margin-top: 5%; border: 1px solid #B6EAFA; border-radius: 20px;">

			
			<tbody>
			
				
			<tr>
				<td rowspan="5" style="width: 700px;"><p style="width:600px; height:400px; background-image: url(/upload/dogImg/shutterstock_29291741012.jpg); background-position: center; background-size: cover; margin: 0 auto; margin-bottom:10px; margin-top: 2.5%;">&nbsp;</p></td>
			</tr>
				
			<tr><td style=" width:300px; height:30px; font-size: 25px; font-weight:bold; text-align: center; border-radius: 20px; background-color:#B6EAFA;"><p>주인 : 닉네임</p></td></tr>
			<tr><td style=" width:300px; height:30px; font-size: 25px; font-weight:bold; text-align: center; border-radius: 20px; background-color:#B6EAFA;"><p>성별 : w</p></td></tr>
			<tr><td style=" width:300px; height:30px; font-size: 25px; font-weight:bold; text-align: center; border-radius: 20px; background-color:#B6EAFA;"><p>이름 : 까꿍 <input type="hidden" name="dogName" value="까꿍"></p></td></tr>
			<tr><td style=" width:300px; height:30px; font-size: 25px; font-weight:bold; text-align: center; border-radius: 20px; background-color:#B6EAFA;"><p>나이 : 2살</p></td></tr>

			
		</tbody>
			

	</table>
		
		<br><br><table style=" margin: 0 auto; margin-bottom: 2%; margin-top: 5%; border: 1px solid #B6EAFA; border-radius: 20px;">

			
			<tbody>
			
				
			<tr>
				<td rowspan="5" style="width: 700px;"><p style="width:600px; height:400px; background-image: url(/upload/dogImg/images.jpg); background-position: center; background-size: cover; margin: 0 auto; margin-bottom:10px; margin-top: 2.5%;">&nbsp;</p></td>
			</tr>
				
			<tr><td style=" width:300px; height:30px; font-size: 25px; font-weight:bold; text-align: center; border-radius: 20px; background-color:#B6EAFA;"><p>주인 : 닉네임</p></td></tr>
			<tr><td style=" width:300px; height:30px; font-size: 25px; font-weight:bold; text-align: center; border-radius: 20px; background-color:#B6EAFA;"><p>성별 : m</p></td></tr>
			<tr><td style=" width:300px; height:30px; font-size: 25px; font-weight:bold; text-align: center; border-radius: 20px; background-color:#B6EAFA;"><p>이름 : 꿍까 <input type="hidden" name="dogName" value="꿍까"></p></td></tr>
			<tr><td style=" width:300px; height:30px; font-size: 25px; font-weight:bold; text-align: center; border-radius: 20px; background-color:#B6EAFA;"><p>나이 : 3살</p></td></tr>

			
		</tbody>
			

	</table>
		
			
              ',to_date('20/05/20','RR/MM/DD'),'/upload/dogImg/shutterstock_29291741012.jpg',0,'qazx',0);
Insert into MMM.NOTICE (NOTICE_NO,NOTICE_TITLE,NOTICE_WRITER,NOTICE_CONTENT,NOTICE_DATE,NOTICE_IMGS,NOTICE_VIEW_COUNT,DOG_ID,NOTICE_DELETE_BOOL) values (564,'jljk','user01','<br><br><table style=" margin: 0 auto; margin-bottom: 2%; margin-top: 5%; border: 1px solid #B6EAFA; border-radius: 20px;">

			
			<tbody>
			
				
			<tr>
				<td rowspan="5" style="width: 700px;"><p style="width:600px; height:400px; background-image: url(/upload/dogImg/shutterstock_2929174102.jpg); background-position: center; background-size: cover; margin: 0 auto; margin-bottom:10px; margin-top: 2.5%;">&nbsp;</p></td>
			</tr>
				
			<tr><td style=" width:300px; height:30px; font-size: 25px; font-weight:bold; text-align: center; border-radius: 20px; background-color:#B6EAFA;"><p>주인 : 병</p></td></tr>
			<tr><td style=" width:300px; height:30px; font-size: 25px; font-weight:bold; text-align: center; border-radius: 20px; background-color:#B6EAFA;"><p>성별 : </p></td></tr>
			<tr><td style=" width:300px; height:30px; font-size: 25px; font-weight:bold; text-align: center; border-radius: 20px; background-color:#B6EAFA;"><p>이름 : 댕댕이 <input type="hidden" name="dogName" value="댕댕이"></p></td></tr>
			<tr><td style=" width:300px; height:30px; font-size: 25px; font-weight:bold; text-align: center; border-radius: 20px; background-color:#B6EAFA;"><p>나이 : 1살</p></td></tr>

			
		</tbody>
			

	</table><p>&nbsp;</p><p>&nbsp;</p><p>&nbsp;</p><p><img src="/sm/multiupload/20200521095215776ee7cb-885d-43d0-88e3-c840226866df.jpg
" title="20180422_174743637_226.jpg" style="max-width:100%;"><br style="clear:both;"><img src="/sm/multiupload/2020052109521556baaf51-034e-4ce1-b041-b4ac86eec35f.jpg
" title="20180422_174800692_837.jpg" style="max-width:100%;"><br style="clear:both;">&nbsp;</p><p>&nbsp;</p><p>&nbsp;</p>',to_date('20/05/21','RR/MM/DD'),'/sm/multiupload/20200521095215776ee7cb-885d-43d0-88e3-c840226866df.jpg
',0,'강지이름',0);
Insert into MMM.NOTICE (NOTICE_NO,NOTICE_TITLE,NOTICE_WRITER,NOTICE_CONTENT,NOTICE_DATE,NOTICE_IMGS,NOTICE_VIEW_COUNT,DOG_ID,NOTICE_DELETE_BOOL) values (568,'123','user01','<br><br><table style=" margin: 0 auto; margin-bottom: 2%; margin-top: 5%; border: 1px solid #B6EAFA; border-radius: 20px;">

			
			<tbody>
			
				
			<tr>
				<td rowspan="5" style="width: 700px;"><p style="width:600px; height:400px; background-image: url(/upload/dogImg/shutterstock_2929174102.jpg); background-position: center; background-size: cover; margin: 0 auto; margin-bottom:10px; margin-top: 2.5%;">&nbsp;</p></td>
			</tr>
				
			<tr><td style=" width:300px; height:30px; font-size: 25px; font-weight:bold; text-align: center; border-radius: 20px; background-color:#B6EAFA;"><p>주인 : 병</p></td></tr>
			<tr><td style=" width:300px; height:30px; font-size: 25px; font-weight:bold; text-align: center; border-radius: 20px; background-color:#B6EAFA;"><p>성별 : </p></td></tr>
			<tr><td style=" width:300px; height:30px; font-size: 25px; font-weight:bold; text-align: center; border-radius: 20px; background-color:#B6EAFA;"><p>이름 : 댕댕이 <input type="hidden" name="dogName" value="댕댕이"></p></td></tr>
			<tr><td style=" width:300px; height:30px; font-size: 25px; font-weight:bold; text-align: center; border-radius: 20px; background-color:#B6EAFA;"><p>나이 : 1살</p></td></tr>

			
		</tbody>
			

	</table><p>&nbsp;</p><p>&nbsp;</p><p>&nbsp;</p><p>&nbsp;</p><p>&nbsp;</p><p>&nbsp;</p>',to_date('20/05/21','RR/MM/DD'),'/upload/dogImg/shutterstock_2929174102.jpg',0,'강지이름',0);
Insert into MMM.NOTICE (NOTICE_NO,NOTICE_TITLE,NOTICE_WRITER,NOTICE_CONTENT,NOTICE_DATE,NOTICE_IMGS,NOTICE_VIEW_COUNT,DOG_ID,NOTICE_DELETE_BOOL) values (572,'jkljkljhkllkhkl','user01','<br><br><table style=" margin: 0 auto; margin-bottom: 2%; margin-top: 5%; border: 1px solid #B6EAFA; border-radius: 20px;">

			
			<tbody>
			
				
			<tr>
				<td rowspan="5" style="width: 700px;"><p style="width:600px; height:400px; background-image: url(/upload/dogImg/shutterstock_2929174102.jpg); background-position: center; background-size: cover; margin: 0 auto; margin-bottom:10px; margin-top: 2.5%;">&nbsp;</p></td>
			</tr>
				
			<tr><td style=" width:300px; height:30px; font-size: 25px; font-weight:bold; text-align: center; border-radius: 20px; background-color:#B6EAFA;"><p>주인 : 병</p></td></tr>
			<tr><td style=" width:300px; height:30px; font-size: 25px; font-weight:bold; text-align: center; border-radius: 20px; background-color:#B6EAFA;"><p>성별 : </p></td></tr>
			<tr><td style=" width:300px; height:30px; font-size: 25px; font-weight:bold; text-align: center; border-radius: 20px; background-color:#B6EAFA;"><p>이름 : 댕댕이 <input type="hidden" name="dogName" value="댕댕이"></p></td></tr>
			<tr><td style=" width:300px; height:30px; font-size: 25px; font-weight:bold; text-align: center; border-radius: 20px; background-color:#B6EAFA;"><p>나이 : 1살</p></td></tr>

			
		</tbody>
			

	</table><p>&nbsp;</p><p>&nbsp;</p><p>&nbsp;</p><p>&nbsp;</p><p><img src="/sm/multiupload/202005210955450b996f18-ee57-4fdd-a4ca-1a8856d6fad1.jpg
" title="20180422_175019576_86.jpg" style="max-width:100%;"><br style="clear:both;">&nbsp;</p><p>&nbsp;</p><p>&nbsp;</p>',to_date('20/05/21','RR/MM/DD'),'/sm/multiupload/202005210955450b996f18-ee57-4fdd-a4ca-1a8856d6fad1.jpg
',0,'강지이름',0);
Insert into MMM.NOTICE (NOTICE_NO,NOTICE_TITLE,NOTICE_WRITER,NOTICE_CONTENT,NOTICE_DATE,NOTICE_IMGS,NOTICE_VIEW_COUNT,DOG_ID,NOTICE_DELETE_BOOL) values (574,'hjkhjk','user01','<br><br><table style=" margin: 0 auto; margin-bottom: 2%; margin-top: 5%; border: 1px solid #B6EAFA; border-radius: 20px;">

			
			<tbody>
			
				
			<tr>
				<td rowspan="5" style="width: 700px;"><p style="width:600px; height:400px; background-image: url(/upload/dogImg/shutterstock_2929174102.jpg); background-position: center; background-size: cover; margin: 0 auto; margin-bottom:10px; margin-top: 2.5%;">&nbsp;</p></td>
			</tr>
				
			<tr><td style=" width:300px; height:30px; font-size: 25px; font-weight:bold; text-align: center; border-radius: 20px; background-color:#B6EAFA;"><p>주인 : 병</p></td></tr>
			<tr><td style=" width:300px; height:30px; font-size: 25px; font-weight:bold; text-align: center; border-radius: 20px; background-color:#B6EAFA;"><p>성별 : </p></td></tr>
			<tr><td style=" width:300px; height:30px; font-size: 25px; font-weight:bold; text-align: center; border-radius: 20px; background-color:#B6EAFA;"><p>이름 : 댕댕이 <input type="hidden" name="dogName" value="댕댕이"></p></td></tr>
			<tr><td style=" width:300px; height:30px; font-size: 25px; font-weight:bold; text-align: center; border-radius: 20px; background-color:#B6EAFA;"><p>나이 : 1살</p></td></tr>

			
		</tbody>
			

	</table><p>&nbsp;</p><p><img src="/sm/multiupload/20200521095843df0541d8-adc4-4b0c-88dc-8c7a9b40244a.jpg
" title="20180422_174814411_4.jpg" style="max-width:100%;"><br style="clear:both;">&nbsp;</p><p>&nbsp;</p><p>&nbsp;</p>',to_date('20/05/21','RR/MM/DD'),'/sm/multiupload/20200521095843df0541d8-adc4-4b0c-88dc-8c7a9b40244a.jpg
',0,'강지이름',0);
Insert into MMM.NOTICE (NOTICE_NO,NOTICE_TITLE,NOTICE_WRITER,NOTICE_CONTENT,NOTICE_DATE,NOTICE_IMGS,NOTICE_VIEW_COUNT,DOG_ID,NOTICE_DELETE_BOOL) values (580,'ㅚ','user01','<br><br><table style=" margin: 0 auto; margin-bottom: 2%; margin-top: 5%; border: 1px solid #B6EAFA; border-radius: 20px;">

			
			<tbody>
			
				
			<tr>
				<td rowspan="5" style="width: 700px;"><p style="width:600px; height:400px; background-image: url(/upload/dogImg/shutterstock_2929174102.jpg); background-position: center; background-size: cover; margin: 0 auto; margin-bottom:10px; margin-top: 2.5%;">&nbsp;</p></td>
			</tr>
				
			<tr><td style=" width:300px; height:30px; font-size: 25px; font-weight:bold; text-align: center; border-radius: 20px; background-color:#B6EAFA;"><p>주인 : 병</p></td></tr>
			<tr><td style=" width:300px; height:30px; font-size: 25px; font-weight:bold; text-align: center; border-radius: 20px; background-color:#B6EAFA;"><p>성별 : </p></td></tr>
			<tr><td style=" width:300px; height:30px; font-size: 25px; font-weight:bold; text-align: center; border-radius: 20px; background-color:#B6EAFA;"><p>이름 : 댕댕이 <input type="hidden" name="dogName" value="댕댕이"></p></td></tr>
			<tr><td style=" width:300px; height:30px; font-size: 25px; font-weight:bold; text-align: center; border-radius: 20px; background-color:#B6EAFA;"><p>나이 : 1살</p></td></tr>

			
		</tbody>
			

	</table><p>&nbsp;</p><p>&nbsp;</p><p><img src="/sm/multiupload/2020052110212401b0c056-d3af-4919-ad45-363f6051612d.jpg
" title="20180422_174158873_108.jpg" style="max-width:100%;"><br style="clear:both;">&nbsp;</p><p>&nbsp;</p><p>&nbsp;</p>',to_date('20/05/21','RR/MM/DD'),'/sm/multiupload/2020052110212401b0c056-d3af-4919-ad45-363f6051612d.jpg
',0,'강지이름',1);
Insert into MMM.NOTICE (NOTICE_NO,NOTICE_TITLE,NOTICE_WRITER,NOTICE_CONTENT,NOTICE_DATE,NOTICE_IMGS,NOTICE_VIEW_COUNT,DOG_ID,NOTICE_DELETE_BOOL) values (584,'가입인사 드려용','jojoimg','<p>야뮤치 한 점심메뉴 추천좀요</p>',to_date('20/05/21','RR/MM/DD'),'/upload/dogImg/null',0,null,1);
Insert into MMM.NOTICE (NOTICE_NO,NOTICE_TITLE,NOTICE_WRITER,NOTICE_CONTENT,NOTICE_DATE,NOTICE_IMGS,NOTICE_VIEW_COUNT,DOG_ID,NOTICE_DELETE_BOOL) values (586,'우리집 둥이 자랑합니다','jojoimg','<br><br><table style=" margin: 0 auto; margin-bottom: 2%; margin-top: 5%; border: 1px solid #B6EAFA; border-radius: 20px;">

			
			<tbody>
			
				
			<tr>
				<td rowspan="5" style="width: 700px;"><p style="width:600px; height:400px; background-image: url(/upload/dogImg/dog.jpg); background-position: center; background-size: cover; margin: 0 auto; margin-bottom:10px; margin-top: 2.5%;">ㅇㅇㅇ</p></td>
			</tr>
				
			<tr><td style=" width:300px; height:30px; font-size: 25px; font-weight:bold; text-align: center; border-radius: 20px; background-color:#B6EAFA;"><p>주인 : 멜로는없어</p></td></tr>
			<tr><td style=" width:300px; height:30px; font-size: 25px; font-weight:bold; text-align: center; border-radius: 20px; background-color:#B6EAFA;"><p>성별 : m</p></td></tr>
			<tr><td style=" width:300px; height:30px; font-size: 25px; font-weight:bold; text-align: center; border-radius: 20px; background-color:#B6EAFA;"><p>이름 : 둥이 <input type="hidden" name="dogName" value="둥이"></p></td></tr>
			<tr><td style=" width:300px; height:30px; font-size: 25px; font-weight:bold; text-align: center; border-radius: 20px; background-color:#B6EAFA;"><p>나이 : 2살</p></td></tr>

			
		</tbody>
			

	</table>
		
			
              ',to_date('20/05/21','RR/MM/DD'),'/upload/dogImg/dog.jpg',0,'fe0292',0);
Insert into MMM.NOTICE (NOTICE_NO,NOTICE_TITLE,NOTICE_WRITER,NOTICE_CONTENT,NOTICE_DATE,NOTICE_IMGS,NOTICE_VIEW_COUNT,DOG_ID,NOTICE_DELETE_BOOL) values (590,'jhkjhjk','user01','<br><br><table style=" margin: 0 auto; margin-bottom: 2%; margin-top: 5%; border: 1px solid #B6EAFA; border-radius: 20px;">

			
			<tbody>
			
				
			<tr>
				<td rowspan="5" style="width: 700px;"><p style="width:600px; height:400px; background-image: url(/upload/dogImg/shutterstock_2929174102.jpg); background-position: center; background-size: cover; margin: 0 auto; margin-bottom:10px; margin-top: 2.5%;">&nbsp;</p></td>
			</tr>
				
			<tr><td style=" width:300px; height:30px; font-size: 25px; font-weight:bold; text-align: center; border-radius: 20px; background-color:#B6EAFA;"><p>주인 : 병ho</p></td></tr>
			<tr><td style=" width:300px; height:30px; font-size: 25px; font-weight:bold; text-align: center; border-radius: 20px; background-color:#B6EAFA;"><p>성별 : </p></td></tr>
			<tr><td style=" width:300px; height:30px; font-size: 25px; font-weight:bold; text-align: center; border-radius: 20px; background-color:#B6EAFA;"><p>이름 : 댕댕이 <input type="hidden" name="dogName" value="댕댕이"></p></td></tr>
			<tr><td style=" width:300px; height:30px; font-size: 25px; font-weight:bold; text-align: center; border-radius: 20px; background-color:#B6EAFA;"><p>나이 : 1살</p></td></tr>

			
		</tbody>
			

	</table><p>&nbsp;</p><p><img src="/sm/multiupload/2020052111315734e56490-4312-47d5-9680-0c1f5810c1c4.jpg
" title="20180422_174453770_556.jpg" style="max-width:100%;"><br style="clear:both;">
		
			
              </p>',to_date('20/05/21','RR/MM/DD'),'/sm/multiupload/2020052111315734e56490-4312-47d5-9680-0c1f5810c1c4.jpg
',0,'강지이름',1);
Insert into MMM.NOTICE (NOTICE_NO,NOTICE_TITLE,NOTICE_WRITER,NOTICE_CONTENT,NOTICE_DATE,NOTICE_IMGS,NOTICE_VIEW_COUNT,DOG_ID,NOTICE_DELETE_BOOL) values (602,'방버스','jojoimg','<p><br>&nbsp;</p><p>멍멍</p><table style=" margin: 0 auto; margin-bottom: 2%; margin-top: 5%; border: 1px solid #B6EAFA; border-radius: 20px;">

			
			<tbody>
			
				
			<tr>
				<td rowspan="5" style="width: 700px;"><p style="width:600px; height:400px; background-image: url(/upload/dogImg/dog.jpg); background-position: center; background-size: cover; margin: 0 auto; margin-bottom:10px; margin-top: 2.5%;">&nbsp;</p></td>
			</tr>
				
			<tr><td style=" width:300px; height:30px; font-size: 25px; font-weight:bold; text-align: center; border-radius: 20px; background-color:#B6EAFA;"><p>주인 : 멜로는없어</p></td></tr>
			<tr><td style=" width:300px; height:30px; font-size: 25px; font-weight:bold; text-align: center; border-radius: 20px; background-color:#B6EAFA;"><p>성별 : m</p></td></tr>
			<tr><td style=" width:300px; height:30px; font-size: 25px; font-weight:bold; text-align: center; border-radius: 20px; background-color:#B6EAFA;"><p>이름 : 둥이 <input type="hidden" name="dogName" value="둥이"></p></td></tr>
			<tr><td style=" width:300px; height:30px; font-size: 25px; font-weight:bold; text-align: center; border-radius: 20px; background-color:#B6EAFA;"><p>나이 : 2살</p></td></tr>

			
		</tbody>
			

	</table>
		
		<br><br><table style=" margin: 0 auto; margin-bottom: 2%; margin-top: 5%; border: 1px solid #B6EAFA; border-radius: 20px;">

			
			<tbody>
			
				
			<tr>
				<td rowspan="5" style="width: 700px;"><p style="width:600px; height:400px; background-image: url(/upload/dogImg/noDogImg.png); background-position: center; background-size: cover; margin: 0 auto; margin-bottom:10px; margin-top: 2.5%;">&nbsp;</p></td>
			</tr>
				
			<tr><td style=" width:300px; height:30px; font-size: 25px; font-weight:bold; text-align: center; border-radius: 20px; background-color:#B6EAFA;"><p>주인 : 멜로는없어</p></td></tr>
			<tr><td style=" width:300px; height:30px; font-size: 25px; font-weight:bold; text-align: center; border-radius: 20px; background-color:#B6EAFA;"><p>성별 : w</p></td></tr>
			<tr><td style=" width:300px; height:30px; font-size: 25px; font-weight:bold; text-align: center; border-radius: 20px; background-color:#B6EAFA;"><p>이름 : 시바 <input type="hidden" name="dogName" value="시바"></p></td></tr>
			<tr><td style=" width:300px; height:30px; font-size: 25px; font-weight:bold; text-align: center; border-radius: 20px; background-color:#B6EAFA;"><p>나이 : 1살</p></td></tr>

			
		</tbody>
			

	</table>
		
			
              ',to_date('20/05/21','RR/MM/DD'),'/upload/dogImg/dog.jpg',0,'fe0292',0);
Insert into MMM.NOTICE (NOTICE_NO,NOTICE_TITLE,NOTICE_WRITER,NOTICE_CONTENT,NOTICE_DATE,NOTICE_IMGS,NOTICE_VIEW_COUNT,DOG_ID,NOTICE_DELETE_BOOL) values (594,'hjlkh','user01','<br><br>
		
			
              ',to_date('20/05/21','RR/MM/DD'),'/upload/dogImg/shutterstock_2929174102.jpg',0,'강지이름',1);
Insert into MMM.NOTICE (NOTICE_NO,NOTICE_TITLE,NOTICE_WRITER,NOTICE_CONTENT,NOTICE_DATE,NOTICE_IMGS,NOTICE_VIEW_COUNT,DOG_ID,NOTICE_DELETE_BOOL) values (604,'모잉?','test01','<br><br><table style=" margin: 0 auto; margin-bottom: 2%; margin-top: 5%; border: 1px solid #B6EAFA; border-radius: 20px;">

			
			<tbody>
			
				
			<tr>
				<td rowspan="5" style="width: 700px;"><p style="width:600px; height:400px; background-image: url(/upload/dogImg/멍멍이13.jpg); background-position: center; background-size: cover; margin: 0 auto; margin-bottom:10px; margin-top: 2.5%;">&nbsp;</p></td>
			</tr>
				
			<tr><td style=" width:300px; height:30px; font-size: 25px; font-weight:bold; text-align: center; border-radius: 20px; background-color:#B6EAFA;"><p>주인 : 방구</p></td></tr>
			<tr><td style=" width:300px; height:30px; font-size: 25px; font-weight:bold; text-align: center; border-radius: 20px; background-color:#B6EAFA;"><p>성별 : m</p></td></tr>
			<tr><td style=" width:300px; height:30px; font-size: 25px; font-weight:bold; text-align: center; border-radius: 20px; background-color:#B6EAFA;"><p>이름 : 빙구 <input type="hidden" name="dogName" value="빙구"></p></td></tr>
			<tr><td style=" width:300px; height:30px; font-size: 25px; font-weight:bold; text-align: center; border-radius: 20px; background-color:#B6EAFA;"><p>나이 : 1살</p></td></tr>

			
		</tbody>
			

	</table>
		
			
              ',to_date('20/05/21','RR/MM/DD'),'/upload/dogImg/멍멍이13.jpg',0,'ere11',1);
Insert into MMM.NOTICE (NOTICE_NO,NOTICE_TITLE,NOTICE_WRITER,NOTICE_CONTENT,NOTICE_DATE,NOTICE_IMGS,NOTICE_VIEW_COUNT,DOG_ID,NOTICE_DELETE_BOOL) values (606,'hjkhkjhkjhkjhkj','user04','<br><br><table style=" margin: 0 auto; margin-bottom: 2%; margin-top: 5%; border: 1px solid #B6EAFA; border-radius: 20px;">

			
			<tbody>
			
				
			<tr>
				<td rowspan="5" style="width: 700px;"><p style="width:600px; height:400px; background-image: url(/upload/dogImg/shutterstock_29291741013.jpg); background-position: center; background-size: cover; margin: 0 auto; margin-bottom:10px; margin-top: 2.5%;">&nbsp;</p></td>
			</tr>
				
			<tr><td style=" width:300px; height:30px; font-size: 25px; font-weight:bold; text-align: center; border-radius: 20px; background-color:#B6EAFA;"><p>주인 : 소소</p></td></tr>
			<tr><td style=" width:300px; height:30px; font-size: 25px; font-weight:bold; text-align: center; border-radius: 20px; background-color:#B6EAFA;"><p>성별 : w</p></td></tr>
			<tr><td style=" width:300px; height:30px; font-size: 25px; font-weight:bold; text-align: center; border-radius: 20px; background-color:#B6EAFA;"><p>이름 : 댕댕이 <input type="hidden" name="dogName" value="댕댕이"></p></td></tr>
			<tr><td style=" width:300px; height:30px; font-size: 25px; font-weight:bold; text-align: center; border-radius: 20px; background-color:#B6EAFA;"><p>나이 : 12살</p></td></tr>

			
		</tbody>
			

	</table><p>&nbsp;</p><p>&nbsp;</p><p><img src="/sm/multiupload/20200521152815643cab97-9189-435d-901a-bbf932023fe9.jpg
" title="20180422_174743637_226.jpg" style="max-width:100%;"><br style="clear:both;">&nbsp;</p><p>&nbsp;</p><p>&nbsp;</p>',to_date('20/05/21','RR/MM/DD'),'/sm/multiupload/20200521152815643cab97-9189-435d-901a-bbf932023fe9.jpg
',0,'qwhcdvjh',1);
Insert into MMM.NOTICE (NOTICE_NO,NOTICE_TITLE,NOTICE_WRITER,NOTICE_CONTENT,NOTICE_DATE,NOTICE_IMGS,NOTICE_VIEW_COUNT,DOG_ID,NOTICE_DELETE_BOOL) values (622,'vbnvbn','test01','<br><br><table style=" margin: 0 auto; margin-bottom: 2%; margin-top: 5%; border: 1px solid #B6EAFA; border-radius: 20px;">

			
			<tbody>
			
				
			<tr>
				<td rowspan="5" style="width: 700px;"><p style="width:600px; height:400px; background-image: url(/upload/dogImg/멍멍이13.jpg); background-position: center; background-size: cover; margin: 0 auto; margin-bottom:10px; margin-top: 2.5%;">&nbsp;</p></td>
			</tr>
				
			<tr><td style=" width:300px; height:30px; font-size: 25px; font-weight:bold; text-align: center; border-radius: 20px; background-color:#B6EAFA;"><p>주인 : 방구</p></td></tr>
			<tr><td style=" width:300px; height:30px; font-size: 25px; font-weight:bold; text-align: center; border-radius: 20px; background-color:#B6EAFA;"><p>성별 : m</p></td></tr>
			<tr><td style=" width:300px; height:30px; font-size: 25px; font-weight:bold; text-align: center; border-radius: 20px; background-color:#B6EAFA;"><p>이름 : 빙구 <input type="hidden" name="dogName" value="빙구"></p></td></tr>
			<tr><td style=" width:300px; height:30px; font-size: 25px; font-weight:bold; text-align: center; border-radius: 20px; background-color:#B6EAFA;"><p>나이 : 1살</p></td></tr>

			
		</tbody>
			

	</table>
		
			
              ',to_date('20/05/21','RR/MM/DD'),'/upload/dogImg/멍멍이13.jpg',0,'ere11',1);
Insert into MMM.NOTICE (NOTICE_NO,NOTICE_TITLE,NOTICE_WRITER,NOTICE_CONTENT,NOTICE_DATE,NOTICE_IMGS,NOTICE_VIEW_COUNT,DOG_ID,NOTICE_DELETE_BOOL) values (624,'gjhghj','test01','<br><br><table style=" margin: 0 auto; margin-bottom: 2%; margin-top: 5%; border: 1px solid #B6EAFA; border-radius: 20px;">

			
			<tbody>
			
				
			<tr>
				<td rowspan="5" style="width: 700px;"><p style="width:600px; height:400px; background-image: url(/upload/dogImg/멍멍이13.jpg); background-position: center; background-size: cover; margin: 0 auto; margin-bottom:10px; margin-top: 2.5%;">&nbsp;</p></td>
			</tr>
				
			<tr><td style=" width:300px; height:30px; font-size: 25px; font-weight:bold; text-align: center; border-radius: 20px; background-color:#B6EAFA;"><p>주인 : 방구</p></td></tr>
			<tr><td style=" width:300px; height:30px; font-size: 25px; font-weight:bold; text-align: center; border-radius: 20px; background-color:#B6EAFA;"><p>성별 : m</p></td></tr>
			<tr><td style=" width:300px; height:30px; font-size: 25px; font-weight:bold; text-align: center; border-radius: 20px; background-color:#B6EAFA;"><p>이름 : 빙구 <input type="hidden" name="dogName" value="빙구"></p></td></tr>
			<tr><td style=" width:300px; height:30px; font-size: 25px; font-weight:bold; text-align: center; border-radius: 20px; background-color:#B6EAFA;"><p>나이 : 1살</p></td></tr>

			
		</tbody>
			

	</table><img src="/sm/multiupload/2020052116564614365688-004a-4c1d-bd3a-992e30527a2f.jpg
" title="20180422_174743637_226.jpg" style="max-width:100%;"><br style="clear:both;"><img src="/sm/multiupload/20200521165646bfdf5b97-35e5-4e4f-8fd1-63507de78323.jpg
" title="20180422_174800692_837.jpg" style="max-width:100%;"><br style="clear:both;"><br><p>&nbsp;</p><p>&nbsp;</p>',to_date('20/05/21','RR/MM/DD'),'/sm/multiupload/2020052116564614365688-004a-4c1d-bd3a-992e30527a2f.jpg
',0,'ere11',1);
Insert into MMM.NOTICE (NOTICE_NO,NOTICE_TITLE,NOTICE_WRITER,NOTICE_CONTENT,NOTICE_DATE,NOTICE_IMGS,NOTICE_VIEW_COUNT,DOG_ID,NOTICE_DELETE_BOOL) values (626,'gjhghj','test01','<br>ghkg',to_date('20/05/21','RR/MM/DD'),'/upload/dogImg/멍멍이13.jpg',0,'ere11',1);
Insert into MMM.NOTICE (NOTICE_NO,NOTICE_TITLE,NOTICE_WRITER,NOTICE_CONTENT,NOTICE_DATE,NOTICE_IMGS,NOTICE_VIEW_COUNT,DOG_ID,NOTICE_DELETE_BOOL) values (628,'수정한 사진 파일이 안올라가요','BusBang','ㅠㅠ<br><br><table style=" margin: 0 auto; margin-bottom: 2%; margin-top: 5%; border: 1px solid #B6EAFA; border-radius: 20px;">

			
			<tbody>
			
				
			<tr>
				<td rowspan="5" style="width: 700px;"><p style="width:600px; height:400px; background-image: url(/upload/dogImg/고양이2.jpg); background-position: center; background-size: cover; margin: 0 auto; margin-bottom:10px; margin-top: 2.5%;">&nbsp;</p></td>
			</tr>
				
			<tr><td style=" width:300px; height:30px; font-size: 25px; font-weight:bold; text-align: center; border-radius: 20px; background-color:#B6EAFA;"><p>주인 : 방버스</p></td></tr>
			<tr><td style=" width:300px; height:30px; font-size: 25px; font-weight:bold; text-align: center; border-radius: 20px; background-color:#B6EAFA;"><p>성별 : w</p></td></tr>
			<tr><td style=" width:300px; height:30px; font-size: 25px; font-weight:bold; text-align: center; border-radius: 20px; background-color:#B6EAFA;"><p>이름 : 고양이가좋아 <input type="hidden" name="dogName" value="고양이가좋아"></p></td></tr>
			<tr><td style=" width:300px; height:30px; font-size: 25px; font-weight:bold; text-align: center; border-radius: 20px; background-color:#B6EAFA;"><p>나이 : 22살</p></td></tr>

			
		</tbody>
			

	</table>
		
		<br><br><table style=" margin: 0 auto; margin-bottom: 2%; margin-top: 5%; border: 1px solid #B6EAFA; border-radius: 20px;">

			
			<tbody>
			
				
			<tr>
				<td rowspan="5" style="width: 700px;"><p style="width:600px; height:400px; background-image: url(/upload/dogImg/고양2.jpg); background-position: center; background-size: cover; margin: 0 auto; margin-bottom:10px; margin-top: 2.5%;">&nbsp;</p></td>
			</tr>
				
			<tr><td style=" width:300px; height:30px; font-size: 25px; font-weight:bold; text-align: center; border-radius: 20px; background-color:#B6EAFA;"><p>주인 : 방버스</p></td></tr>
			<tr><td style=" width:300px; height:30px; font-size: 25px; font-weight:bold; text-align: center; border-radius: 20px; background-color:#B6EAFA;"><p>성별 : </p></td></tr>
			<tr><td style=" width:300px; height:30px; font-size: 25px; font-weight:bold; text-align: center; border-radius: 20px; background-color:#B6EAFA;"><p>이름 : 고양이 <input type="hidden" name="dogName" value="고양이"></p></td></tr>
			<tr><td style=" width:300px; height:30px; font-size: 25px; font-weight:bold; text-align: center; border-radius: 20px; background-color:#B6EAFA;"><p>나이 : 22살</p></td></tr>

			
		</tbody>
			

	</table>
		
			
              ',to_date('20/05/21','RR/MM/DD'),'/upload/dogImg/고양이2.jpg',0,'asdf',0);
Insert into MMM.NOTICE (NOTICE_NO,NOTICE_TITLE,NOTICE_WRITER,NOTICE_CONTENT,NOTICE_DATE,NOTICE_IMGS,NOTICE_VIEW_COUNT,DOG_ID,NOTICE_DELETE_BOOL) values (630,'/??수정한 사진파일이 제대로 올라가나','BusBang','<br>ㅁㄴㅇㄹ<br><br><br><table style=" margin: 0 auto; margin-bottom: 2%; margin-top: 5%; border: 1px solid #B6EAFA; border-radius: 20px;">

			
			<tbody>
			
				
			<tr>
				<td rowspan="5" style="width: 700px;"><p style="width:600px; height:400px; background-image: url(/upload/dogImg/고양2.jpg); background-position: center; background-size: cover; margin: 0 auto; margin-bottom:10px; margin-top: 2.5%;">&nbsp;</p></td>
			</tr>
				
			<tr><td style=" width:300px; height:30px; font-size: 25px; font-weight:bold; text-align: center; border-radius: 20px; background-color:#B6EAFA;"><p>주인 : 방버스</p></td></tr>
			<tr><td style=" width:300px; height:30px; font-size: 25px; font-weight:bold; text-align: center; border-radius: 20px; background-color:#B6EAFA;"><p>성별 : </p></td></tr>
			<tr><td style=" width:300px; height:30px; font-size: 25px; font-weight:bold; text-align: center; border-radius: 20px; background-color:#B6EAFA;"><p>이름 : 고양이 <input type="hidden" name="dogName" value="고양이"></p></td></tr>
			<tr><td style=" width:300px; height:30px; font-size: 25px; font-weight:bold; text-align: center; border-radius: 20px; background-color:#B6EAFA;"><p>나이 : 22살</p></td></tr>

			
		</tbody>
			

	</table>
		
			
              ',to_date('20/05/21','RR/MM/DD'),'/upload/dogImg/고양이2.jpg',0,'asdf',0);
Insert into MMM.NOTICE (NOTICE_NO,NOTICE_TITLE,NOTICE_WRITER,NOTICE_CONTENT,NOTICE_DATE,NOTICE_IMGS,NOTICE_VIEW_COUNT,DOG_ID,NOTICE_DELETE_BOOL) values (632,'내가 젤 귀여웡','toto2219','<br><br><table style=" margin: 0 auto; margin-bottom: 2%; margin-top: 5%; border: 1px solid #B6EAFA; border-radius: 20px;">

			
			<tbody>
			
				
			<tr>
				<td rowspan="5" style="width: 700px;"><p style="width:600px; height:400px; background-image: url(/upload/dogImg/울애깅.png); background-position: center; background-size: cover; margin: 0 auto; margin-bottom:10px; margin-top: 2.5%;">&nbsp;</p></td>
			</tr>
				
			<tr><td style=" width:300px; height:30px; font-size: 25px; font-weight:bold; text-align: center; border-radius: 20px; background-color:#B6EAFA;"><p>주인 : 혀니</p></td></tr>
			<tr><td style=" width:300px; height:30px; font-size: 25px; font-weight:bold; text-align: center; border-radius: 20px; background-color:#B6EAFA;"><p>성별 : w</p></td></tr>
			<tr><td style=" width:300px; height:30px; font-size: 25px; font-weight:bold; text-align: center; border-radius: 20px; background-color:#B6EAFA;"><p>이름 : 안부티 <input type="hidden" name="dogName" value="안부티"></p></td></tr>
			<tr><td style=" width:300px; height:30px; font-size: 25px; font-weight:bold; text-align: center; border-radius: 20px; background-color:#B6EAFA;"><p>나이 : 10살</p></td></tr>

			
		</tbody>
			

	</table>
		
			
              ',to_date('20/05/21','RR/MM/DD'),'/upload/dogImg/울애깅.png',0,'1234',0);
Insert into MMM.NOTICE (NOTICE_NO,NOTICE_TITLE,NOTICE_WRITER,NOTICE_CONTENT,NOTICE_DATE,NOTICE_IMGS,NOTICE_VIEW_COUNT,DOG_ID,NOTICE_DELETE_BOOL) values (634,'귀염둥이야','toto2219','<br><br><table style=" margin: 0 auto; margin-bottom: 2%; margin-top: 5%; border: 1px solid #B6EAFA; border-radius: 20px;">

			
			<tbody>
			
				
			<tr>
				<td rowspan="5" style="width: 700px;"><p style="width:600px; height:400px; background-image: url(/upload/dogImg/울애깅.png); background-position: center; background-size: cover; margin: 0 auto; margin-bottom:10px; margin-top: 2.5%;"><img src="/sm/multiupload/2020052117504619b729f2-9b07-4bac-a379-9e8a6171d33e.jpg
" title="%EB%8B%AC%EB%A0%A4%EB%9D%BC%EB%B6%80%ED%8B%B0.jpg" style="max-width:100%;">&nbsp;</p></td>
			</tr>
				
			<tr><td style=" width:300px; height:30px; font-size: 25px; font-weight:bold; text-align: center; border-radius: 20px; background-color:#B6EAFA;"><p>주인 : 혀니</p></td></tr>
			<tr><td style=" width:300px; height:30px; font-size: 25px; font-weight:bold; text-align: center; border-radius: 20px; background-color:#B6EAFA;"><p>성별 : w</p></td></tr>
			<tr><td style=" width:300px; height:30px; font-size: 25px; font-weight:bold; text-align: center; border-radius: 20px; background-color:#B6EAFA;"><p>이름 : 안부티 <input type="hidden" name="dogName" value="안부티"></p></td></tr>
			<tr><td style=" width:300px; height:30px; font-size: 25px; font-weight:bold; text-align: center; border-radius: 20px; background-color:#B6EAFA;"><p>나이 : 10살</p></td></tr>

			
		</tbody>
			

	</table>
		
			
              ',to_date('20/05/21','RR/MM/DD'),'/sm/multiupload/2020052117504619b729f2-9b07-4bac-a379-9e8a6171d33e.jpg
',0,'1234',1);
Insert into MMM.NOTICE (NOTICE_NO,NOTICE_TITLE,NOTICE_WRITER,NOTICE_CONTENT,NOTICE_DATE,NOTICE_IMGS,NOTICE_VIEW_COUNT,DOG_ID,NOTICE_DELETE_BOOL) values (636,'산책간 부티','toto2219','<img src="/sm/multiupload/202005211751322ef335ee-91ad-4181-bd76-f889b418eb93.jpg
" title="%EC%82%B0%EC%B1%85%EA%B0%80%EC%AA%84.jpg" style="max-width:100%;"><br style="clear:both;"><br><br><table style=" margin: 0 auto; margin-bottom: 2%; margin-top: 5%; border: 1px solid #B6EAFA; border-radius: 20px;">

			
			<tbody>
			
				
			<tr>
				<td rowspan="5" style="width: 700px;"><p style="width:600px; height:400px; background-image: url(/upload/dogImg/울애깅.png); background-position: center; background-size: cover; margin: 0 auto; margin-bottom:10px; margin-top: 2.5%;">&nbsp;</p></td>
			</tr>
				
			<tr><td style=" width:300px; height:30px; font-size: 25px; font-weight:bold; text-align: center; border-radius: 20px; background-color:#B6EAFA;"><p>주인 : 혀니</p></td></tr>
			<tr><td style=" width:300px; height:30px; font-size: 25px; font-weight:bold; text-align: center; border-radius: 20px; background-color:#B6EAFA;"><p>성별 : w</p></td></tr>
			<tr><td style=" width:300px; height:30px; font-size: 25px; font-weight:bold; text-align: center; border-radius: 20px; background-color:#B6EAFA;"><p>이름 : 안부티 <input type="hidden" name="dogName" value="안부티"></p></td></tr>
			<tr><td style=" width:300px; height:30px; font-size: 25px; font-weight:bold; text-align: center; border-radius: 20px; background-color:#B6EAFA;"><p>나이 : 10살</p></td></tr>

			
		</tbody>
			

	</table>
		
			
              ',to_date('20/05/21','RR/MM/DD'),'/sm/multiupload/202005211751322ef335ee-91ad-4181-bd76-f889b418eb93.jpg
',0,'1234',0);
Insert into MMM.NOTICE (NOTICE_NO,NOTICE_TITLE,NOTICE_WRITER,NOTICE_CONTENT,NOTICE_DATE,NOTICE_IMGS,NOTICE_VIEW_COUNT,DOG_ID,NOTICE_DELETE_BOOL) values (638,'남의집 강아지 자랑합니다.','toto2219','<img src="/sm/multiupload/20200521175209540d5983-45a5-423f-ab8a-c5074de06795.jpg
" title="%EC%AD%88%EA%B5%AC%EB%A6%AC.jpg" style="max-width:100%;"><br style="clear:both;"><br><br><table style=" margin: 0 auto; margin-bottom: 2%; margin-top: 5%; border: 1px solid #B6EAFA; border-radius: 20px;">

			
			<tbody>
			
				
			<tr>
				<td rowspan="5" style="width: 700px;"><p style="width:600px; height:400px; background-image: url(/upload/dogImg/울애깅.png); background-position: center; background-size: cover; margin: 0 auto; margin-bottom:10px; margin-top: 2.5%;">&nbsp;</p></td>
			</tr>
				
			<tr><td style=" width:300px; height:30px; font-size: 25px; font-weight:bold; text-align: center; border-radius: 20px; background-color:#B6EAFA;"><p>주인 : 혀니</p></td></tr>
			<tr><td style=" width:300px; height:30px; font-size: 25px; font-weight:bold; text-align: center; border-radius: 20px; background-color:#B6EAFA;"><p>성별 : w</p></td></tr>
			<tr><td style=" width:300px; height:30px; font-size: 25px; font-weight:bold; text-align: center; border-radius: 20px; background-color:#B6EAFA;"><p>이름 : 안부티 <input type="hidden" name="dogName" value="안부티"></p></td></tr>
			<tr><td style=" width:300px; height:30px; font-size: 25px; font-weight:bold; text-align: center; border-radius: 20px; background-color:#B6EAFA;"><p>나이 : 10살</p></td></tr>

			
		</tbody>
			

	</table>
		
			
              ',to_date('20/05/21','RR/MM/DD'),'/sm/multiupload/20200521175209540d5983-45a5-423f-ab8a-c5074de06795.jpg
',0,'1234',0);
Insert into MMM.NOTICE (NOTICE_NO,NOTICE_TITLE,NOTICE_WRITER,NOTICE_CONTENT,NOTICE_DATE,NOTICE_IMGS,NOTICE_VIEW_COUNT,DOG_ID,NOTICE_DELETE_BOOL) values (640,'루나누','test11','<br><br><table style=" margin: 0 auto; margin-bottom: 2%; margin-top: 5%; border: 1px solid #B6EAFA; border-radius: 20px;">

			
			<tbody>
			
				
			<tr>
				<td rowspan="5" style="width: 700px;"><p style="width:600px; height:400px; background-image: url(/upload/dogImg/002_회원가입폼.png); background-position: center; background-size: cover; margin: 0 auto; margin-bottom:10px; margin-top: 2.5%;">&nbsp;</p></td>
			</tr>
				
			<tr><td style=" width:300px; height:30px; font-size: 25px; font-weight:bold; text-align: center; border-radius: 20px; background-color:#B6EAFA;"><p>주인 : 수수</p></td></tr>
			<tr><td style=" width:300px; height:30px; font-size: 25px; font-weight:bold; text-align: center; border-radius: 20px; background-color:#B6EAFA;"><p>성별 : w</p></td></tr>
			<tr><td style=" width:300px; height:30px; font-size: 25px; font-weight:bold; text-align: center; border-radius: 20px; background-color:#B6EAFA;"><p>이름 : 감자 <input type="hidden" name="dogName" value="감자"></p></td></tr>
			<tr><td style=" width:300px; height:30px; font-size: 25px; font-weight:bold; text-align: center; border-radius: 20px; background-color:#B6EAFA;"><p>나이 : 12살</p></td></tr>

			
		</tbody>
			

	</table>
		
		<br><br><table style=" margin: 0 auto; margin-bottom: 2%; margin-top: 5%; border: 1px solid #B6EAFA; border-radius: 20px;">

			
			<tbody>
			
				
			<tr>
				<td rowspan="5" style="width: 700px;"><p style="width:600px; height:400px; background-image: url(/upload/dogImg/dog-panting-1024x683.jpg); background-position: center; background-size: cover; margin: 0 auto; margin-bottom:10px; margin-top: 2.5%;">&nbsp;</p></td>
			</tr>
				
			<tr><td style=" width:300px; height:30px; font-size: 25px; font-weight:bold; text-align: center; border-radius: 20px; background-color:#B6EAFA;"><p>주인 : 수수</p></td></tr>
			<tr><td style=" width:300px; height:30px; font-size: 25px; font-weight:bold; text-align: center; border-radius: 20px; background-color:#B6EAFA;"><p>성별 : m</p></td></tr>
			<tr><td style=" width:300px; height:30px; font-size: 25px; font-weight:bold; text-align: center; border-radius: 20px; background-color:#B6EAFA;"><p>이름 : 감감 <input type="hidden" name="dogName" value="감감"></p></td></tr>
			<tr><td style=" width:300px; height:30px; font-size: 25px; font-weight:bold; text-align: center; border-radius: 20px; background-color:#B6EAFA;"><p>나이 : 12살</p></td></tr>

			
		</tbody>
			

	</table><p>&nbsp;</p><p><img src="/sm/multiupload/20200521175300155a5f86-796c-41ce-8294-2a9a91f98ac3.jpg
" title="dog-panting-1024x683.jpg" style="max-width:100%;"><br style="clear:both;"><img src="/sm/multiupload/202005211753000b381f4a-4f60-401f-997d-a764f4d0393f.jpg
" title="dog-tongue-2.jpg" style="max-width:100%;"><br style="clear:both;"><img src="/sm/multiupload/20200521175300828a3b46-9f9d-4e3e-8a42-9fa985e6ad5e.jpg
" title="images.jpg" style="max-width:100%;"></p><p>&nbsp;</p><p>&nbsp;</p><p>&nbsp;</p><p>라ㅜ나린둘니ㅏ<b>?</b><br style="clear:both;">&nbsp;</p><p>&nbsp;</p><p>&nbsp;</p>',to_date('20/05/21','RR/MM/DD'),'/sm/multiupload/20200521175300155a5f86-796c-41ce-8294-2a9a91f98ac3.jpg
',0,null,1);
Insert into MMM.NOTICE (NOTICE_NO,NOTICE_TITLE,NOTICE_WRITER,NOTICE_CONTENT,NOTICE_DATE,NOTICE_IMGS,NOTICE_VIEW_COUNT,DOG_ID,NOTICE_DELETE_BOOL) values (644,'hjkhkjhjk','test11','<br><br><br><br><table style=" margin: 0 auto; margin-bottom: 2%; margin-top: 5%; border: 1px solid #B6EAFA; border-radius: 20px;">

			
			<tbody>
			
				
			<tr>
				<td rowspan="5" style="width: 700px;"><p style="width:600px; height:400px; background-image: url(/upload/dogImg/dog-panting-1024x683.jpg); background-position: center; background-size: cover; margin: 0 auto; margin-bottom:10px; margin-top: 2.5%;">&nbsp;</p></td>
			</tr>
				
			<tr><td style=" width:300px; height:30px; font-size: 25px; font-weight:bold; text-align: center; border-radius: 20px; background-color:#B6EAFA;"><p>주인 : 수수</p></td></tr>
			<tr><td style=" width:300px; height:30px; font-size: 25px; font-weight:bold; text-align: center; border-radius: 20px; background-color:#B6EAFA;"><p>성별 : m</p></td></tr>
			<tr><td style=" width:300px; height:30px; font-size: 25px; font-weight:bold; text-align: center; border-radius: 20px; background-color:#B6EAFA;"><p>이름 : 감감 <input type="hidden" name="dogName" value="감감"></p></td></tr>
			<tr><td style=" width:300px; height:30px; font-size: 25px; font-weight:bold; text-align: center; border-radius: 20px; background-color:#B6EAFA;"><p>나이 : 12살</p></td></tr>

			
		</tbody>
			

	</table>
		
			
              
      
              ',to_date('20/05/21','RR/MM/DD'),'/upload/dogImg/002_회원가입폼.png',0,null,1);
Insert into MMM.NOTICE (NOTICE_NO,NOTICE_TITLE,NOTICE_WRITER,NOTICE_CONTENT,NOTICE_DATE,NOTICE_IMGS,NOTICE_VIEW_COUNT,DOG_ID,NOTICE_DELETE_BOOL) values (646,'오십견','id011','<br><br><table style=" margin: 0 auto; margin-bottom: 2%; margin-top: 5%; border: 1px solid #B6EAFA; border-radius: 20px;">

			
			<tbody>
			
				
			<tr>
				<td rowspan="5" style="width: 700px;"><p style="width:600px; height:400px; background-image: url(/upload/dogImg/강아지.jpg); background-position: center; background-size: cover; margin: 0 auto; margin-bottom:10px; margin-top: 2.5%;">&nbsp;</p></td>
			</tr>
				
			<tr><td style=" width:300px; height:30px; font-size: 25px; font-weight:bold; text-align: center; border-radius: 20px; background-color:#B6EAFA;"><p>주인 : 닉네임1</p></td></tr>
			<tr><td style=" width:300px; height:30px; font-size: 25px; font-weight:bold; text-align: center; border-radius: 20px; background-color:#B6EAFA;"><p>성별 : w</p></td></tr>
			<tr><td style=" width:300px; height:30px; font-size: 25px; font-weight:bold; text-align: center; border-radius: 20px; background-color:#B6EAFA;"><p>이름 : 내강아지 <input type="hidden" name="dogName" value="내강아지"></p></td></tr>
			<tr><td style=" width:300px; height:30px; font-size: 25px; font-weight:bold; text-align: center; border-radius: 20px; background-color:#B6EAFA;"><p>나이 : 38살</p></td></tr>

			
		</tbody>
			

	</table>
		
			
              ',to_date('20/05/21','RR/MM/DD'),'/upload/dogImg/강아지.jpg',0,'123123123',0);
Insert into MMM.NOTICE (NOTICE_NO,NOTICE_TITLE,NOTICE_WRITER,NOTICE_CONTENT,NOTICE_DATE,NOTICE_IMGS,NOTICE_VIEW_COUNT,DOG_ID,NOTICE_DELETE_BOOL) values (648,'하이루','user0707','<br><br><img src="/sm/multiupload/20200521181059a4c48ad1-3c52-4f22-bef2-82de7c2baffc.jpg
" title="15801.jpg" style="max-width:100%;"><br style="clear:both;"><table style=" margin: 0 auto; margin-bottom: 2%; margin-top: 5%; border: 1px solid #B6EAFA; border-radius: 20px;">

			
			<tbody>
			
				
			<tr>
				<td rowspan="5" style="width: 700px;"><p style="width:600px; height:400px; background-image: url(/upload/dogImg/15801.jpg); background-position: center; background-size: cover; margin: 0 auto; margin-bottom:10px; margin-top: 2.5%;">&nbsp;</p></td>
			</tr>
				
			<tr><td style=" width:300px; height:30px; font-size: 25px; font-weight:bold; text-align: center; border-radius: 20px; background-color:#B6EAFA;"><p>주인 : 유저공칠공칠</p></td></tr>
			<tr><td style=" width:300px; height:30px; font-size: 25px; font-weight:bold; text-align: center; border-radius: 20px; background-color:#B6EAFA;"><p>성별 : m</p></td></tr>
			<tr><td style=" width:300px; height:30px; font-size: 25px; font-weight:bold; text-align: center; border-radius: 20px; background-color:#B6EAFA;"><p>이름 : 산적 <input type="hidden" name="dogName" value="산적"></p></td></tr>
			<tr><td style=" width:300px; height:30px; font-size: 25px; font-weight:bold; text-align: center; border-radius: 20px; background-color:#B6EAFA;"><p>나이 : 38살</p></td></tr>

			
		</tbody>
			

	</table>
		
			
              ',to_date('20/05/21','RR/MM/DD'),'/sm/multiupload/20200521181059a4c48ad1-3c52-4f22-bef2-82de7c2baffc.jpg
',0,'0100101010',1);
Insert into MMM.NOTICE (NOTICE_NO,NOTICE_TITLE,NOTICE_WRITER,NOTICE_CONTENT,NOTICE_DATE,NOTICE_IMGS,NOTICE_VIEW_COUNT,DOG_ID,NOTICE_DELETE_BOOL) values (650,'수정kl','test11','<br><br><table style=" margin: 0 auto; margin-bottom: 2%; margin-top: 5%; border: 1px solid #B6EAFA; border-radius: 20px;">

			
			<tbody>
			
				
			<tr>
				<td rowspan="5" style="width: 700px;"><p style="width:600px; height:400px; background-image: url(/upload/dogImg/dog-panting-1024x683.jpg); background-position: center; background-size: cover; margin: 0 auto; margin-bottom:10px; margin-top: 2.5%;">&nbsp;</p></td>
			</tr>
				
			<tr><td style=" width:300px; height:30px; font-size: 25px; font-weight:bold; text-align: center; border-radius: 20px; background-color:#B6EAFA;"><p>주인 : 수수</p></td></tr>
			<tr><td style=" width:300px; height:30px; font-size: 25px; font-weight:bold; text-align: center; border-radius: 20px; background-color:#B6EAFA;"><p>성별 : m</p></td></tr>
			<tr><td style=" width:300px; height:30px; font-size: 25px; font-weight:bold; text-align: center; border-radius: 20px; background-color:#B6EAFA;"><p>이름 : 감감 <input type="hidden" name="dogName" value="감감"></p></td></tr>
			<tr><td style=" width:300px; height:30px; font-size: 25px; font-weight:bold; text-align: center; border-radius: 20px; background-color:#B6EAFA;"><p>나이 : 12살</p></td></tr>

			
		</tbody>
			

	</table>
		
		<br><br><table style=" margin: 0 auto; margin-bottom: 2%; margin-top: 5%; border: 1px solid #B6EAFA; border-radius: 20px;">

			
			<tbody>
			
				
			<tr>
				<td rowspan="5" style="width: 700px;"><p style="width:600px; height:400px; background-image: url(/upload/dogImg/dog-tongue-2.jpg); background-position: center; background-size: cover; margin: 0 auto; margin-bottom:10px; margin-top: 2.5%;">&nbsp;</p></td>
			</tr>
				
			<tr><td style=" width:300px; height:30px; font-size: 25px; font-weight:bold; text-align: center; border-radius: 20px; background-color:#B6EAFA;"><p>주인 : 수수</p></td></tr>
			<tr><td style=" width:300px; height:30px; font-size: 25px; font-weight:bold; text-align: center; border-radius: 20px; background-color:#B6EAFA;"><p>성별 : w</p></td></tr>
			<tr><td style=" width:300px; height:30px; font-size: 25px; font-weight:bold; text-align: center; border-radius: 20px; background-color:#B6EAFA;"><p>이름 : 댕댕이 <input type="hidden" name="dogName" value="댕댕이"></p></td></tr>
			<tr><td style=" width:300px; height:30px; font-size: 25px; font-weight:bold; text-align: center; border-radius: 20px; background-color:#B6EAFA;"><p>나이 : 28살</p></td></tr>

			
		</tbody>
			

	</table><p>&nbsp;</p><p>&nbsp;</p><p>&nbsp;</p><p>&nbsp;</p><p>&nbsp;</p><p>&nbsp;</p><p>&nbsp;</p><p>&nbsp;</p><p>&nbsp;</p><p>&nbsp;</p><p>&nbsp;</p><p>&nbsp;</p>
      
              ',to_date('20/05/21','RR/MM/DD'),'/upload/dogImg/dog-panting-1024x683.jpg',0,'fwfw12',1);
Insert into MMM.NOTICE (NOTICE_NO,NOTICE_TITLE,NOTICE_WRITER,NOTICE_CONTENT,NOTICE_DATE,NOTICE_IMGS,NOTICE_VIEW_COUNT,DOG_ID,NOTICE_DELETE_BOOL) values (652,'hjkhjk','test11','<br><br><table style=" margin: 0 auto; margin-bottom: 2%; margin-top: 5%; border: 1px solid #B6EAFA; border-radius: 20px;">

			
			<tbody>
			
				
			<tr>
				<td rowspan="5" style="width: 700px;"><p style="width:600px; height:400px; background-image: url(/upload/dogImg/shutterstock_2929174103.jpg); background-position: center; background-size: cover; margin: 0 auto; margin-bottom:10px; margin-top: 2.5%;">&nbsp;</p></td>
			</tr>
				
			<tr><td style=" width:300px; height:30px; font-size: 25px; font-weight:bold; text-align: center; border-radius: 20px; background-color:#B6EAFA;"><p>주인 : 수수</p></td></tr>
			<tr><td style=" width:300px; height:30px; font-size: 25px; font-weight:bold; text-align: center; border-radius: 20px; background-color:#B6EAFA;"><p>성별 : m</p></td></tr>
			<tr><td style=" width:300px; height:30px; font-size: 25px; font-weight:bold; text-align: center; border-radius: 20px; background-color:#B6EAFA;"><p>이름 : 감감 <input type="hidden" name="dogName" value="감감"></p></td></tr>
			<tr><td style=" width:300px; height:30px; font-size: 25px; font-weight:bold; text-align: center; border-radius: 20px; background-color:#B6EAFA;"><p>나이 : 12살</p></td></tr>

			
		</tbody>
			

	</table><p>&nbsp;</p><p>&nbsp;</p><p><img src="/sm/multiupload/20200521181623b965685b-0e68-4568-9df4-80a910faf462.jpg
" title="Chrysanthemum.jpg" style="max-width:100%;"><br style="clear:both;"><img src="/sm/multiupload/2020052118162361b50e94-89b8-446b-8b47-769a0864fa36.jpg
" title="Desert.jpg" style="max-width:100%;"><br style="clear:both;">&nbsp;</p><p>&nbsp;</p><p>&nbsp;</p>',to_date('20/05/21','RR/MM/DD'),'/sm/multiupload/20200521181623b965685b-0e68-4568-9df4-80a910faf462.jpg
',0,'fwfw12',1);
Insert into MMM.NOTICE (NOTICE_NO,NOTICE_TITLE,NOTICE_WRITER,NOTICE_CONTENT,NOTICE_DATE,NOTICE_IMGS,NOTICE_VIEW_COUNT,DOG_ID,NOTICE_DELETE_BOOL) values (654,'우리 민수를 자랑합니다','nongbu1','<br><br><table style=" margin: 0 auto; margin-bottom: 2%; margin-top: 5%; border: 1px solid #B6EAFA; border-radius: 20px;">

			
			<tbody>
			
				
			<tr>
				<td rowspan="5" style="width: 700px;"><p style="width:600px; height:400px; background-image: url(/upload/dogImg/옥수수.jpg); background-position: center; background-size: cover; margin: 0 auto; margin-bottom:10px; margin-top: 2.5%;">&nbsp;</p></td>
			</tr>
				
			<tr><td style=" width:300px; height:30px; font-size: 25px; font-weight:bold; text-align: center; border-radius: 20px; background-color:#B6EAFA;"><p>주인 : 아이디까먹은민수짝꿍</p></td></tr>
			<tr><td style=" width:300px; height:30px; font-size: 25px; font-weight:bold; text-align: center; border-radius: 20px; background-color:#B6EAFA;"><p>성별 : m</p></td></tr>
			<tr><td style=" width:300px; height:30px; font-size: 25px; font-weight:bold; text-align: center; border-radius: 20px; background-color:#B6EAFA;"><p>이름 : 김민수씨 <input type="hidden" name="dogName" value="김민수씨"></p></td></tr>
			<tr><td style=" width:300px; height:30px; font-size: 25px; font-weight:bold; text-align: center; border-radius: 20px; background-color:#B6EAFA;"><p>나이 : 15살</p></td></tr>

			
		</tbody>
			

	</table>
		
			
              ',to_date('20/05/21','RR/MM/DD'),'/upload/dogImg/옥수수.jpg',0,'asdf1232s',0);
Insert into MMM.NOTICE (NOTICE_NO,NOTICE_TITLE,NOTICE_WRITER,NOTICE_CONTENT,NOTICE_DATE,NOTICE_IMGS,NOTICE_VIEW_COUNT,DOG_ID,NOTICE_DELETE_BOOL) values (662,'fcxfgx','test11','<br><br><table style=" margin: 0 auto; margin-bottom: 2%; margin-top: 5%; border: 1px solid #B6EAFA; border-radius: 20px;">

			
			<tbody>
			
				
			<tr>
				<td rowspan="5" style="width: 700px;"><p style="width:600px; height:400px; background-image: url(/upload/dogImg/shutterstock_2929174103.jpg); background-position: center; background-size: cover; margin: 0 auto; margin-bottom:10px; margin-top: 2.5%;"><img src="/sm/multiupload/202005221506378d9df095-8ee4-4d96-9c8e-a2e9d6580a4f.jpg
" title="Penguins.jpg" style="max-width:100%;"><br style="clear:both;">&nbsp;</p></td>
			</tr>
				
			<tr><td style=" width:300px; height:30px; font-size: 25px; font-weight:bold; text-align: center; border-radius: 20px; background-color:#B6EAFA;"><p>주인 : 수수</p></td></tr>
			<tr><td style=" width:300px; height:30px; font-size: 25px; font-weight:bold; text-align: center; border-radius: 20px; background-color:#B6EAFA;"><p>성별 : m</p></td></tr>
			<tr><td style=" width:300px; height:30px; font-size: 25px; font-weight:bold; text-align: center; border-radius: 20px; background-color:#B6EAFA;"><p>이름 : 감감 <input type="hidden" name="dogName" value="감감"></p></td></tr>
			<tr><td style=" width:300px; height:30px; font-size: 25px; font-weight:bold; text-align: center; border-radius: 20px; background-color:#B6EAFA;"><p>나이 : 12살</p></td></tr>

			
		</tbody>
			

	</table>
		
		<br><br><table style=" margin: 0 auto; margin-bottom: 2%; margin-top: 5%; border: 1px solid #B6EAFA; border-radius: 20px;">

			
			<tbody>
			
				
			<tr>
				<td rowspan="5" style="width: 700px;"><p style="width:600px; height:400px; background-image: url(/upload/dogImg/dog-tongue-21.jpg); background-position: center; background-size: cover; margin: 0 auto; margin-bottom:10px; margin-top: 2.5%;">&nbsp;</p></td>
			</tr>
				
			<tr><td style=" width:300px; height:30px; font-size: 25px; font-weight:bold; text-align: center; border-radius: 20px; background-color:#B6EAFA;"><p>주인 : 수수</p></td></tr>
			<tr><td style=" width:300px; height:30px; font-size: 25px; font-weight:bold; text-align: center; border-radius: 20px; background-color:#B6EAFA;"><p>성별 : m</p></td></tr>
			<tr><td style=" width:300px; height:30px; font-size: 25px; font-weight:bold; text-align: center; border-radius: 20px; background-color:#B6EAFA;"><p>이름 : 둥둥이이이이 <input type="hidden" name="dogName" value="둥둥이이이이"></p></td></tr>
			<tr><td style=" width:300px; height:30px; font-size: 25px; font-weight:bold; text-align: center; border-radius: 20px; background-color:#B6EAFA;"><p>나이 : 1살</p></td></tr>

			
		</tbody>
			

	</table><p>&nbsp;</p><p><img src="/sm/multiupload/20200522150911ca17faa4-8f26-4cef-869a-4ac2ae04452e.jpg
" title="Chrysanthemum.jpg" style="max-width:100%;"><br style="clear:both;">&nbsp;</p><p>&nbsp;</p><p>&nbsp;</p>',to_date('20/05/22','RR/MM/DD'),'/sm/multiupload/202005221506378d9df095-8ee4-4d96-9c8e-a2e9d6580a4f.jpg
',0,'fwfw12',1);
Insert into MMM.NOTICE (NOTICE_NO,NOTICE_TITLE,NOTICE_WRITER,NOTICE_CONTENT,NOTICE_DATE,NOTICE_IMGS,NOTICE_VIEW_COUNT,DOG_ID,NOTICE_DELETE_BOOL) values (664,'수정','test11','<br><br><table style=" margin: 0 auto; margin-bottom: 2%; margin-top: 5%; border: 1px solid #B6EAFA; border-radius: 20px;">

			
			<tbody>
			
				
			<tr>
				<td rowspan="5" style="width: 700px;"><p style="width:600px; height:400px; background-image: url(/upload/dogImg/shutterstock_2929174103.jpg); background-position: center; background-size: cover; margin: 0 auto; margin-bottom:10px; margin-top: 2.5%;">&nbsp;<img src="/sm/multiupload/202005221546587b6c827e-dd48-482a-83de-bcfb83adcc26.jpg
" title="Desert.jpg" style="max-width:100%;">&nbsp;</p></td>
			</tr>
				
			<tr><td style=" width:300px; height:30px; font-size: 25px; font-weight:bold; text-align: center; border-radius: 20px; background-color:#B6EAFA;"><p>주인 : 수수</p></td></tr>
			<tr><td style=" width:300px; height:30px; font-size: 25px; font-weight:bold; text-align: center; border-radius: 20px; background-color:#B6EAFA;"><p>성별 : m</p></td></tr>
			<tr><td style=" width:300px; height:30px; font-size: 25px; font-weight:bold; text-align: center; border-radius: 20px; background-color:#B6EAFA;"><p>이름 : 감감 <input type="hidden" name="dogName" value="감감"></p></td></tr>
			<tr><td style=" width:300px; height:30px; font-size: 25px; font-weight:bold; text-align: center; border-radius: 20px; background-color:#B6EAFA;"><p>나이 : 12살</p></td></tr>

			
		</tbody>
			

	</table>
		
		<br><br><table style=" margin: 0 auto; margin-bottom: 2%; margin-top: 5%; border: 1px solid #B6EAFA; border-radius: 20px;">

			
			<tbody>
			
				
			<tr>
				<td rowspan="5" style="width: 700px;"><p style="width:600px; height:400px; background-image: url(/upload/dogImg/images1.jpg); background-position: center; background-size: cover; margin: 0 auto; margin-bottom:10px; margin-top: 2.5%;">&nbsp;</p></td>
			</tr>
				
			<tr><td style=" width:300px; height:30px; font-size: 25px; font-weight:bold; text-align: center; border-radius: 20px; background-color:#B6EAFA;"><p>주인 : 수수</p></td></tr>
			<tr><td style=" width:300px; height:30px; font-size: 25px; font-weight:bold; text-align: center; border-radius: 20px; background-color:#B6EAFA;"><p>성별 : w</p></td></tr>
			<tr><td style=" width:300px; height:30px; font-size: 25px; font-weight:bold; text-align: center; border-radius: 20px; background-color:#B6EAFA;"><p>이름 : 댕댕이 <input type="hidden" name="dogName" value="댕댕이"></p></td></tr>
			<tr><td style=" width:300px; height:30px; font-size: 25px; font-weight:bold; text-align: center; border-radius: 20px; background-color:#B6EAFA;"><p>나이 : 10살</p></td></tr>

			
		</tbody>
			

	</table>
		
			
              
      
              ',to_date('20/05/22','RR/MM/DD'),'/sm/multiupload/202005221546587b6c827e-dd48-482a-83de-bcfb83adcc26.jpg
',0,'fwfw12',1);
Insert into MMM.NOTICE (NOTICE_NO,NOTICE_TITLE,NOTICE_WRITER,NOTICE_CONTENT,NOTICE_DATE,NOTICE_IMGS,NOTICE_VIEW_COUNT,DOG_ID,NOTICE_DELETE_BOOL) values (666,'hgj','test11','<br><br><table style=" margin: 0 auto; margin-bottom: 2%; margin-top: 5%; border: 1px solid #B6EAFA; border-radius: 20px;">

			
			<tbody>
			
				
			<tr>
				<td rowspan="5" style="width: 600px; height: 400px;"><img src="" class="rounded" alt="Cinque Terre" style="width: 100%; height: 100%;"></td>
			</tr>
				
			<tr><td style=" width:300px; height:30px; font-size: 25px; font-weight:bold; text-align: center; border-radius: 20px; background-color:#B6EAFA;"><p>주인 : 수수</p></td></tr>
			<tr><td style=" width:300px; height:30px; font-size: 25px; font-weight:bold; text-align: center; border-radius: 20px; background-color:#B6EAFA;"><p>성별 : m</p></td></tr>
			<tr><td style=" width:300px; height:30px; font-size: 25px; font-weight:bold; text-align: center; border-radius: 20px; background-color:#B6EAFA;"><p>이름 : 감감 <input type="hidden" name="dogName" value="감감"></p></td></tr>
			<tr><td style=" width:300px; height:30px; font-size: 25px; font-weight:bold; text-align: center; border-radius: 20px; background-color:#B6EAFA;"><p>나이 : 12살</p></td></tr>

			
		</tbody>
			

	</table>
		
			
              ',to_date('20/05/22','RR/MM/DD'),'/upload/dogImg/shutterstock_2929174103.jpg',0,'fwfw12',1);
Insert into MMM.NOTICE (NOTICE_NO,NOTICE_TITLE,NOTICE_WRITER,NOTICE_CONTENT,NOTICE_DATE,NOTICE_IMGS,NOTICE_VIEW_COUNT,DOG_ID,NOTICE_DELETE_BOOL) values (668,'우리 대형견 소개~^^','yooollla','<br>아직 오줌은 못가리지만~~<br><img src="/sm/multiupload/2020052216180717e8c19e-b9f3-4eb5-8392-809f493a6da5.jpg
" title="sean-gq-2021702694.jpg" style="max-width:100%;"><br style="clear:both;"><img src="/sm/multiupload/202005221618089ea6dbb9-628e-4fc2-9710-b21f5861227e.jpg
" title="photogrid-1621228755.jpg" style="max-width:100%;"><br style="clear:both;"><img src="/sm/multiupload/20200522161808223cef88-7bb8-4007-a55b-5d3fba6a67cb.jpg
" title="isaac-likes-sean-opry-sean-pry-blank-space-1939330259.jpg" style="max-width:100%;"><br style="clear:both;"><img src="/sm/multiupload/2020052216180809eb4d74-ca64-4c53-b390-ba04d5613706.jpg
" title="sean-gq-2021702694.jpg" style="max-width:100%;"><br style="clear:both;"><table style=" margin: 0 auto; margin-bottom: 2%; margin-top: 5%; border: 1px solid #B6EAFA; border-radius: 20px;">

			
			<tbody>
			
				
			<tr>
				<td rowspan="5" style="width: 700px;"><p style="width:600px; height:400px; background-image: url(/upload/dogImg/sean-opry-next-spring-sean-pry-suit-2133368310.jpg); background-position: center; background-size: cover; margin: 0 auto; margin-bottom:10px; margin-top: 2.5%;">&nbsp;</p></td>
			</tr>
				
			<tr><td style=" width:300px; height:30px; font-size: 25px; font-weight:bold; text-align: center; border-radius: 20px; background-color:#B6EAFA;"><p>주인 : 율율</p></td></tr>
			<tr><td style=" width:300px; height:30px; font-size: 25px; font-weight:bold; text-align: center; border-radius: 20px; background-color:#B6EAFA;"><p>성별 : m</p></td></tr>
			<tr><td style=" width:300px; height:30px; font-size: 25px; font-weight:bold; text-align: center; border-radius: 20px; background-color:#B6EAFA;"><p>이름 : 오뿌리 <input type="hidden" name="dogName" value="오뿌리"></p></td></tr>
			<tr><td style=" width:300px; height:30px; font-size: 25px; font-weight:bold; text-align: center; border-radius: 20px; background-color:#B6EAFA;"><p>나이 : 30살</p></td></tr>

			
		</tbody>
			

	</table><p>&nbsp;</p><p>&nbsp;</p><p>&nbsp;</p><p>&nbsp;</p>
      
              ',to_date('20/05/22','RR/MM/DD'),'/sm/multiupload/2020052216180717e8c19e-b9f3-4eb5-8392-809f493a6da5.jpg
',0,'111111',0);
Insert into MMM.NOTICE (NOTICE_NO,NOTICE_TITLE,NOTICE_WRITER,NOTICE_CONTENT,NOTICE_DATE,NOTICE_IMGS,NOTICE_VIEW_COUNT,DOG_ID,NOTICE_DELETE_BOOL) values (670,'hgvhvm','test11','<br><br><table style=" margin: 0 auto; margin-bottom: 2%; margin-top: 5%; border: 1px solid #B6EAFA; border-radius: 20px;">

			
			<tbody>
			
				
			<tr>
				<td rowspan="5" style="width: 600px; height: 400px;"><img src="" style="width: 100%; height: 100%;"></td>
			</tr>
				
			<tr><td style=" width:300px; height:30px; font-size: 25px; font-weight:bold; text-align: center; border-radius: 20px; background-color:#B6EAFA;"><p>주인 : 수수</p></td></tr>
			<tr><td style=" width:300px; height:30px; font-size: 25px; font-weight:bold; text-align: center; border-radius: 20px; background-color:#B6EAFA;"><p>성별 : m</p></td></tr>
			<tr><td style=" width:300px; height:30px; font-size: 25px; font-weight:bold; text-align: center; border-radius: 20px; background-color:#B6EAFA;"><p>이름 : 감감 <input type="hidden" name="dogName" value="감감"></p></td></tr>
			<tr><td style=" width:300px; height:30px; font-size: 25px; font-weight:bold; text-align: center; border-radius: 20px; background-color:#B6EAFA;"><p>나이 : 12살</p></td></tr>

			
		</tbody>
			

	</table>
		
			
              ',to_date('20/05/22','RR/MM/DD'),'/upload/dogImg/shutterstock_2929174103.jpg',0,'fwfw12',0);
REM INSERTING into MMM.NOTICE_COMMENT
SET DEFINE OFF;
Insert into MMM.NOTICE_COMMENT (NOTICE_COMMENT_NO,NOTICE_COMMENT_CONTENT,NOTICE_COMMENT_WRITER,NOTICE_COMMENT_DATE,NOTICE_COMMENT_LEVEL,NOTICE_COMMENT_REF,NOTICE_COMMENT_REF_TWO,DOG_ID,NOTICE_COMMENT_BOOL) values (188,'댓글 해봄','bn01',to_date('20/05/19','RR/MM/DD'),1,432,null,'강지이름',1);
Insert into MMM.NOTICE_COMMENT (NOTICE_COMMENT_NO,NOTICE_COMMENT_CONTENT,NOTICE_COMMENT_WRITER,NOTICE_COMMENT_DATE,NOTICE_COMMENT_LEVEL,NOTICE_COMMENT_REF,NOTICE_COMMENT_REF_TWO,DOG_ID,NOTICE_COMMENT_BOOL) values (190,'나도 달아봄','user01',to_date('20/05/19','RR/MM/DD'),2,432,188,'강지이름',1);
Insert into MMM.NOTICE_COMMENT (NOTICE_COMMENT_NO,NOTICE_COMMENT_CONTENT,NOTICE_COMMENT_WRITER,NOTICE_COMMENT_DATE,NOTICE_COMMENT_LEVEL,NOTICE_COMMENT_REF,NOTICE_COMMENT_REF_TWO,DOG_ID,NOTICE_COMMENT_BOOL) values (192,'하나 더 담','user01',to_date('20/05/19','RR/MM/DD'),2,432,188,'강지이름',1);
Insert into MMM.NOTICE_COMMENT (NOTICE_COMMENT_NO,NOTICE_COMMENT_CONTENT,NOTICE_COMMENT_WRITER,NOTICE_COMMENT_DATE,NOTICE_COMMENT_LEVEL,NOTICE_COMMENT_REF,NOTICE_COMMENT_REF_TWO,DOG_ID,NOTICE_COMMENT_BOOL) values (194,'ㅈㅈ','member',to_date('20/05/19','RR/MM/DD'),1,428,null,'강지이름',1);
Insert into MMM.NOTICE_COMMENT (NOTICE_COMMENT_NO,NOTICE_COMMENT_CONTENT,NOTICE_COMMENT_WRITER,NOTICE_COMMENT_DATE,NOTICE_COMMENT_LEVEL,NOTICE_COMMENT_REF,NOTICE_COMMENT_REF_TWO,DOG_ID,NOTICE_COMMENT_BOOL) values (196,'ㅎㅎ','member',to_date('20/05/19','RR/MM/DD'),2,428,194,'강지이름',1);
Insert into MMM.NOTICE_COMMENT (NOTICE_COMMENT_NO,NOTICE_COMMENT_CONTENT,NOTICE_COMMENT_WRITER,NOTICE_COMMENT_DATE,NOTICE_COMMENT_LEVEL,NOTICE_COMMENT_REF,NOTICE_COMMENT_REF_TWO,DOG_ID,NOTICE_COMMENT_BOOL) values (198,'이번댓긍 결과는?','member',to_date('20/05/19','RR/MM/DD'),1,432,null,'강지이름',0);
Insert into MMM.NOTICE_COMMENT (NOTICE_COMMENT_NO,NOTICE_COMMENT_CONTENT,NOTICE_COMMENT_WRITER,NOTICE_COMMENT_DATE,NOTICE_COMMENT_LEVEL,NOTICE_COMMENT_REF,NOTICE_COMMENT_REF_TWO,DOG_ID,NOTICE_COMMENT_BOOL) values (200,'ㅓㅏㅣㅓㅏㅣ','qwer123',to_date('20/05/19','RR/MM/DD'),1,446,null,'yong96',1);
Insert into MMM.NOTICE_COMMENT (NOTICE_COMMENT_NO,NOTICE_COMMENT_CONTENT,NOTICE_COMMENT_WRITER,NOTICE_COMMENT_DATE,NOTICE_COMMENT_LEVEL,NOTICE_COMMENT_REF,NOTICE_COMMENT_REF_TWO,DOG_ID,NOTICE_COMMENT_BOOL) values (202,'ㅏㅣ더휴ㅏㅣㄷ가ㅣ','qwer123',to_date('20/05/19','RR/MM/DD'),2,446,200,'yong96',0);
Insert into MMM.NOTICE_COMMENT (NOTICE_COMMENT_NO,NOTICE_COMMENT_CONTENT,NOTICE_COMMENT_WRITER,NOTICE_COMMENT_DATE,NOTICE_COMMENT_LEVEL,NOTICE_COMMENT_REF,NOTICE_COMMENT_REF_TWO,DOG_ID,NOTICE_COMMENT_BOOL) values (224,'안녕하세요 . !@#$%','user01',to_date('20/05/20','RR/MM/DD'),1,482,null,'erer2',0);
Insert into MMM.NOTICE_COMMENT (NOTICE_COMMENT_NO,NOTICE_COMMENT_CONTENT,NOTICE_COMMENT_WRITER,NOTICE_COMMENT_DATE,NOTICE_COMMENT_LEVEL,NOTICE_COMMENT_REF,NOTICE_COMMENT_REF_TWO,DOG_ID,NOTICE_COMMENT_BOOL) values (226,'j','member',to_date('20/05/20','RR/MM/DD'),1,482,null,'erer2',1);
Insert into MMM.NOTICE_COMMENT (NOTICE_COMMENT_NO,NOTICE_COMMENT_CONTENT,NOTICE_COMMENT_WRITER,NOTICE_COMMENT_DATE,NOTICE_COMMENT_LEVEL,NOTICE_COMMENT_REF,NOTICE_COMMENT_REF_TWO,DOG_ID,NOTICE_COMMENT_BOOL) values (228,'hjkhjkh','member',to_date('20/05/20','RR/MM/DD'),2,482,226,'erer2',1);
Insert into MMM.NOTICE_COMMENT (NOTICE_COMMENT_NO,NOTICE_COMMENT_CONTENT,NOTICE_COMMENT_WRITER,NOTICE_COMMENT_DATE,NOTICE_COMMENT_LEVEL,NOTICE_COMMENT_REF,NOTICE_COMMENT_REF_TWO,DOG_ID,NOTICE_COMMENT_BOOL) values (230,'k;jk;jk;j;l','member',to_date('20/05/20','RR/MM/DD'),1,482,null,'erer2',1);
Insert into MMM.NOTICE_COMMENT (NOTICE_COMMENT_NO,NOTICE_COMMENT_CONTENT,NOTICE_COMMENT_WRITER,NOTICE_COMMENT_DATE,NOTICE_COMMENT_LEVEL,NOTICE_COMMENT_REF,NOTICE_COMMENT_REF_TWO,DOG_ID,NOTICE_COMMENT_BOOL) values (232,'jkljkljklj','member',to_date('20/05/20','RR/MM/DD'),2,482,230,'erer2',1);
Insert into MMM.NOTICE_COMMENT (NOTICE_COMMENT_NO,NOTICE_COMMENT_CONTENT,NOTICE_COMMENT_WRITER,NOTICE_COMMENT_DATE,NOTICE_COMMENT_LEVEL,NOTICE_COMMENT_REF,NOTICE_COMMENT_REF_TWO,DOG_ID,NOTICE_COMMENT_BOOL) values (234,'kj','member',to_date('20/05/20','RR/MM/DD'),1,486,null,'fdf22',1);
Insert into MMM.NOTICE_COMMENT (NOTICE_COMMENT_NO,NOTICE_COMMENT_CONTENT,NOTICE_COMMENT_WRITER,NOTICE_COMMENT_DATE,NOTICE_COMMENT_LEVEL,NOTICE_COMMENT_REF,NOTICE_COMMENT_REF_TWO,DOG_ID,NOTICE_COMMENT_BOOL) values (236,'lㅏㅣ;ㅏ;','member',to_date('20/05/20','RR/MM/DD'),1,486,null,'fdf22',1);
Insert into MMM.NOTICE_COMMENT (NOTICE_COMMENT_NO,NOTICE_COMMENT_CONTENT,NOTICE_COMMENT_WRITER,NOTICE_COMMENT_DATE,NOTICE_COMMENT_LEVEL,NOTICE_COMMENT_REF,NOTICE_COMMENT_REF_TWO,DOG_ID,NOTICE_COMMENT_BOOL) values (238,'kl;k','member',to_date('20/05/20','RR/MM/DD'),1,486,null,'fdf22',1);
Insert into MMM.NOTICE_COMMENT (NOTICE_COMMENT_NO,NOTICE_COMMENT_CONTENT,NOTICE_COMMENT_WRITER,NOTICE_COMMENT_DATE,NOTICE_COMMENT_LEVEL,NOTICE_COMMENT_REF,NOTICE_COMMENT_REF_TWO,DOG_ID,NOTICE_COMMENT_BOOL) values (240,'vwdw','member',to_date('20/05/20','RR/MM/DD'),1,486,null,'erer2',0);
Insert into MMM.NOTICE_COMMENT (NOTICE_COMMENT_NO,NOTICE_COMMENT_CONTENT,NOTICE_COMMENT_WRITER,NOTICE_COMMENT_DATE,NOTICE_COMMENT_LEVEL,NOTICE_COMMENT_REF,NOTICE_COMMENT_REF_TWO,DOG_ID,NOTICE_COMMENT_BOOL) values (242,'hjkhjk','member',to_date('20/05/20','RR/MM/DD'),2,486,240,'erer2',1);
Insert into MMM.NOTICE_COMMENT (NOTICE_COMMENT_NO,NOTICE_COMMENT_CONTENT,NOTICE_COMMENT_WRITER,NOTICE_COMMENT_DATE,NOTICE_COMMENT_LEVEL,NOTICE_COMMENT_REF,NOTICE_COMMENT_REF_TWO,DOG_ID,NOTICE_COMMENT_BOOL) values (244,'jklj','member',to_date('20/05/20','RR/MM/DD'),2,486,240,'erer2',1);
Insert into MMM.NOTICE_COMMENT (NOTICE_COMMENT_NO,NOTICE_COMMENT_CONTENT,NOTICE_COMMENT_WRITER,NOTICE_COMMENT_DATE,NOTICE_COMMENT_LEVEL,NOTICE_COMMENT_REF,NOTICE_COMMENT_REF_TWO,DOG_ID,NOTICE_COMMENT_BOOL) values (246,'12312','user01',to_date('20/05/20','RR/MM/DD'),2,486,240,'erer2',1);
Insert into MMM.NOTICE_COMMENT (NOTICE_COMMENT_NO,NOTICE_COMMENT_CONTENT,NOTICE_COMMENT_WRITER,NOTICE_COMMENT_DATE,NOTICE_COMMENT_LEVEL,NOTICE_COMMENT_REF,NOTICE_COMMENT_REF_TWO,DOG_ID,NOTICE_COMMENT_BOOL) values (248,'jlkjklj','user01',to_date('20/05/20','RR/MM/DD'),1,486,null,'erer2',0);
Insert into MMM.NOTICE_COMMENT (NOTICE_COMMENT_NO,NOTICE_COMMENT_CONTENT,NOTICE_COMMENT_WRITER,NOTICE_COMMENT_DATE,NOTICE_COMMENT_LEVEL,NOTICE_COMMENT_REF,NOTICE_COMMENT_REF_TWO,DOG_ID,NOTICE_COMMENT_BOOL) values (250,'j;kjk;','user01',to_date('20/05/20','RR/MM/DD'),1,486,null,'erer2',0);
Insert into MMM.NOTICE_COMMENT (NOTICE_COMMENT_NO,NOTICE_COMMENT_CONTENT,NOTICE_COMMENT_WRITER,NOTICE_COMMENT_DATE,NOTICE_COMMENT_LEVEL,NOTICE_COMMENT_REF,NOTICE_COMMENT_REF_TWO,DOG_ID,NOTICE_COMMENT_BOOL) values (252,'jk;j','user01',to_date('20/05/20','RR/MM/DD'),1,486,null,'erer2',0);
Insert into MMM.NOTICE_COMMENT (NOTICE_COMMENT_NO,NOTICE_COMMENT_CONTENT,NOTICE_COMMENT_WRITER,NOTICE_COMMENT_DATE,NOTICE_COMMENT_LEVEL,NOTICE_COMMENT_REF,NOTICE_COMMENT_REF_TWO,DOG_ID,NOTICE_COMMENT_BOOL) values (254,'jkljkl','user01',to_date('20/05/20','RR/MM/DD'),1,486,null,'erer2',0);
Insert into MMM.NOTICE_COMMENT (NOTICE_COMMENT_NO,NOTICE_COMMENT_CONTENT,NOTICE_COMMENT_WRITER,NOTICE_COMMENT_DATE,NOTICE_COMMENT_LEVEL,NOTICE_COMMENT_REF,NOTICE_COMMENT_REF_TWO,DOG_ID,NOTICE_COMMENT_BOOL) values (256,'jhkljk','user01',to_date('20/05/20','RR/MM/DD'),1,488,null,'강지이름',0);
Insert into MMM.NOTICE_COMMENT (NOTICE_COMMENT_NO,NOTICE_COMMENT_CONTENT,NOTICE_COMMENT_WRITER,NOTICE_COMMENT_DATE,NOTICE_COMMENT_LEVEL,NOTICE_COMMENT_REF,NOTICE_COMMENT_REF_TWO,DOG_ID,NOTICE_COMMENT_BOOL) values (258,'jkljlkj','user01',to_date('20/05/20','RR/MM/DD'),1,486,null,'erer2',0);
Insert into MMM.NOTICE_COMMENT (NOTICE_COMMENT_NO,NOTICE_COMMENT_CONTENT,NOTICE_COMMENT_WRITER,NOTICE_COMMENT_DATE,NOTICE_COMMENT_LEVEL,NOTICE_COMMENT_REF,NOTICE_COMMENT_REF_TWO,DOG_ID,NOTICE_COMMENT_BOOL) values (260,';lkj;l','user01',to_date('20/05/20','RR/MM/DD'),1,486,null,'erer2',0);
Insert into MMM.NOTICE_COMMENT (NOTICE_COMMENT_NO,NOTICE_COMMENT_CONTENT,NOTICE_COMMENT_WRITER,NOTICE_COMMENT_DATE,NOTICE_COMMENT_LEVEL,NOTICE_COMMENT_REF,NOTICE_COMMENT_REF_TWO,DOG_ID,NOTICE_COMMENT_BOOL) values (108,'klkl','user01',to_date('20/05/18','RR/MM/DD'),1,399,null,'dog1',0);
Insert into MMM.NOTICE_COMMENT (NOTICE_COMMENT_NO,NOTICE_COMMENT_CONTENT,NOTICE_COMMENT_WRITER,NOTICE_COMMENT_DATE,NOTICE_COMMENT_LEVEL,NOTICE_COMMENT_REF,NOTICE_COMMENT_REF_TWO,DOG_ID,NOTICE_COMMENT_BOOL) values (110,'123','user01',to_date('20/05/18','RR/MM/DD'),1,399,null,'dog1',0);
Insert into MMM.NOTICE_COMMENT (NOTICE_COMMENT_NO,NOTICE_COMMENT_CONTENT,NOTICE_COMMENT_WRITER,NOTICE_COMMENT_DATE,NOTICE_COMMENT_LEVEL,NOTICE_COMMENT_REF,NOTICE_COMMENT_REF_TWO,DOG_ID,NOTICE_COMMENT_BOOL) values (114,'ㅎㅇㅇ','user01',to_date('20/05/18','RR/MM/DD'),1,399,null,'dog1',0);
Insert into MMM.NOTICE_COMMENT (NOTICE_COMMENT_NO,NOTICE_COMMENT_CONTENT,NOTICE_COMMENT_WRITER,NOTICE_COMMENT_DATE,NOTICE_COMMENT_LEVEL,NOTICE_COMMENT_REF,NOTICE_COMMENT_REF_TWO,DOG_ID,NOTICE_COMMENT_BOOL) values (116,'ㅏㅓㅣㅓ','user01',to_date('20/05/18','RR/MM/DD'),1,399,null,'dog1',0);
Insert into MMM.NOTICE_COMMENT (NOTICE_COMMENT_NO,NOTICE_COMMENT_CONTENT,NOTICE_COMMENT_WRITER,NOTICE_COMMENT_DATE,NOTICE_COMMENT_LEVEL,NOTICE_COMMENT_REF,NOTICE_COMMENT_REF_TWO,DOG_ID,NOTICE_COMMENT_BOOL) values (118,'ㅓㅏㅣ','user01',to_date('20/05/18','RR/MM/DD'),1,399,null,'dog1',0);
Insert into MMM.NOTICE_COMMENT (NOTICE_COMMENT_NO,NOTICE_COMMENT_CONTENT,NOTICE_COMMENT_WRITER,NOTICE_COMMENT_DATE,NOTICE_COMMENT_LEVEL,NOTICE_COMMENT_REF,NOTICE_COMMENT_REF_TWO,DOG_ID,NOTICE_COMMENT_BOOL) values (120,'ㅏㅣ;ㅏ','user01',to_date('20/05/18','RR/MM/DD'),1,399,null,'dog1',0);
Insert into MMM.NOTICE_COMMENT (NOTICE_COMMENT_NO,NOTICE_COMMENT_CONTENT,NOTICE_COMMENT_WRITER,NOTICE_COMMENT_DATE,NOTICE_COMMENT_LEVEL,NOTICE_COMMENT_REF,NOTICE_COMMENT_REF_TWO,DOG_ID,NOTICE_COMMENT_BOOL) values (122,'123','user01',to_date('20/05/18','RR/MM/DD'),1,399,null,'dog1',0);
Insert into MMM.NOTICE_COMMENT (NOTICE_COMMENT_NO,NOTICE_COMMENT_CONTENT,NOTICE_COMMENT_WRITER,NOTICE_COMMENT_DATE,NOTICE_COMMENT_LEVEL,NOTICE_COMMENT_REF,NOTICE_COMMENT_REF_TWO,DOG_ID,NOTICE_COMMENT_BOOL) values (124,'jhjkh','user01',to_date('20/05/18','RR/MM/DD'),1,401,null,'dog1',0);
Insert into MMM.NOTICE_COMMENT (NOTICE_COMMENT_NO,NOTICE_COMMENT_CONTENT,NOTICE_COMMENT_WRITER,NOTICE_COMMENT_DATE,NOTICE_COMMENT_LEVEL,NOTICE_COMMENT_REF,NOTICE_COMMENT_REF_TWO,DOG_ID,NOTICE_COMMENT_BOOL) values (142,'이거 어떻게 됨?','user01',to_date('20/05/19','RR/MM/DD'),1,393,null,'강지이름',0);
Insert into MMM.NOTICE_COMMENT (NOTICE_COMMENT_NO,NOTICE_COMMENT_CONTENT,NOTICE_COMMENT_WRITER,NOTICE_COMMENT_DATE,NOTICE_COMMENT_LEVEL,NOTICE_COMMENT_REF,NOTICE_COMMENT_REF_TWO,DOG_ID,NOTICE_COMMENT_BOOL) values (144,'수정임','user01',to_date('20/05/19','RR/MM/DD'),1,432,null,'강지이름',1);
Insert into MMM.NOTICE_COMMENT (NOTICE_COMMENT_NO,NOTICE_COMMENT_CONTENT,NOTICE_COMMENT_WRITER,NOTICE_COMMENT_DATE,NOTICE_COMMENT_LEVEL,NOTICE_COMMENT_REF,NOTICE_COMMENT_REF_TWO,DOG_ID,NOTICE_COMMENT_BOOL) values (146,'이거 바뀌ㅏㅁ?','user01',to_date('20/05/19','RR/MM/DD'),1,432,null,'강지이름',1);
Insert into MMM.NOTICE_COMMENT (NOTICE_COMMENT_NO,NOTICE_COMMENT_CONTENT,NOTICE_COMMENT_WRITER,NOTICE_COMMENT_DATE,NOTICE_COMMENT_LEVEL,NOTICE_COMMENT_REF,NOTICE_COMMENT_REF_TWO,DOG_ID,NOTICE_COMMENT_BOOL) values (148,'뭐해','user01',to_date('20/05/19','RR/MM/DD'),1,432,null,'강지이름',1);
Insert into MMM.NOTICE_COMMENT (NOTICE_COMMENT_NO,NOTICE_COMMENT_CONTENT,NOTICE_COMMENT_WRITER,NOTICE_COMMENT_DATE,NOTICE_COMMENT_LEVEL,NOTICE_COMMENT_REF,NOTICE_COMMENT_REF_TWO,DOG_ID,NOTICE_COMMENT_BOOL) values (150,'hjkhkj','user01',to_date('20/05/19','RR/MM/DD'),2,432,144,null,1);
Insert into MMM.NOTICE_COMMENT (NOTICE_COMMENT_NO,NOTICE_COMMENT_CONTENT,NOTICE_COMMENT_WRITER,NOTICE_COMMENT_DATE,NOTICE_COMMENT_LEVEL,NOTICE_COMMENT_REF,NOTICE_COMMENT_REF_TWO,DOG_ID,NOTICE_COMMENT_BOOL) values (152,'ㅋㅋ','user01',to_date('20/05/19','RR/MM/DD'),2,432,146,null,1);
Insert into MMM.NOTICE_COMMENT (NOTICE_COMMENT_NO,NOTICE_COMMENT_CONTENT,NOTICE_COMMENT_WRITER,NOTICE_COMMENT_DATE,NOTICE_COMMENT_LEVEL,NOTICE_COMMENT_REF,NOTICE_COMMENT_REF_TWO,DOG_ID,NOTICE_COMMENT_BOOL) values (154,'yes','user01',to_date('20/05/19','RR/MM/DD'),2,432,146,null,1);
Insert into MMM.NOTICE_COMMENT (NOTICE_COMMENT_NO,NOTICE_COMMENT_CONTENT,NOTICE_COMMENT_WRITER,NOTICE_COMMENT_DATE,NOTICE_COMMENT_LEVEL,NOTICE_COMMENT_REF,NOTICE_COMMENT_REF_TWO,DOG_ID,NOTICE_COMMENT_BOOL) values (156,'ㅋㅋ','user01',to_date('20/05/19','RR/MM/DD'),2,432,146,null,1);
Insert into MMM.NOTICE_COMMENT (NOTICE_COMMENT_NO,NOTICE_COMMENT_CONTENT,NOTICE_COMMENT_WRITER,NOTICE_COMMENT_DATE,NOTICE_COMMENT_LEVEL,NOTICE_COMMENT_REF,NOTICE_COMMENT_REF_TWO,DOG_ID,NOTICE_COMMENT_BOOL) values (158,'ㅓㅏ','bn01',to_date('20/05/19','RR/MM/DD'),2,432,144,null,1);
Insert into MMM.NOTICE_COMMENT (NOTICE_COMMENT_NO,NOTICE_COMMENT_CONTENT,NOTICE_COMMENT_WRITER,NOTICE_COMMENT_DATE,NOTICE_COMMENT_LEVEL,NOTICE_COMMENT_REF,NOTICE_COMMENT_REF_TWO,DOG_ID,NOTICE_COMMENT_BOOL) values (160,'안녕하세요 . !@#$%','bn01',to_date('20/05/19','RR/MM/DD'),2,432,146,null,1);
Insert into MMM.NOTICE_COMMENT (NOTICE_COMMENT_NO,NOTICE_COMMENT_CONTENT,NOTICE_COMMENT_WRITER,NOTICE_COMMENT_DATE,NOTICE_COMMENT_LEVEL,NOTICE_COMMENT_REF,NOTICE_COMMENT_REF_TWO,DOG_ID,NOTICE_COMMENT_BOOL) values (162,'달기','user01',to_date('20/05/19','RR/MM/DD'),1,432,null,'강지이름',1);
Insert into MMM.NOTICE_COMMENT (NOTICE_COMMENT_NO,NOTICE_COMMENT_CONTENT,NOTICE_COMMENT_WRITER,NOTICE_COMMENT_DATE,NOTICE_COMMENT_LEVEL,NOTICE_COMMENT_REF,NOTICE_COMMENT_REF_TWO,DOG_ID,NOTICE_COMMENT_BOOL) values (166,'하이','user01',to_date('20/05/19','RR/MM/DD'),1,428,null,'강지이름',1);
Insert into MMM.NOTICE_COMMENT (NOTICE_COMMENT_NO,NOTICE_COMMENT_CONTENT,NOTICE_COMMENT_WRITER,NOTICE_COMMENT_DATE,NOTICE_COMMENT_LEVEL,NOTICE_COMMENT_REF,NOTICE_COMMENT_REF_TWO,DOG_ID,NOTICE_COMMENT_BOOL) values (168,'ㅗㅓㅏㅘㅓㅘㅓㅘㅘㅓㅗㅓㅘㅓㅗㅓㅏ','user01',to_date('20/05/19','RR/MM/DD'),1,432,null,'강지이름',1);
Insert into MMM.NOTICE_COMMENT (NOTICE_COMMENT_NO,NOTICE_COMMENT_CONTENT,NOTICE_COMMENT_WRITER,NOTICE_COMMENT_DATE,NOTICE_COMMENT_LEVEL,NOTICE_COMMENT_REF,NOTICE_COMMENT_REF_TWO,DOG_ID,NOTICE_COMMENT_BOOL) values (170,'그냥 됨?','user01',to_date('20/05/19','RR/MM/DD'),2,432,148,'강지이름',1);
Insert into MMM.NOTICE_COMMENT (NOTICE_COMMENT_NO,NOTICE_COMMENT_CONTENT,NOTICE_COMMENT_WRITER,NOTICE_COMMENT_DATE,NOTICE_COMMENT_LEVEL,NOTICE_COMMENT_REF,NOTICE_COMMENT_REF_TWO,DOG_ID,NOTICE_COMMENT_BOOL) values (172,'ㅇㅋ','user01',to_date('20/05/19','RR/MM/DD'),2,432,148,'강지이름',1);
Insert into MMM.NOTICE_COMMENT (NOTICE_COMMENT_NO,NOTICE_COMMENT_CONTENT,NOTICE_COMMENT_WRITER,NOTICE_COMMENT_DATE,NOTICE_COMMENT_LEVEL,NOTICE_COMMENT_REF,NOTICE_COMMENT_REF_TWO,DOG_ID,NOTICE_COMMENT_BOOL) values (174,'이건 됨?','user01',to_date('20/05/19','RR/MM/DD'),1,432,null,'강지이름',1);
Insert into MMM.NOTICE_COMMENT (NOTICE_COMMENT_NO,NOTICE_COMMENT_CONTENT,NOTICE_COMMENT_WRITER,NOTICE_COMMENT_DATE,NOTICE_COMMENT_LEVEL,NOTICE_COMMENT_REF,NOTICE_COMMENT_REF_TWO,DOG_ID,NOTICE_COMMENT_BOOL) values (178,'됨?','bn01',to_date('20/05/19','RR/MM/DD'),2,432,174,'강지이름',1);
Insert into MMM.NOTICE_COMMENT (NOTICE_COMMENT_NO,NOTICE_COMMENT_CONTENT,NOTICE_COMMENT_WRITER,NOTICE_COMMENT_DATE,NOTICE_COMMENT_LEVEL,NOTICE_COMMENT_REF,NOTICE_COMMENT_REF_TWO,DOG_ID,NOTICE_COMMENT_BOOL) values (180,'수정은?','bn01',to_date('20/05/19','RR/MM/DD'),1,432,null,'강지이름',1);
Insert into MMM.NOTICE_COMMENT (NOTICE_COMMENT_NO,NOTICE_COMMENT_CONTENT,NOTICE_COMMENT_WRITER,NOTICE_COMMENT_DATE,NOTICE_COMMENT_LEVEL,NOTICE_COMMENT_REF,NOTICE_COMMENT_REF_TWO,DOG_ID,NOTICE_COMMENT_BOOL) values (182,'ㅓㅏㅣㅓㅏㅣ','user01',to_date('20/05/19','RR/MM/DD'),2,428,166,'강지이름',0);
Insert into MMM.NOTICE_COMMENT (NOTICE_COMMENT_NO,NOTICE_COMMENT_CONTENT,NOTICE_COMMENT_WRITER,NOTICE_COMMENT_DATE,NOTICE_COMMENT_LEVEL,NOTICE_COMMENT_REF,NOTICE_COMMENT_REF_TWO,DOG_ID,NOTICE_COMMENT_BOOL) values (184,'댓글답니다. 수정','bn01',to_date('20/05/19','RR/MM/DD'),1,432,null,'강지이름',1);
Insert into MMM.NOTICE_COMMENT (NOTICE_COMMENT_NO,NOTICE_COMMENT_CONTENT,NOTICE_COMMENT_WRITER,NOTICE_COMMENT_DATE,NOTICE_COMMENT_LEVEL,NOTICE_COMMENT_REF,NOTICE_COMMENT_REF_TWO,DOG_ID,NOTICE_COMMENT_BOOL) values (186,'내가 내 댓글에 댓글달기','bn01',to_date('20/05/19','RR/MM/DD'),2,432,184,'강지이름',1);
Insert into MMM.NOTICE_COMMENT (NOTICE_COMMENT_NO,NOTICE_COMMENT_CONTENT,NOTICE_COMMENT_WRITER,NOTICE_COMMENT_DATE,NOTICE_COMMENT_LEVEL,NOTICE_COMMENT_REF,NOTICE_COMMENT_REF_TWO,DOG_ID,NOTICE_COMMENT_BOOL) values (262,'123','user01',to_date('20/05/20','RR/MM/DD'),1,486,null,'erer2',0);
Insert into MMM.NOTICE_COMMENT (NOTICE_COMMENT_NO,NOTICE_COMMENT_CONTENT,NOTICE_COMMENT_WRITER,NOTICE_COMMENT_DATE,NOTICE_COMMENT_LEVEL,NOTICE_COMMENT_REF,NOTICE_COMMENT_REF_TWO,DOG_ID,NOTICE_COMMENT_BOOL) values (266,'hkjhjkh','user01',to_date('20/05/20','RR/MM/DD'),1,486,null,'erer2',0);
Insert into MMM.NOTICE_COMMENT (NOTICE_COMMENT_NO,NOTICE_COMMENT_CONTENT,NOTICE_COMMENT_WRITER,NOTICE_COMMENT_DATE,NOTICE_COMMENT_LEVEL,NOTICE_COMMENT_REF,NOTICE_COMMENT_REF_TWO,DOG_ID,NOTICE_COMMENT_BOOL) values (268,'123','user01',to_date('20/05/20','RR/MM/DD'),1,486,null,'erer2',0);
Insert into MMM.NOTICE_COMMENT (NOTICE_COMMENT_NO,NOTICE_COMMENT_CONTENT,NOTICE_COMMENT_WRITER,NOTICE_COMMENT_DATE,NOTICE_COMMENT_LEVEL,NOTICE_COMMENT_REF,NOTICE_COMMENT_REF_TWO,DOG_ID,NOTICE_COMMENT_BOOL) values (270,'hjkhjk','user01',to_date('20/05/20','RR/MM/DD'),1,486,null,'erer2',0);
Insert into MMM.NOTICE_COMMENT (NOTICE_COMMENT_NO,NOTICE_COMMENT_CONTENT,NOTICE_COMMENT_WRITER,NOTICE_COMMENT_DATE,NOTICE_COMMENT_LEVEL,NOTICE_COMMENT_REF,NOTICE_COMMENT_REF_TWO,DOG_ID,NOTICE_COMMENT_BOOL) values (272,'456','user01',to_date('20/05/20','RR/MM/DD'),1,486,null,'erer2',0);
Insert into MMM.NOTICE_COMMENT (NOTICE_COMMENT_NO,NOTICE_COMMENT_CONTENT,NOTICE_COMMENT_WRITER,NOTICE_COMMENT_DATE,NOTICE_COMMENT_LEVEL,NOTICE_COMMENT_REF,NOTICE_COMMENT_REF_TWO,DOG_ID,NOTICE_COMMENT_BOOL) values (274,'hjkhjkhjkhjkhjkhjkhjkhjkh','user01',to_date('20/05/20','RR/MM/DD'),1,486,null,'erer2',0);
Insert into MMM.NOTICE_COMMENT (NOTICE_COMMENT_NO,NOTICE_COMMENT_CONTENT,NOTICE_COMMENT_WRITER,NOTICE_COMMENT_DATE,NOTICE_COMMENT_LEVEL,NOTICE_COMMENT_REF,NOTICE_COMMENT_REF_TWO,DOG_ID,NOTICE_COMMENT_BOOL) values (276,'hjkhkjhjkhkj','user01',to_date('20/05/20','RR/MM/DD'),2,486,254,'erer2',1);
Insert into MMM.NOTICE_COMMENT (NOTICE_COMMENT_NO,NOTICE_COMMENT_CONTENT,NOTICE_COMMENT_WRITER,NOTICE_COMMENT_DATE,NOTICE_COMMENT_LEVEL,NOTICE_COMMENT_REF,NOTICE_COMMENT_REF_TWO,DOG_ID,NOTICE_COMMENT_BOOL) values (278,'ghgh','qwer123',to_date('20/05/20','RR/MM/DD'),1,486,null,'erer2',0);
Insert into MMM.NOTICE_COMMENT (NOTICE_COMMENT_NO,NOTICE_COMMENT_CONTENT,NOTICE_COMMENT_WRITER,NOTICE_COMMENT_DATE,NOTICE_COMMENT_LEVEL,NOTICE_COMMENT_REF,NOTICE_COMMENT_REF_TWO,DOG_ID,NOTICE_COMMENT_BOOL) values (280,'jkljkl','user01',to_date('20/05/20','RR/MM/DD'),2,486,258,'erer2',1);
Insert into MMM.NOTICE_COMMENT (NOTICE_COMMENT_NO,NOTICE_COMMENT_CONTENT,NOTICE_COMMENT_WRITER,NOTICE_COMMENT_DATE,NOTICE_COMMENT_LEVEL,NOTICE_COMMENT_REF,NOTICE_COMMENT_REF_TWO,DOG_ID,NOTICE_COMMENT_BOOL) values (282,'hjkhjk','user01',to_date('20/05/20','RR/MM/DD'),2,486,258,'erer2',0);
Insert into MMM.NOTICE_COMMENT (NOTICE_COMMENT_NO,NOTICE_COMMENT_CONTENT,NOTICE_COMMENT_WRITER,NOTICE_COMMENT_DATE,NOTICE_COMMENT_LEVEL,NOTICE_COMMENT_REF,NOTICE_COMMENT_REF_TWO,DOG_ID,NOTICE_COMMENT_BOOL) values (284,'hjkhjk','user01',to_date('20/05/20','RR/MM/DD'),1,486,null,'erer2',0);
Insert into MMM.NOTICE_COMMENT (NOTICE_COMMENT_NO,NOTICE_COMMENT_CONTENT,NOTICE_COMMENT_WRITER,NOTICE_COMMENT_DATE,NOTICE_COMMENT_LEVEL,NOTICE_COMMENT_REF,NOTICE_COMMENT_REF_TWO,DOG_ID,NOTICE_COMMENT_BOOL) values (286,'fjdlkjlkbnekv엊A어ㅣㅏ퓽저ㅏ퓨ㅣ라ㅣ퓨ㅏ러ㅣ퓨ㅏㅓ잊ㅍㅊ ㄱ지ㅓ贄散單㈕汰愍劫퓔아ㅜㅊ판Uㄷ저ㅏ이충저ㅏ추어;ㅣ어;ㅣㅊ풍ㅈ치ㅓㅜㅇ지처ㅜㅇ지충저ㅣㅊ풍너ㅏ퓨ㅓㅇㄴ라퓬엎충ㄴ치ㅏ운ㅊ피ㅓㅜㅇㄴㅍㅇㄴ','user01',to_date('20/05/20','RR/MM/DD'),1,486,null,'erer2',0);
Insert into MMM.NOTICE_COMMENT (NOTICE_COMMENT_NO,NOTICE_COMMENT_CONTENT,NOTICE_COMMENT_WRITER,NOTICE_COMMENT_DATE,NOTICE_COMMENT_LEVEL,NOTICE_COMMENT_REF,NOTICE_COMMENT_REF_TWO,DOG_ID,NOTICE_COMMENT_BOOL) values (288,'. 동해물과 백두산이 마르고 닳도록 하느님이 보우하사 우리나라 만세 무궁화 삼천리 화려 강산 대한 사람 대한으로 길이 보전하세  2. 남산 위에 저 소나무 철갑을 두른 듯 바람 서리 불변함은 우리 기상일세 무궁화 삼천리 화려 강산 대한 사람 대한으로 길이 보전하세  3. 가을 하늘 공활한데 높고 구름 없이 밝은 달은 우리 가슴 일편단심일세 무궁화 삼천리 화려 강산 대한 사람 대한으로 길이 보전하세  4. 이 기상과 이 맘으로 충성을 다하여 괴로우나 즐거우나 나라 사랑하세 무궁화 삼천리 화려 강산 대한 사람 대한으로 길이 보전하세','user01',to_date('20/05/20','RR/MM/DD'),1,486,null,'erer2',0);
Insert into MMM.NOTICE_COMMENT (NOTICE_COMMENT_NO,NOTICE_COMMENT_CONTENT,NOTICE_COMMENT_WRITER,NOTICE_COMMENT_DATE,NOTICE_COMMENT_LEVEL,NOTICE_COMMENT_REF,NOTICE_COMMENT_REF_TWO,DOG_ID,NOTICE_COMMENT_BOOL) values (290,'ㅇㅍ;ㅣㅗㅜㅈ아;ㅓ퓽저ㅏA','user01',to_date('20/05/20','RR/MM/DD'),2,486,258,'erer2',0);
Insert into MMM.NOTICE_COMMENT (NOTICE_COMMENT_NO,NOTICE_COMMENT_CONTENT,NOTICE_COMMENT_WRITER,NOTICE_COMMENT_DATE,NOTICE_COMMENT_LEVEL,NOTICE_COMMENT_REF,NOTICE_COMMENT_REF_TWO,DOG_ID,NOTICE_COMMENT_BOOL) values (302,'안녕하세요 . !@#$%','newbe',to_date('20/05/20','RR/MM/DD'),1,526,null,'fdsfsaf',0);
Insert into MMM.NOTICE_COMMENT (NOTICE_COMMENT_NO,NOTICE_COMMENT_CONTENT,NOTICE_COMMENT_WRITER,NOTICE_COMMENT_DATE,NOTICE_COMMENT_LEVEL,NOTICE_COMMENT_REF,NOTICE_COMMENT_REF_TWO,DOG_ID,NOTICE_COMMENT_BOOL) values (304,'ㅎㅇ','newbe',to_date('20/05/20','RR/MM/DD'),2,526,302,'fdsfsaf',1);
Insert into MMM.NOTICE_COMMENT (NOTICE_COMMENT_NO,NOTICE_COMMENT_CONTENT,NOTICE_COMMENT_WRITER,NOTICE_COMMENT_DATE,NOTICE_COMMENT_LEVEL,NOTICE_COMMENT_REF,NOTICE_COMMENT_REF_TWO,DOG_ID,NOTICE_COMMENT_BOOL) values (306,'안녕','newbe',to_date('20/05/20','RR/MM/DD'),2,526,302,'fdsfsaf',0);
Insert into MMM.NOTICE_COMMENT (NOTICE_COMMENT_NO,NOTICE_COMMENT_CONTENT,NOTICE_COMMENT_WRITER,NOTICE_COMMENT_DATE,NOTICE_COMMENT_LEVEL,NOTICE_COMMENT_REF,NOTICE_COMMENT_REF_TWO,DOG_ID,NOTICE_COMMENT_BOOL) values (308,'용준아 집에 가자','user01',to_date('20/05/20','RR/MM/DD'),2,486,288,'erer2',0);
Insert into MMM.NOTICE_COMMENT (NOTICE_COMMENT_NO,NOTICE_COMMENT_CONTENT,NOTICE_COMMENT_WRITER,NOTICE_COMMENT_DATE,NOTICE_COMMENT_LEVEL,NOTICE_COMMENT_REF,NOTICE_COMMENT_REF_TWO,DOG_ID,NOTICE_COMMENT_BOOL) values (310,'ㅎㅇ','newbe',to_date('20/05/20','RR/MM/DD'),2,526,302,'fdsfsaf',0);
Insert into MMM.NOTICE_COMMENT (NOTICE_COMMENT_NO,NOTICE_COMMENT_CONTENT,NOTICE_COMMENT_WRITER,NOTICE_COMMENT_DATE,NOTICE_COMMENT_LEVEL,NOTICE_COMMENT_REF,NOTICE_COMMENT_REF_TWO,DOG_ID,NOTICE_COMMENT_BOOL) values (312,'123','newbe',to_date('20/05/20','RR/MM/DD'),2,526,302,'fdsfsaf',1);
Insert into MMM.NOTICE_COMMENT (NOTICE_COMMENT_NO,NOTICE_COMMENT_CONTENT,NOTICE_COMMENT_WRITER,NOTICE_COMMENT_DATE,NOTICE_COMMENT_LEVEL,NOTICE_COMMENT_REF,NOTICE_COMMENT_REF_TWO,DOG_ID,NOTICE_COMMENT_BOOL) values (314,'ㅗㅓㅏㅘㅓㅗㅓㅏㅗㅓㅏㅘㅓㅗㅓㅏ','newbe',to_date('20/05/20','RR/MM/DD'),1,526,null,'fdsfsaf',0);
Insert into MMM.NOTICE_COMMENT (NOTICE_COMMENT_NO,NOTICE_COMMENT_CONTENT,NOTICE_COMMENT_WRITER,NOTICE_COMMENT_DATE,NOTICE_COMMENT_LEVEL,NOTICE_COMMENT_REF,NOTICE_COMMENT_REF_TWO,DOG_ID,NOTICE_COMMENT_BOOL) values (316,'대댓임','newbe',to_date('20/05/20','RR/MM/DD'),2,526,314,'fdsfsaf',0);
Insert into MMM.NOTICE_COMMENT (NOTICE_COMMENT_NO,NOTICE_COMMENT_CONTENT,NOTICE_COMMENT_WRITER,NOTICE_COMMENT_DATE,NOTICE_COMMENT_LEVEL,NOTICE_COMMENT_REF,NOTICE_COMMENT_REF_TWO,DOG_ID,NOTICE_COMMENT_BOOL) values (318,'뭐함','bn01',to_date('20/05/20','RR/MM/DD'),2,526,302,'fdsfsaf',1);
Insert into MMM.NOTICE_COMMENT (NOTICE_COMMENT_NO,NOTICE_COMMENT_CONTENT,NOTICE_COMMENT_WRITER,NOTICE_COMMENT_DATE,NOTICE_COMMENT_LEVEL,NOTICE_COMMENT_REF,NOTICE_COMMENT_REF_TWO,DOG_ID,NOTICE_COMMENT_BOOL) values (320,'ㅎㅎ;','bn01',to_date('20/05/20','RR/MM/DD'),1,526,null,'fdsfsaf',0);
Insert into MMM.NOTICE_COMMENT (NOTICE_COMMENT_NO,NOTICE_COMMENT_CONTENT,NOTICE_COMMENT_WRITER,NOTICE_COMMENT_DATE,NOTICE_COMMENT_LEVEL,NOTICE_COMMENT_REF,NOTICE_COMMENT_REF_TWO,DOG_ID,NOTICE_COMMENT_BOOL) values (322,'123','bn01',to_date('20/05/20','RR/MM/DD'),1,526,null,'fdsfsaf',0);
Insert into MMM.NOTICE_COMMENT (NOTICE_COMMENT_NO,NOTICE_COMMENT_CONTENT,NOTICE_COMMENT_WRITER,NOTICE_COMMENT_DATE,NOTICE_COMMENT_LEVEL,NOTICE_COMMENT_REF,NOTICE_COMMENT_REF_TWO,DOG_ID,NOTICE_COMMENT_BOOL) values (324,'gk','bn01',to_date('20/05/20','RR/MM/DD'),1,526,null,'fdsfsaf',0);
Insert into MMM.NOTICE_COMMENT (NOTICE_COMMENT_NO,NOTICE_COMMENT_CONTENT,NOTICE_COMMENT_WRITER,NOTICE_COMMENT_DATE,NOTICE_COMMENT_LEVEL,NOTICE_COMMENT_REF,NOTICE_COMMENT_REF_TWO,DOG_ID,NOTICE_COMMENT_BOOL) values (326,'hjkhjk','bn01',to_date('20/05/20','RR/MM/DD'),1,526,null,'fdsfsaf',0);
Insert into MMM.NOTICE_COMMENT (NOTICE_COMMENT_NO,NOTICE_COMMENT_CONTENT,NOTICE_COMMENT_WRITER,NOTICE_COMMENT_DATE,NOTICE_COMMENT_LEVEL,NOTICE_COMMENT_REF,NOTICE_COMMENT_REF_TWO,DOG_ID,NOTICE_COMMENT_BOOL) values (334,'456','user01',to_date('20/05/20','RR/MM/DD'),1,526,null,'fdsfsaf',1);
Insert into MMM.NOTICE_COMMENT (NOTICE_COMMENT_NO,NOTICE_COMMENT_CONTENT,NOTICE_COMMENT_WRITER,NOTICE_COMMENT_DATE,NOTICE_COMMENT_LEVEL,NOTICE_COMMENT_REF,NOTICE_COMMENT_REF_TWO,DOG_ID,NOTICE_COMMENT_BOOL) values (336,'kl;k;lk','user01',to_date('20/05/20','RR/MM/DD'),2,526,314,'fdsfsaf',1);
Insert into MMM.NOTICE_COMMENT (NOTICE_COMMENT_NO,NOTICE_COMMENT_CONTENT,NOTICE_COMMENT_WRITER,NOTICE_COMMENT_DATE,NOTICE_COMMENT_LEVEL,NOTICE_COMMENT_REF,NOTICE_COMMENT_REF_TWO,DOG_ID,NOTICE_COMMENT_BOOL) values (338,'789','user01',to_date('20/05/20','RR/MM/DD'),2,526,314,'fdsfsaf',1);
Insert into MMM.NOTICE_COMMENT (NOTICE_COMMENT_NO,NOTICE_COMMENT_CONTENT,NOTICE_COMMENT_WRITER,NOTICE_COMMENT_DATE,NOTICE_COMMENT_LEVEL,NOTICE_COMMENT_REF,NOTICE_COMMENT_REF_TWO,DOG_ID,NOTICE_COMMENT_BOOL) values (340,'ㅏㄴ엊퓨ㅏㅓㅇ쥬 ㅍ러ㅏOㄷ어ㅏㄱㄹ어자ㅠ','user01',to_date('20/05/20','RR/MM/DD'),1,526,null,'fdsfsaf',1);
Insert into MMM.NOTICE_COMMENT (NOTICE_COMMENT_NO,NOTICE_COMMENT_CONTENT,NOTICE_COMMENT_WRITER,NOTICE_COMMENT_DATE,NOTICE_COMMENT_LEVEL,NOTICE_COMMENT_REF,NOTICE_COMMENT_REF_TWO,DOG_ID,NOTICE_COMMENT_BOOL) values (342,'ㅏㅣㅓㅏㅣㅓㅏㅣㅓㅏㅣㅓㅣ','user01',to_date('20/05/20','RR/MM/DD'),1,526,null,'fdsfsaf',0);
Insert into MMM.NOTICE_COMMENT (NOTICE_COMMENT_NO,NOTICE_COMMENT_CONTENT,NOTICE_COMMENT_WRITER,NOTICE_COMMENT_DATE,NOTICE_COMMENT_LEVEL,NOTICE_COMMENT_REF,NOTICE_COMMENT_REF_TWO,DOG_ID,NOTICE_COMMENT_BOOL) values (344,'hjkhkjhkjhkj','real',to_date('20/05/20','RR/MM/DD'),1,486,null,'erer2',0);
Insert into MMM.NOTICE_COMMENT (NOTICE_COMMENT_NO,NOTICE_COMMENT_CONTENT,NOTICE_COMMENT_WRITER,NOTICE_COMMENT_DATE,NOTICE_COMMENT_LEVEL,NOTICE_COMMENT_REF,NOTICE_COMMENT_REF_TWO,DOG_ID,NOTICE_COMMENT_BOOL) values (346,'ㅎㅇ','user01',to_date('20/05/20','RR/MM/DD'),2,482,224,'fdf22',0);
Insert into MMM.NOTICE_COMMENT (NOTICE_COMMENT_NO,NOTICE_COMMENT_CONTENT,NOTICE_COMMENT_WRITER,NOTICE_COMMENT_DATE,NOTICE_COMMENT_LEVEL,NOTICE_COMMENT_REF,NOTICE_COMMENT_REF_TWO,DOG_ID,NOTICE_COMMENT_BOOL) values (348,'후후','user01',to_date('20/05/20','RR/MM/DD'),1,526,null,'fdsfsaf',0);
Insert into MMM.NOTICE_COMMENT (NOTICE_COMMENT_NO,NOTICE_COMMENT_CONTENT,NOTICE_COMMENT_WRITER,NOTICE_COMMENT_DATE,NOTICE_COMMENT_LEVEL,NOTICE_COMMENT_REF,NOTICE_COMMENT_REF_TWO,DOG_ID,NOTICE_COMMENT_BOOL) values (350,'둥둥이 귀엽네','user01',to_date('20/05/20','RR/MM/DD'),1,472,null,'yongjun96k',0);
Insert into MMM.NOTICE_COMMENT (NOTICE_COMMENT_NO,NOTICE_COMMENT_CONTENT,NOTICE_COMMENT_WRITER,NOTICE_COMMENT_DATE,NOTICE_COMMENT_LEVEL,NOTICE_COMMENT_REF,NOTICE_COMMENT_REF_TWO,DOG_ID,NOTICE_COMMENT_BOOL) values (352,'그렇네요','user01',to_date('20/05/20','RR/MM/DD'),2,472,350,'yongjun96k',0);
Insert into MMM.NOTICE_COMMENT (NOTICE_COMMENT_NO,NOTICE_COMMENT_CONTENT,NOTICE_COMMENT_WRITER,NOTICE_COMMENT_DATE,NOTICE_COMMENT_LEVEL,NOTICE_COMMENT_REF,NOTICE_COMMENT_REF_TWO,DOG_ID,NOTICE_COMMENT_BOOL) values (354,'테스트 댓글','danji70',to_date('20/05/20','RR/MM/DD'),1,528,null,'qazx',0);
Insert into MMM.NOTICE_COMMENT (NOTICE_COMMENT_NO,NOTICE_COMMENT_CONTENT,NOTICE_COMMENT_WRITER,NOTICE_COMMENT_DATE,NOTICE_COMMENT_LEVEL,NOTICE_COMMENT_REF,NOTICE_COMMENT_REF_TWO,DOG_ID,NOTICE_COMMENT_BOOL) values (356,'테스트 대댓글','danji70',to_date('20/05/20','RR/MM/DD'),2,528,354,'qazx',0);
Insert into MMM.NOTICE_COMMENT (NOTICE_COMMENT_NO,NOTICE_COMMENT_CONTENT,NOTICE_COMMENT_WRITER,NOTICE_COMMENT_DATE,NOTICE_COMMENT_LEVEL,NOTICE_COMMENT_REF,NOTICE_COMMENT_REF_TWO,DOG_ID,NOTICE_COMMENT_BOOL) values (358,'안녕하세요! 수정 합니다.','danji70',to_date('20/05/20','RR/MM/DD'),1,544,null,'qazx',0);
Insert into MMM.NOTICE_COMMENT (NOTICE_COMMENT_NO,NOTICE_COMMENT_CONTENT,NOTICE_COMMENT_WRITER,NOTICE_COMMENT_DATE,NOTICE_COMMENT_LEVEL,NOTICE_COMMENT_REF,NOTICE_COMMENT_REF_TWO,DOG_ID,NOTICE_COMMENT_BOOL) values (360,'등록합니다. 수정할게요~','danji70',to_date('20/05/20','RR/MM/DD'),2,544,358,'qazx',0);
Insert into MMM.NOTICE_COMMENT (NOTICE_COMMENT_NO,NOTICE_COMMENT_CONTENT,NOTICE_COMMENT_WRITER,NOTICE_COMMENT_DATE,NOTICE_COMMENT_LEVEL,NOTICE_COMMENT_REF,NOTICE_COMMENT_REF_TWO,DOG_ID,NOTICE_COMMENT_BOOL) values (362,'111!!!','1',to_date('20/05/21','RR/MM/DD'),1,568,null,'강지이름',0);
Insert into MMM.NOTICE_COMMENT (NOTICE_COMMENT_NO,NOTICE_COMMENT_CONTENT,NOTICE_COMMENT_WRITER,NOTICE_COMMENT_DATE,NOTICE_COMMENT_LEVEL,NOTICE_COMMENT_REF,NOTICE_COMMENT_REF_TWO,DOG_ID,NOTICE_COMMENT_BOOL) values (364,'!?!??@@@@!!!!','1',to_date('20/05/21','RR/MM/DD'),2,568,362,'강지이름',1);
Insert into MMM.NOTICE_COMMENT (NOTICE_COMMENT_NO,NOTICE_COMMENT_CONTENT,NOTICE_COMMENT_WRITER,NOTICE_COMMENT_DATE,NOTICE_COMMENT_LEVEL,NOTICE_COMMENT_REF,NOTICE_COMMENT_REF_TWO,DOG_ID,NOTICE_COMMENT_BOOL) values (366,'용준좌','test01',to_date('20/05/21','RR/MM/DD'),1,604,null,'ere11',1);
Insert into MMM.NOTICE_COMMENT (NOTICE_COMMENT_NO,NOTICE_COMMENT_CONTENT,NOTICE_COMMENT_WRITER,NOTICE_COMMENT_DATE,NOTICE_COMMENT_LEVEL,NOTICE_COMMENT_REF,NOTICE_COMMENT_REF_TWO,DOG_ID,NOTICE_COMMENT_BOOL) values (382,'너누구냐','BusBang',to_date('20/05/21','RR/MM/DD'),1,602,null,'fe0292',0);
Insert into MMM.NOTICE_COMMENT (NOTICE_COMMENT_NO,NOTICE_COMMENT_CONTENT,NOTICE_COMMENT_WRITER,NOTICE_COMMENT_DATE,NOTICE_COMMENT_LEVEL,NOTICE_COMMENT_REF,NOTICE_COMMENT_REF_TWO,DOG_ID,NOTICE_COMMENT_BOOL) values (384,'내가진짜방버스다','BusBang',to_date('20/05/21','RR/MM/DD'),1,602,null,'fe0292',0);
Insert into MMM.NOTICE_COMMENT (NOTICE_COMMENT_NO,NOTICE_COMMENT_CONTENT,NOTICE_COMMENT_WRITER,NOTICE_COMMENT_DATE,NOTICE_COMMENT_LEVEL,NOTICE_COMMENT_REF,NOTICE_COMMENT_REF_TWO,DOG_ID,NOTICE_COMMENT_BOOL) values (386,'댓글이 길어지면 어떻게 될까 댓글이 길어지면 어떻게 될까 댓글이 길어지면 어떻게 될까 댓글이 길어지면 어떻게 될까 댓글이 길어지면 어떻게 될까 댓글이 길어지면 어떻게 될까 댓글이 길어지면 어떻게 될까 ㅍ','BusBang',to_date('20/05/21','RR/MM/DD'),1,602,null,'fe0292',0);
Insert into MMM.NOTICE_COMMENT (NOTICE_COMMENT_NO,NOTICE_COMMENT_CONTENT,NOTICE_COMMENT_WRITER,NOTICE_COMMENT_DATE,NOTICE_COMMENT_LEVEL,NOTICE_COMMENT_REF,NOTICE_COMMENT_REF_TWO,DOG_ID,NOTICE_COMMENT_BOOL) values (388,'너누구냐고너누구냐고너누구냐고너누구냐고너누구냐고너누구냐고너누구냐고너누구냐고너누구냐고너누구냐고너누구냐고너누구냐고너누구냐고너누구냐고','BusBang',to_date('20/05/21','RR/MM/DD'),2,602,382,'fe0292',0);
Insert into MMM.NOTICE_COMMENT (NOTICE_COMMENT_NO,NOTICE_COMMENT_CONTENT,NOTICE_COMMENT_WRITER,NOTICE_COMMENT_DATE,NOTICE_COMMENT_LEVEL,NOTICE_COMMENT_REF,NOTICE_COMMENT_REF_TWO,DOG_ID,NOTICE_COMMENT_BOOL) values (390,'너누구냐고너누구냐고너누구냐고너누구냐고너누구냐고너누구냐고너누구냐고너누구냐고너누구냐고너누구냐고너누구냐고너누구냐고너누구냐고너누구냐고','BusBang',to_date('20/05/21','RR/MM/DD'),2,602,382,'fe0292',0);
Insert into MMM.NOTICE_COMMENT (NOTICE_COMMENT_NO,NOTICE_COMMENT_CONTENT,NOTICE_COMMENT_WRITER,NOTICE_COMMENT_DATE,NOTICE_COMMENT_LEVEL,NOTICE_COMMENT_REF,NOTICE_COMMENT_REF_TWO,DOG_ID,NOTICE_COMMENT_BOOL) values (392,'너누구냐고너누구냐고너누구냐고너누구냐고너누구냐고너누구냐고너누구냐고너누구냐고너누구냐고너누구냐고','BusBang',to_date('20/05/21','RR/MM/DD'),2,602,384,'fe0292',0);
Insert into MMM.NOTICE_COMMENT (NOTICE_COMMENT_NO,NOTICE_COMMENT_CONTENT,NOTICE_COMMENT_WRITER,NOTICE_COMMENT_DATE,NOTICE_COMMENT_LEVEL,NOTICE_COMMENT_REF,NOTICE_COMMENT_REF_TWO,DOG_ID,NOTICE_COMMENT_BOOL) values (394,'아','test11',to_date('20/05/21','RR/MM/DD'),1,640,null,'fwfw12',1);
Insert into MMM.NOTICE_COMMENT (NOTICE_COMMENT_NO,NOTICE_COMMENT_CONTENT,NOTICE_COMMENT_WRITER,NOTICE_COMMENT_DATE,NOTICE_COMMENT_LEVEL,NOTICE_COMMENT_REF,NOTICE_COMMENT_REF_TWO,DOG_ID,NOTICE_COMMENT_BOOL) values (396,'닷ㅎㄹ더ㅜㅏㅅㅎㄷ','test11',to_date('20/05/21','RR/MM/DD'),2,640,394,'fwfw12',0);
Insert into MMM.NOTICE_COMMENT (NOTICE_COMMENT_NO,NOTICE_COMMENT_CONTENT,NOTICE_COMMENT_WRITER,NOTICE_COMMENT_DATE,NOTICE_COMMENT_LEVEL,NOTICE_COMMENT_REF,NOTICE_COMMENT_REF_TWO,DOG_ID,NOTICE_COMMENT_BOOL) values (398,'방버스','1211',to_date('20/05/21','RR/MM/DD'),1,638,null,'1234',0);
Insert into MMM.NOTICE_COMMENT (NOTICE_COMMENT_NO,NOTICE_COMMENT_CONTENT,NOTICE_COMMENT_WRITER,NOTICE_COMMENT_DATE,NOTICE_COMMENT_LEVEL,NOTICE_COMMENT_REF,NOTICE_COMMENT_REF_TWO,DOG_ID,NOTICE_COMMENT_BOOL) values (400,'ㅁㅁ','1211',to_date('20/05/21','RR/MM/DD'),2,638,398,'1234',0);
Insert into MMM.NOTICE_COMMENT (NOTICE_COMMENT_NO,NOTICE_COMMENT_CONTENT,NOTICE_COMMENT_WRITER,NOTICE_COMMENT_DATE,NOTICE_COMMENT_LEVEL,NOTICE_COMMENT_REF,NOTICE_COMMENT_REF_TWO,DOG_ID,NOTICE_COMMENT_BOOL) values (402,'헐 존귀','user0707',to_date('20/05/21','RR/MM/DD'),1,640,null,'fwfw12',0);
Insert into MMM.NOTICE_COMMENT (NOTICE_COMMENT_NO,NOTICE_COMMENT_CONTENT,NOTICE_COMMENT_WRITER,NOTICE_COMMENT_DATE,NOTICE_COMMENT_LEVEL,NOTICE_COMMENT_REF,NOTICE_COMMENT_REF_TWO,DOG_ID,NOTICE_COMMENT_BOOL) values (404,'나도글쓰고싶어','user11',to_date('20/05/21','RR/MM/DD'),1,640,null,'fwfw12',0);
Insert into MMM.NOTICE_COMMENT (NOTICE_COMMENT_NO,NOTICE_COMMENT_CONTENT,NOTICE_COMMENT_WRITER,NOTICE_COMMENT_DATE,NOTICE_COMMENT_LEVEL,NOTICE_COMMENT_REF,NOTICE_COMMENT_REF_TWO,DOG_ID,NOTICE_COMMENT_BOOL) values (406,'나도글쓰고싶어2','user11',to_date('20/05/21','RR/MM/DD'),1,640,null,'fwfw12',0);
Insert into MMM.NOTICE_COMMENT (NOTICE_COMMENT_NO,NOTICE_COMMENT_CONTENT,NOTICE_COMMENT_WRITER,NOTICE_COMMENT_DATE,NOTICE_COMMENT_LEVEL,NOTICE_COMMENT_REF,NOTICE_COMMENT_REF_TWO,DOG_ID,NOTICE_COMMENT_BOOL) values (408,'대댓글이당','user11',to_date('20/05/21','RR/MM/DD'),2,640,404,'fwfw12',0);
Insert into MMM.NOTICE_COMMENT (NOTICE_COMMENT_NO,NOTICE_COMMENT_CONTENT,NOTICE_COMMENT_WRITER,NOTICE_COMMENT_DATE,NOTICE_COMMENT_LEVEL,NOTICE_COMMENT_REF,NOTICE_COMMENT_REF_TWO,DOG_ID,NOTICE_COMMENT_BOOL) values (410,'사진 왜이래 ㅡㅡ','test11',to_date('20/05/21','RR/MM/DD'),1,630,null,'asdf',1);
Insert into MMM.NOTICE_COMMENT (NOTICE_COMMENT_NO,NOTICE_COMMENT_CONTENT,NOTICE_COMMENT_WRITER,NOTICE_COMMENT_DATE,NOTICE_COMMENT_LEVEL,NOTICE_COMMENT_REF,NOTICE_COMMENT_REF_TWO,DOG_ID,NOTICE_COMMENT_BOOL) values (412,'강쥐','id011',to_date('20/05/21','RR/MM/DD'),1,646,null,'123123123',0);
Insert into MMM.NOTICE_COMMENT (NOTICE_COMMENT_NO,NOTICE_COMMENT_CONTENT,NOTICE_COMMENT_WRITER,NOTICE_COMMENT_DATE,NOTICE_COMMENT_LEVEL,NOTICE_COMMENT_REF,NOTICE_COMMENT_REF_TWO,DOG_ID,NOTICE_COMMENT_BOOL) values (414,'아 이집 강아지 귀엽지 귀여워','nongbu1',to_date('20/05/21','RR/MM/DD'),1,638,null,'1234',0);
REM INSERTING into MMM.NOTICE_RECOMMEND
SET DEFINE OFF;
REM INSERTING into MMM.ORDER_DETAIL
SET DEFINE OFF;
REM INSERTING into MMM.PAYMENT
SET DEFINE OFF;
REM INSERTING into MMM.PRODUCT
SET DEFINE OFF;
Insert into MMM.PRODUCT (PRODUCT_NO,BN_MEMBER_ID,PRODUCT_FILENAME,PRODUCT_FILEPATH,PRODUCT_TITLE) values (62,'bn03',null,null,'필링');
Insert into MMM.PRODUCT (PRODUCT_NO,BN_MEMBER_ID,PRODUCT_FILENAME,PRODUCT_FILEPATH,PRODUCT_TITLE) values (18,'bn02',null,null,'피자');
Insert into MMM.PRODUCT (PRODUCT_NO,BN_MEMBER_ID,PRODUCT_FILENAME,PRODUCT_FILEPATH,PRODUCT_TITLE) values (50,'bn01',null,null,'케이크');
Insert into MMM.PRODUCT (PRODUCT_NO,BN_MEMBER_ID,PRODUCT_FILENAME,PRODUCT_FILEPATH,PRODUCT_TITLE) values (52,'bn01',null,null,'사이즈');
Insert into MMM.PRODUCT (PRODUCT_NO,BN_MEMBER_ID,PRODUCT_FILENAME,PRODUCT_FILEPATH,PRODUCT_TITLE) values (54,'bn02',null,null,'크림');
Insert into MMM.PRODUCT (PRODUCT_NO,BN_MEMBER_ID,PRODUCT_FILENAME,PRODUCT_FILEPATH,PRODUCT_TITLE) values (64,'bn03',null,null,'추가');
Insert into MMM.PRODUCT (PRODUCT_NO,BN_MEMBER_ID,PRODUCT_FILENAME,PRODUCT_FILEPATH,PRODUCT_TITLE) values (82,'user11',null,null,'콩나물국밥');
Insert into MMM.PRODUCT (PRODUCT_NO,BN_MEMBER_ID,PRODUCT_FILENAME,PRODUCT_FILEPATH,PRODUCT_TITLE) values (84,'user11',null,null,'뼈다귀국밥');
Insert into MMM.PRODUCT (PRODUCT_NO,BN_MEMBER_ID,PRODUCT_FILENAME,PRODUCT_FILEPATH,PRODUCT_TITLE) values (46,'bn01',null,null,'생일초');
Insert into MMM.PRODUCT (PRODUCT_NO,BN_MEMBER_ID,PRODUCT_FILENAME,PRODUCT_FILEPATH,PRODUCT_TITLE) values (86,'user11',null,null,'뚝배기');
Insert into MMM.PRODUCT (PRODUCT_NO,BN_MEMBER_ID,PRODUCT_FILENAME,PRODUCT_FILEPATH,PRODUCT_TITLE) values (88,'id01',null,null,null);
Insert into MMM.PRODUCT (PRODUCT_NO,BN_MEMBER_ID,PRODUCT_FILENAME,PRODUCT_FILEPATH,PRODUCT_TITLE) values (90,'id01',null,null,null);
Insert into MMM.PRODUCT (PRODUCT_NO,BN_MEMBER_ID,PRODUCT_FILENAME,PRODUCT_FILEPATH,PRODUCT_TITLE) values (92,'id01',null,null,null);
Insert into MMM.PRODUCT (PRODUCT_NO,BN_MEMBER_ID,PRODUCT_FILENAME,PRODUCT_FILEPATH,PRODUCT_TITLE) values (94,'id01',null,null,null);
Insert into MMM.PRODUCT (PRODUCT_NO,BN_MEMBER_ID,PRODUCT_FILENAME,PRODUCT_FILEPATH,PRODUCT_TITLE) values (96,'id01',null,null,'빈칸은 劫㈍載≠?');
Insert into MMM.PRODUCT (PRODUCT_NO,BN_MEMBER_ID,PRODUCT_FILENAME,PRODUCT_FILEPATH,PRODUCT_TITLE) values (98,'CatLover',null,null,'진토리');
Insert into MMM.PRODUCT (PRODUCT_NO,BN_MEMBER_ID,PRODUCT_FILENAME,PRODUCT_FILEPATH,PRODUCT_TITLE) values (100,'CatLover',null,null,'ㄷㄹㄷㄹ');
Insert into MMM.PRODUCT (PRODUCT_NO,BN_MEMBER_ID,PRODUCT_FILENAME,PRODUCT_FILEPATH,PRODUCT_TITLE) values (102,'id01',null,null,null);
Insert into MMM.PRODUCT (PRODUCT_NO,BN_MEMBER_ID,PRODUCT_FILENAME,PRODUCT_FILEPATH,PRODUCT_TITLE) values (107,'id01',null,null,'ㅋㅋ');
Insert into MMM.PRODUCT (PRODUCT_NO,BN_MEMBER_ID,PRODUCT_FILENAME,PRODUCT_FILEPATH,PRODUCT_TITLE) values (109,'CatLover',null,null,'ㄷㄷ');
Insert into MMM.PRODUCT (PRODUCT_NO,BN_MEMBER_ID,PRODUCT_FILENAME,PRODUCT_FILEPATH,PRODUCT_TITLE) values (113,'MMMM',null,null,null);
Insert into MMM.PRODUCT (PRODUCT_NO,BN_MEMBER_ID,PRODUCT_FILENAME,PRODUCT_FILEPATH,PRODUCT_TITLE) values (115,'user11',null,null,'콩나물국밥');
REM INSERTING into MMM.PRODUCT_OPTION
SET DEFINE OFF;
Insert into MMM.PRODUCT_OPTION (OPTION_NO,PRODUCT_NO,BN_MEMBER_ID,OPTION_TITLE,OPTION_PRICE) values (46,46,'bn01','숫자',3000);
Insert into MMM.PRODUCT_OPTION (OPTION_NO,PRODUCT_NO,BN_MEMBER_ID,OPTION_TITLE,OPTION_PRICE) values (47,18,'bn02','닭고기피자',10000);
Insert into MMM.PRODUCT_OPTION (OPTION_NO,PRODUCT_NO,BN_MEMBER_ID,OPTION_TITLE,OPTION_PRICE) values (48,54,'bn02','단호박크림',2300);
Insert into MMM.PRODUCT_OPTION (OPTION_NO,PRODUCT_NO,BN_MEMBER_ID,OPTION_TITLE,OPTION_PRICE) values (78,64,'bn03','파티팩B',12000);
Insert into MMM.PRODUCT_OPTION (OPTION_NO,PRODUCT_NO,BN_MEMBER_ID,OPTION_TITLE,OPTION_PRICE) values (79,62,'bn03','소고기',13000);
Insert into MMM.PRODUCT_OPTION (OPTION_NO,PRODUCT_NO,BN_MEMBER_ID,OPTION_TITLE,OPTION_PRICE) values (49,54,'bn02','고구마크림',1600);
Insert into MMM.PRODUCT_OPTION (OPTION_NO,PRODUCT_NO,BN_MEMBER_ID,OPTION_TITLE,OPTION_PRICE) values (61,50,'bn01','당근케이크',5000);
Insert into MMM.PRODUCT_OPTION (OPTION_NO,PRODUCT_NO,BN_MEMBER_ID,OPTION_TITLE,OPTION_PRICE) values (62,52,'bn01','조각',300);
Insert into MMM.PRODUCT_OPTION (OPTION_NO,PRODUCT_NO,BN_MEMBER_ID,OPTION_TITLE,OPTION_PRICE) values (66,52,'bn01','대형',4900);
Insert into MMM.PRODUCT_OPTION (OPTION_NO,PRODUCT_NO,BN_MEMBER_ID,OPTION_TITLE,OPTION_PRICE) values (64,52,'bn01','소형',1500);
Insert into MMM.PRODUCT_OPTION (OPTION_NO,PRODUCT_NO,BN_MEMBER_ID,OPTION_TITLE,OPTION_PRICE) values (65,50,'bn01','호박케이크',6500);
Insert into MMM.PRODUCT_OPTION (OPTION_NO,PRODUCT_NO,BN_MEMBER_ID,OPTION_TITLE,OPTION_PRICE) values (80,62,'bn03','닭고기',9000);
Insert into MMM.PRODUCT_OPTION (OPTION_NO,PRODUCT_NO,BN_MEMBER_ID,OPTION_TITLE,OPTION_PRICE) values (81,18,'bn02','소고기피자',13000);
Insert into MMM.PRODUCT_OPTION (OPTION_NO,PRODUCT_NO,BN_MEMBER_ID,OPTION_TITLE,OPTION_PRICE) values (101,86,'user11','공기밥추가',1000);
Insert into MMM.PRODUCT_OPTION (OPTION_NO,PRODUCT_NO,BN_MEMBER_ID,OPTION_TITLE,OPTION_PRICE) values (102,107,'id01','장난감',20000);
Insert into MMM.PRODUCT_OPTION (OPTION_NO,PRODUCT_NO,BN_MEMBER_ID,OPTION_TITLE,OPTION_PRICE) values (105,82,'user11','콩나물추가',500);
Insert into MMM.PRODUCT_OPTION (OPTION_NO,PRODUCT_NO,BN_MEMBER_ID,OPTION_TITLE,OPTION_PRICE) values (104,46,'bn01','하트',500);
Insert into MMM.PRODUCT_OPTION (OPTION_NO,PRODUCT_NO,BN_MEMBER_ID,OPTION_TITLE,OPTION_PRICE) values (106,82,'user11','콩나물추가',500);
Insert into MMM.PRODUCT_OPTION (OPTION_NO,PRODUCT_NO,BN_MEMBER_ID,OPTION_TITLE,OPTION_PRICE) values (107,84,'user11','사리추가',1000);
Insert into MMM.PRODUCT_OPTION (OPTION_NO,PRODUCT_NO,BN_MEMBER_ID,OPTION_TITLE,OPTION_PRICE) values (77,64,'bn03','파티팩A',10000);
REM INSERTING into MMM.QNA_ANSWER
SET DEFINE OFF;
REM INSERTING into MMM.QNA_NOTICE
SET DEFINE OFF;
REM INSERTING into MMM.SHOP
SET DEFINE OFF;
Insert into MMM.SHOP (SHOP_ID,SHOP_MEMBER_ID,SHOP_BANK,SHOP_BANK_ACCOUNT) values ('113-49-47124','bn01','농협','2512141223913');
Insert into MMM.SHOP (SHOP_ID,SHOP_MEMBER_ID,SHOP_BANK,SHOP_BANK_ACCOUNT) values ('102-29-45931','bn02','농협','3564853436923');
Insert into MMM.SHOP (SHOP_ID,SHOP_MEMBER_ID,SHOP_BANK,SHOP_BANK_ACCOUNT) values ('123-12-12345','user11','버스은행','123123123123');
Insert into MMM.SHOP (SHOP_ID,SHOP_MEMBER_ID,SHOP_BANK,SHOP_BANK_ACCOUNT) values ('123-12-12333','CatLover','123','1234584123123123123');
Insert into MMM.SHOP (SHOP_ID,SHOP_MEMBER_ID,SHOP_BANK,SHOP_BANK_ACCOUNT) values ('123-15-12345','bn03','농협','123456789123456');
Insert into MMM.SHOP (SHOP_ID,SHOP_MEMBER_ID,SHOP_BANK,SHOP_BANK_ACCOUNT) values ('123-12-12351','id01','농쓰','12123123123');
--------------------------------------------------------
--  DDL for Index ARTICLE_NOTICE_PK
--------------------------------------------------------

  CREATE UNIQUE INDEX "MMM"."ARTICLE_NOTICE_PK" ON "MMM"."ARTICLE_NOTICE" ("ARTICLE_NOTICE_NO") 
  PCTFREE 10 INITRANS 2 MAXTRANS 255 COMPUTE STATISTICS 
  STORAGE(INITIAL 65536 NEXT 1048576 MINEXTENTS 1 MAXEXTENTS 2147483645
  PCTINCREASE 0 FREELISTS 1 FREELIST GROUPS 1 BUFFER_POOL DEFAULT FLASH_CACHE DEFAULT CELL_FLASH_CACHE DEFAULT)
  TABLESPACE "SYSTEM" ;
--------------------------------------------------------
--  DDL for Index ARTICLE_NOTICE_COMMENT_PK
--------------------------------------------------------

  CREATE UNIQUE INDEX "MMM"."ARTICLE_NOTICE_COMMENT_PK" ON "MMM"."ARTICLE_NOTICE_COMMENT" ("ARTICLE_COMMENT_NO") 
  PCTFREE 10 INITRANS 2 MAXTRANS 255 COMPUTE STATISTICS 
  STORAGE(INITIAL 65536 NEXT 1048576 MINEXTENTS 1 MAXEXTENTS 2147483645
  PCTINCREASE 0 FREELISTS 1 FREELIST GROUPS 1 BUFFER_POOL DEFAULT FLASH_CACHE DEFAULT CELL_FLASH_CACHE DEFAULT)
  TABLESPACE "SYSTEM" ;
--------------------------------------------------------
--  DDL for Index CART_PK
--------------------------------------------------------

  CREATE UNIQUE INDEX "MMM"."CART_PK" ON "MMM"."CART" ("CART_NO") 
  PCTFREE 10 INITRANS 2 MAXTRANS 255 COMPUTE STATISTICS 
  STORAGE(INITIAL 65536 NEXT 1048576 MINEXTENTS 1 MAXEXTENTS 2147483645
  PCTINCREASE 0 FREELISTS 1 FREELIST GROUPS 1 BUFFER_POOL DEFAULT FLASH_CACHE DEFAULT CELL_FLASH_CACHE DEFAULT)
  TABLESPACE "SYSTEM" ;
--------------------------------------------------------
--  DDL for Index DOG_PK
--------------------------------------------------------

  CREATE UNIQUE INDEX "MMM"."DOG_PK" ON "MMM"."DOG" ("DOG_ID") 
  PCTFREE 10 INITRANS 2 MAXTRANS 255 COMPUTE STATISTICS 
  STORAGE(INITIAL 65536 NEXT 1048576 MINEXTENTS 1 MAXEXTENTS 2147483645
  PCTINCREASE 0 FREELISTS 1 FREELIST GROUPS 1 BUFFER_POOL DEFAULT FLASH_CACHE DEFAULT CELL_FLASH_CACHE DEFAULT)
  TABLESPACE "SYSTEM" ;
--------------------------------------------------------
--  DDL for Index SYS_C007746
--------------------------------------------------------

  CREATE UNIQUE INDEX "MMM"."SYS_C007746" ON "MMM"."FNA" ("QNA_NO") 
  PCTFREE 10 INITRANS 2 MAXTRANS 255 
  STORAGE(INITIAL 65536 NEXT 1048576 MINEXTENTS 1 MAXEXTENTS 2147483645
  PCTINCREASE 0 FREELISTS 1 FREELIST GROUPS 1 BUFFER_POOL DEFAULT FLASH_CACHE DEFAULT CELL_FLASH_CACHE DEFAULT)
  TABLESPACE "SYSTEM" ;
--------------------------------------------------------
--  DDL for Index MEMBER_PK
--------------------------------------------------------

  CREATE UNIQUE INDEX "MMM"."MEMBER_PK" ON "MMM"."MEMBER" ("MEMBER_ID") 
  PCTFREE 10 INITRANS 2 MAXTRANS 255 COMPUTE STATISTICS 
  STORAGE(INITIAL 65536 NEXT 1048576 MINEXTENTS 1 MAXEXTENTS 2147483645
  PCTINCREASE 0 FREELISTS 1 FREELIST GROUPS 1 BUFFER_POOL DEFAULT FLASH_CACHE DEFAULT CELL_FLASH_CACHE DEFAULT)
  TABLESPACE "SYSTEM" ;
--------------------------------------------------------
--  DDL for Index NOTICE_PK
--------------------------------------------------------

  CREATE UNIQUE INDEX "MMM"."NOTICE_PK" ON "MMM"."NOTICE" ("NOTICE_NO") 
  PCTFREE 10 INITRANS 2 MAXTRANS 255 COMPUTE STATISTICS 
  STORAGE(INITIAL 65536 NEXT 1048576 MINEXTENTS 1 MAXEXTENTS 2147483645
  PCTINCREASE 0 FREELISTS 1 FREELIST GROUPS 1 BUFFER_POOL DEFAULT FLASH_CACHE DEFAULT CELL_FLASH_CACHE DEFAULT)
  TABLESPACE "SYSTEM" ;
--------------------------------------------------------
--  DDL for Index NOTICE_COMMENT_PK
--------------------------------------------------------

  CREATE UNIQUE INDEX "MMM"."NOTICE_COMMENT_PK" ON "MMM"."NOTICE_COMMENT" ("NOTICE_COMMENT_NO") 
  PCTFREE 10 INITRANS 2 MAXTRANS 255 COMPUTE STATISTICS 
  STORAGE(INITIAL 65536 NEXT 1048576 MINEXTENTS 1 MAXEXTENTS 2147483645
  PCTINCREASE 0 FREELISTS 1 FREELIST GROUPS 1 BUFFER_POOL DEFAULT FLASH_CACHE DEFAULT CELL_FLASH_CACHE DEFAULT)
  TABLESPACE "SYSTEM" ;
--------------------------------------------------------
--  DDL for Index NOTICE_RECOMMEND_PK
--------------------------------------------------------

  CREATE UNIQUE INDEX "MMM"."NOTICE_RECOMMEND_PK" ON "MMM"."NOTICE_RECOMMEND" ("NOTICE_RECOMMEND_ID", "NOTICE_RECOMMENT_SEARCH_ID") 
  PCTFREE 10 INITRANS 2 MAXTRANS 255 COMPUTE STATISTICS 
  STORAGE(INITIAL 65536 NEXT 1048576 MINEXTENTS 1 MAXEXTENTS 2147483645
  PCTINCREASE 0 FREELISTS 1 FREELIST GROUPS 1 BUFFER_POOL DEFAULT FLASH_CACHE DEFAULT CELL_FLASH_CACHE DEFAULT)
  TABLESPACE "SYSTEM" ;
--------------------------------------------------------
--  DDL for Index ORDER_DETAIL_PK
--------------------------------------------------------

  CREATE UNIQUE INDEX "MMM"."ORDER_DETAIL_PK" ON "MMM"."ORDER_DETAIL" ("ORDER_NO") 
  PCTFREE 10 INITRANS 2 MAXTRANS 255 COMPUTE STATISTICS 
  STORAGE(INITIAL 65536 NEXT 1048576 MINEXTENTS 1 MAXEXTENTS 2147483645
  PCTINCREASE 0 FREELISTS 1 FREELIST GROUPS 1 BUFFER_POOL DEFAULT FLASH_CACHE DEFAULT CELL_FLASH_CACHE DEFAULT)
  TABLESPACE "SYSTEM" ;
--------------------------------------------------------
--  DDL for Index PAYMENT_PK
--------------------------------------------------------

  CREATE UNIQUE INDEX "MMM"."PAYMENT_PK" ON "MMM"."PAYMENT" ("PAYMENT_NO") 
  PCTFREE 10 INITRANS 2 MAXTRANS 255 COMPUTE STATISTICS 
  STORAGE(INITIAL 65536 NEXT 1048576 MINEXTENTS 1 MAXEXTENTS 2147483645
  PCTINCREASE 0 FREELISTS 1 FREELIST GROUPS 1 BUFFER_POOL DEFAULT FLASH_CACHE DEFAULT CELL_FLASH_CACHE DEFAULT)
  TABLESPACE "SYSTEM" ;
--------------------------------------------------------
--  DDL for Index PRODUCT_PK
--------------------------------------------------------

  CREATE UNIQUE INDEX "MMM"."PRODUCT_PK" ON "MMM"."PRODUCT" ("PRODUCT_NO") 
  PCTFREE 10 INITRANS 2 MAXTRANS 255 COMPUTE STATISTICS 
  STORAGE(INITIAL 65536 NEXT 1048576 MINEXTENTS 1 MAXEXTENTS 2147483645
  PCTINCREASE 0 FREELISTS 1 FREELIST GROUPS 1 BUFFER_POOL DEFAULT FLASH_CACHE DEFAULT CELL_FLASH_CACHE DEFAULT)
  TABLESPACE "SYSTEM" ;
--------------------------------------------------------
--  DDL for Index PRODUCT_OPTION_PK
--------------------------------------------------------

  CREATE UNIQUE INDEX "MMM"."PRODUCT_OPTION_PK" ON "MMM"."PRODUCT_OPTION" ("OPTION_NO") 
  PCTFREE 10 INITRANS 2 MAXTRANS 255 
  STORAGE(INITIAL 65536 NEXT 1048576 MINEXTENTS 1 MAXEXTENTS 2147483645
  PCTINCREASE 0 FREELISTS 1 FREELIST GROUPS 1 BUFFER_POOL DEFAULT FLASH_CACHE DEFAULT CELL_FLASH_CACHE DEFAULT)
  TABLESPACE "SYSTEM" ;
--------------------------------------------------------
--  DDL for Index QNA_ANSWER_PK
--------------------------------------------------------

  CREATE UNIQUE INDEX "MMM"."QNA_ANSWER_PK" ON "MMM"."QNA_ANSWER" ("ANSWER_NO") 
  PCTFREE 10 INITRANS 2 MAXTRANS 255 COMPUTE STATISTICS 
  STORAGE(INITIAL 65536 NEXT 1048576 MINEXTENTS 1 MAXEXTENTS 2147483645
  PCTINCREASE 0 FREELISTS 1 FREELIST GROUPS 1 BUFFER_POOL DEFAULT FLASH_CACHE DEFAULT CELL_FLASH_CACHE DEFAULT)
  TABLESPACE "SYSTEM" ;
--------------------------------------------------------
--  DDL for Index QNA_NOTICE_PK
--------------------------------------------------------

  CREATE UNIQUE INDEX "MMM"."QNA_NOTICE_PK" ON "MMM"."QNA_NOTICE" ("QNA_NOTICE_NO") 
  PCTFREE 10 INITRANS 2 MAXTRANS 255 COMPUTE STATISTICS 
  STORAGE(INITIAL 65536 NEXT 1048576 MINEXTENTS 1 MAXEXTENTS 2147483645
  PCTINCREASE 0 FREELISTS 1 FREELIST GROUPS 1 BUFFER_POOL DEFAULT FLASH_CACHE DEFAULT CELL_FLASH_CACHE DEFAULT)
  TABLESPACE "SYSTEM" ;
--------------------------------------------------------
--  DDL for Index SHOP_PK
--------------------------------------------------------

  CREATE UNIQUE INDEX "MMM"."SHOP_PK" ON "MMM"."SHOP" ("SHOP_ID") 
  PCTFREE 10 INITRANS 2 MAXTRANS 255 COMPUTE STATISTICS 
  STORAGE(INITIAL 65536 NEXT 1048576 MINEXTENTS 1 MAXEXTENTS 2147483645
  PCTINCREASE 0 FREELISTS 1 FREELIST GROUPS 1 BUFFER_POOL DEFAULT FLASH_CACHE DEFAULT CELL_FLASH_CACHE DEFAULT)
  TABLESPACE "SYSTEM" ;
--------------------------------------------------------
--  DDL for Trigger ARTICLE_NOTICE_AI_TRG
--------------------------------------------------------

  CREATE OR REPLACE TRIGGER "MMM"."ARTICLE_NOTICE_AI_TRG" 
BEFORE INSERT ON ARTICLE_NOTICE 
REFERENCING NEW AS NEW FOR EACH ROW 
BEGIN 
    SELECT ARTICLE_NOTICE_SEQ.NEXTVAL
    INTO :NEW.ARTICLE_NOTICE_NO
    FROM DUAL;
END;

/
ALTER TRIGGER "MMM"."ARTICLE_NOTICE_AI_TRG" ENABLE;
--------------------------------------------------------
--  DDL for Trigger ARTICLE_NOTICE_COMMENT_AI_TRG
--------------------------------------------------------

  CREATE OR REPLACE TRIGGER "MMM"."ARTICLE_NOTICE_COMMENT_AI_TRG" 
BEFORE INSERT ON ARTICLE_NOTICE_COMMENT 
REFERENCING NEW AS NEW FOR EACH ROW 
BEGIN 
    SELECT ARTICLE_NOTICE_COMMENT_SEQ.NEXTVAL
    INTO :NEW.ARTICLE_COMMENT_NO
    FROM DUAL;
END;

/
ALTER TRIGGER "MMM"."ARTICLE_NOTICE_COMMENT_AI_TRG" ENABLE;
--------------------------------------------------------
--  DDL for Trigger CART_AI_TRG
--------------------------------------------------------

  CREATE OR REPLACE TRIGGER "MMM"."CART_AI_TRG" 
BEFORE INSERT ON cart 
REFERENCING NEW AS NEW FOR EACH ROW 
BEGIN 
    SELECT cart_SEQ.NEXTVAL
    INTO :NEW.CART_NO
    FROM DUAL;
END;

/
ALTER TRIGGER "MMM"."CART_AI_TRG" ENABLE;
--------------------------------------------------------
--  DDL for Trigger NOTICE_AI_TRG
--------------------------------------------------------

  CREATE OR REPLACE TRIGGER "MMM"."NOTICE_AI_TRG" 
BEFORE INSERT ON notice 
REFERENCING NEW AS NEW FOR EACH ROW 
BEGIN 
    SELECT notice_SEQ.NEXTVAL
    INTO :NEW.NOTICE_NO
    FROM DUAL;
END;

/
ALTER TRIGGER "MMM"."NOTICE_AI_TRG" ENABLE;
--------------------------------------------------------
--  DDL for Trigger NOTICE_COMMENT_AI_TRG
--------------------------------------------------------

  CREATE OR REPLACE TRIGGER "MMM"."NOTICE_COMMENT_AI_TRG" 
BEFORE INSERT ON notice_comment 
REFERENCING NEW AS NEW FOR EACH ROW 
BEGIN 
    SELECT notice_comment_SEQ.NEXTVAL
    INTO :NEW.NOTICE_COMMENT_NO
    FROM DUAL;
END;

/
ALTER TRIGGER "MMM"."NOTICE_COMMENT_AI_TRG" ENABLE;
--------------------------------------------------------
--  DDL for Trigger ORDER_DETAIL_AI_TRG
--------------------------------------------------------

  CREATE OR REPLACE TRIGGER "MMM"."ORDER_DETAIL_AI_TRG" 
BEFORE INSERT ON order_Detail 
REFERENCING NEW AS NEW FOR EACH ROW 
BEGIN 
    SELECT order_Detail_SEQ.NEXTVAL
    INTO :NEW.ORDER_NUM
    FROM DUAL;
END;

/
ALTER TRIGGER "MMM"."ORDER_DETAIL_AI_TRG" ENABLE;
--------------------------------------------------------
--  DDL for Trigger PAYMENT_AI_TRG
--------------------------------------------------------

  CREATE OR REPLACE TRIGGER "MMM"."PAYMENT_AI_TRG" 
BEFORE INSERT ON payment 
REFERENCING NEW AS NEW FOR EACH ROW 
BEGIN 
    SELECT payment_SEQ.NEXTVAL
    INTO :NEW.PAYMENT_NO
    FROM DUAL;
END;

/
ALTER TRIGGER "MMM"."PAYMENT_AI_TRG" ENABLE;
--------------------------------------------------------
--  DDL for Trigger PRODUCT_AI_TRG
--------------------------------------------------------

  CREATE OR REPLACE TRIGGER "MMM"."PRODUCT_AI_TRG" 
BEFORE INSERT ON product 
REFERENCING NEW AS NEW FOR EACH ROW 
BEGIN 
    SELECT product_SEQ.NEXTVAL
    INTO :NEW.PRODUCT_NO
    FROM DUAL;
END;

/
ALTER TRIGGER "MMM"."PRODUCT_AI_TRG" ENABLE;
--------------------------------------------------------
--  DDL for Trigger QNA_ANSWER_AI_TRG
--------------------------------------------------------

  CREATE OR REPLACE TRIGGER "MMM"."QNA_ANSWER_AI_TRG" 
BEFORE INSERT ON QNA_ANSWER 
REFERENCING NEW AS NEW FOR EACH ROW 
BEGIN 
    SELECT QNA_ANSWER_SEQ.NEXTVAL
    INTO :NEW.ANSWER_NO
    FROM DUAL;
END;

/
ALTER TRIGGER "MMM"."QNA_ANSWER_AI_TRG" ENABLE;
--------------------------------------------------------
--  DDL for Trigger QNA_NOTICE_AI_TRG
--------------------------------------------------------

  CREATE OR REPLACE TRIGGER "MMM"."QNA_NOTICE_AI_TRG" 
BEFORE INSERT ON qna_notice 
REFERENCING NEW AS NEW FOR EACH ROW 
BEGIN 
    SELECT qna_notice_SEQ.NEXTVAL
    INTO :NEW.QNA_NOTICE_NO
    FROM DUAL;
END;

/
ALTER TRIGGER "MMM"."QNA_NOTICE_AI_TRG" ENABLE;
--------------------------------------------------------
--  Constraints for Table ARTICLE_NOTICE
--------------------------------------------------------

  ALTER TABLE "MMM"."ARTICLE_NOTICE" ADD CONSTRAINT "ARTICLE_NOTICE_PK" PRIMARY KEY ("ARTICLE_NOTICE_NO")
  USING INDEX PCTFREE 10 INITRANS 2 MAXTRANS 255 COMPUTE STATISTICS 
  STORAGE(INITIAL 65536 NEXT 1048576 MINEXTENTS 1 MAXEXTENTS 2147483645
  PCTINCREASE 0 FREELISTS 1 FREELIST GROUPS 1 BUFFER_POOL DEFAULT FLASH_CACHE DEFAULT CELL_FLASH_CACHE DEFAULT)
  TABLESPACE "SYSTEM"  ENABLE;
  ALTER TABLE "MMM"."ARTICLE_NOTICE" MODIFY ("ARTICLE_NOTICE_DELETE_BOOL" NOT NULL ENABLE);
  ALTER TABLE "MMM"."ARTICLE_NOTICE" MODIFY ("ARTICLE_NOTICE_SOLD_BOOL" NOT NULL ENABLE);
  ALTER TABLE "MMM"."ARTICLE_NOTICE" MODIFY ("ARTICLE_NOTICE_DATE" NOT NULL ENABLE);
  ALTER TABLE "MMM"."ARTICLE_NOTICE" MODIFY ("ARTICLE_NOTICE_CONTENT" NOT NULL ENABLE);
  ALTER TABLE "MMM"."ARTICLE_NOTICE" MODIFY ("ARTICLE_NOTICE_WRITER" NOT NULL ENABLE);
  ALTER TABLE "MMM"."ARTICLE_NOTICE" MODIFY ("ARTICLE_NOTICE_TITLE" NOT NULL ENABLE);
  ALTER TABLE "MMM"."ARTICLE_NOTICE" MODIFY ("ARTICLE_NOTICE_CATEGORY2" NOT NULL ENABLE);
  ALTER TABLE "MMM"."ARTICLE_NOTICE" MODIFY ("ARTICLE_NOTICE_CATEGORY1" NOT NULL ENABLE);
  ALTER TABLE "MMM"."ARTICLE_NOTICE" MODIFY ("ARTICLE_NOTICE_NO" NOT NULL ENABLE);
--------------------------------------------------------
--  Constraints for Table ARTICLE_NOTICE_COMMENT
--------------------------------------------------------

  ALTER TABLE "MMM"."ARTICLE_NOTICE_COMMENT" ADD CONSTRAINT "ARTICLE_NOTICE_COMMENT_PK" PRIMARY KEY ("ARTICLE_COMMENT_NO")
  USING INDEX PCTFREE 10 INITRANS 2 MAXTRANS 255 COMPUTE STATISTICS 
  STORAGE(INITIAL 65536 NEXT 1048576 MINEXTENTS 1 MAXEXTENTS 2147483645
  PCTINCREASE 0 FREELISTS 1 FREELIST GROUPS 1 BUFFER_POOL DEFAULT FLASH_CACHE DEFAULT CELL_FLASH_CACHE DEFAULT)
  TABLESPACE "SYSTEM"  ENABLE;
  ALTER TABLE "MMM"."ARTICLE_NOTICE_COMMENT" MODIFY ("ARTICLE_COMMENT_DELETE_BOOL" NOT NULL ENABLE);
  ALTER TABLE "MMM"."ARTICLE_NOTICE_COMMENT" MODIFY ("ARTICLE_COMMENT_DATE" NOT NULL ENABLE);
  ALTER TABLE "MMM"."ARTICLE_NOTICE_COMMENT" MODIFY ("ARTICLE_COMMENT_CONTENT" NOT NULL ENABLE);
  ALTER TABLE "MMM"."ARTICLE_NOTICE_COMMENT" MODIFY ("ARTICLE_COMMENT_WRITER" NOT NULL ENABLE);
  ALTER TABLE "MMM"."ARTICLE_NOTICE_COMMENT" MODIFY ("ARTICLE_COMMENT_NO" NOT NULL ENABLE);
--------------------------------------------------------
--  Constraints for Table CART
--------------------------------------------------------

  ALTER TABLE "MMM"."CART" ADD CONSTRAINT "CART_PK" PRIMARY KEY ("CART_NO")
  USING INDEX PCTFREE 10 INITRANS 2 MAXTRANS 255 COMPUTE STATISTICS 
  STORAGE(INITIAL 65536 NEXT 1048576 MINEXTENTS 1 MAXEXTENTS 2147483645
  PCTINCREASE 0 FREELISTS 1 FREELIST GROUPS 1 BUFFER_POOL DEFAULT FLASH_CACHE DEFAULT CELL_FLASH_CACHE DEFAULT)
  TABLESPACE "SYSTEM"  ENABLE;
  ALTER TABLE "MMM"."CART" MODIFY ("ORDER_MEMBER_ID" NOT NULL ENABLE);
  ALTER TABLE "MMM"."CART" MODIFY ("CART_NO" NOT NULL ENABLE);
  ALTER TABLE "MMM"."CART" MODIFY ("SELECT_OPT" NOT NULL ENABLE);
  ALTER TABLE "MMM"."CART" MODIFY ("BN_MEMBER_ID" NOT NULL ENABLE);
--------------------------------------------------------
--  Constraints for Table DOG
--------------------------------------------------------

  ALTER TABLE "MMM"."DOG" ADD CONSTRAINT "DOG_PK" PRIMARY KEY ("DOG_ID")
  USING INDEX PCTFREE 10 INITRANS 2 MAXTRANS 255 COMPUTE STATISTICS 
  STORAGE(INITIAL 65536 NEXT 1048576 MINEXTENTS 1 MAXEXTENTS 2147483645
  PCTINCREASE 0 FREELISTS 1 FREELIST GROUPS 1 BUFFER_POOL DEFAULT FLASH_CACHE DEFAULT CELL_FLASH_CACHE DEFAULT)
  TABLESPACE "SYSTEM"  ENABLE;
  ALTER TABLE "MMM"."DOG" MODIFY ("DOG_BOOL" NOT NULL ENABLE);
  ALTER TABLE "MMM"."DOG" MODIFY ("DOG_IMG" NOT NULL ENABLE);
  ALTER TABLE "MMM"."DOG" MODIFY ("DOG_MEMBER_ID" NOT NULL ENABLE);
  ALTER TABLE "MMM"."DOG" MODIFY ("DOG_ID" NOT NULL ENABLE);
  ALTER TABLE "MMM"."DOG" MODIFY ("DOG_NAME" CONSTRAINT "DOG_NAME_NOT_NULL" NOT NULL ENABLE);
--------------------------------------------------------
--  Constraints for Table FNA
--------------------------------------------------------

  ALTER TABLE "MMM"."FNA" ADD PRIMARY KEY ("QNA_NO")
  USING INDEX PCTFREE 10 INITRANS 2 MAXTRANS 255 
  STORAGE(INITIAL 65536 NEXT 1048576 MINEXTENTS 1 MAXEXTENTS 2147483645
  PCTINCREASE 0 FREELISTS 1 FREELIST GROUPS 1 BUFFER_POOL DEFAULT FLASH_CACHE DEFAULT CELL_FLASH_CACHE DEFAULT)
  TABLESPACE "SYSTEM"  ENABLE;
  ALTER TABLE "MMM"."FNA" MODIFY ("ANSWER" NOT NULL ENABLE);
  ALTER TABLE "MMM"."FNA" MODIFY ("QUESTION" NOT NULL ENABLE);
--------------------------------------------------------
--  Constraints for Table MEMBER
--------------------------------------------------------

  ALTER TABLE "MMM"."MEMBER" ADD CONSTRAINT "MEMBER_PK" PRIMARY KEY ("MEMBER_ID")
  USING INDEX PCTFREE 10 INITRANS 2 MAXTRANS 255 COMPUTE STATISTICS 
  STORAGE(INITIAL 65536 NEXT 1048576 MINEXTENTS 1 MAXEXTENTS 2147483645
  PCTINCREASE 0 FREELISTS 1 FREELIST GROUPS 1 BUFFER_POOL DEFAULT FLASH_CACHE DEFAULT CELL_FLASH_CACHE DEFAULT)
  TABLESPACE "SYSTEM"  ENABLE;
  ALTER TABLE "MMM"."MEMBER" MODIFY ("MEMBER_LEVEL" NOT NULL ENABLE);
  ALTER TABLE "MMM"."MEMBER" MODIFY ("ENROLL_DATE" NOT NULL ENABLE);
  ALTER TABLE "MMM"."MEMBER" MODIFY ("ADDR" NOT NULL ENABLE);
  ALTER TABLE "MMM"."MEMBER" MODIFY ("PHONE" NOT NULL ENABLE);
  ALTER TABLE "MMM"."MEMBER" MODIFY ("MEMBER_BIRTH" NOT NULL ENABLE);
  ALTER TABLE "MMM"."MEMBER" MODIFY ("MEMBER_NAME" NOT NULL ENABLE);
  ALTER TABLE "MMM"."MEMBER" MODIFY ("MEMBER_NICKNAME" NOT NULL ENABLE);
  ALTER TABLE "MMM"."MEMBER" MODIFY ("MEMBER_PW" NOT NULL ENABLE);
  ALTER TABLE "MMM"."MEMBER" MODIFY ("MEMBER_ID" NOT NULL ENABLE);
--------------------------------------------------------
--  Constraints for Table NOTICE
--------------------------------------------------------

  ALTER TABLE "MMM"."NOTICE" ADD CONSTRAINT "NOTICE_PK" PRIMARY KEY ("NOTICE_NO")
  USING INDEX PCTFREE 10 INITRANS 2 MAXTRANS 255 COMPUTE STATISTICS 
  STORAGE(INITIAL 65536 NEXT 1048576 MINEXTENTS 1 MAXEXTENTS 2147483645
  PCTINCREASE 0 FREELISTS 1 FREELIST GROUPS 1 BUFFER_POOL DEFAULT FLASH_CACHE DEFAULT CELL_FLASH_CACHE DEFAULT)
  TABLESPACE "SYSTEM"  ENABLE;
  ALTER TABLE "MMM"."NOTICE" MODIFY ("NOTICE_DELETE_BOOL" NOT NULL ENABLE);
  ALTER TABLE "MMM"."NOTICE" MODIFY ("NOTICE_VIEW_COUNT" NOT NULL ENABLE);
  ALTER TABLE "MMM"."NOTICE" MODIFY ("NOTICE_DATE" NOT NULL ENABLE);
  ALTER TABLE "MMM"."NOTICE" MODIFY ("NOTICE_CONTENT" NOT NULL ENABLE);
  ALTER TABLE "MMM"."NOTICE" MODIFY ("NOTICE_WRITER" NOT NULL ENABLE);
  ALTER TABLE "MMM"."NOTICE" MODIFY ("NOTICE_TITLE" NOT NULL ENABLE);
  ALTER TABLE "MMM"."NOTICE" MODIFY ("NOTICE_NO" NOT NULL ENABLE);
--------------------------------------------------------
--  Constraints for Table NOTICE_COMMENT
--------------------------------------------------------

  ALTER TABLE "MMM"."NOTICE_COMMENT" ADD CONSTRAINT "NOTICE_COMMENT_PK" PRIMARY KEY ("NOTICE_COMMENT_NO")
  USING INDEX PCTFREE 10 INITRANS 2 MAXTRANS 255 COMPUTE STATISTICS 
  STORAGE(INITIAL 65536 NEXT 1048576 MINEXTENTS 1 MAXEXTENTS 2147483645
  PCTINCREASE 0 FREELISTS 1 FREELIST GROUPS 1 BUFFER_POOL DEFAULT FLASH_CACHE DEFAULT CELL_FLASH_CACHE DEFAULT)
  TABLESPACE "SYSTEM"  ENABLE;
  ALTER TABLE "MMM"."NOTICE_COMMENT" MODIFY ("NOTICE_COMMENT_BOOL" NOT NULL ENABLE);
  ALTER TABLE "MMM"."NOTICE_COMMENT" MODIFY ("NOTICE_COMMENT_REF" NOT NULL ENABLE);
  ALTER TABLE "MMM"."NOTICE_COMMENT" MODIFY ("NOTICE_COMMENT_LEVEL" NOT NULL ENABLE);
  ALTER TABLE "MMM"."NOTICE_COMMENT" MODIFY ("NOTICE_COMMENT_DATE" NOT NULL ENABLE);
  ALTER TABLE "MMM"."NOTICE_COMMENT" MODIFY ("NOTICE_COMMENT_WRITER" NOT NULL ENABLE);
  ALTER TABLE "MMM"."NOTICE_COMMENT" MODIFY ("NOTICE_COMMENT_CONTENT" NOT NULL ENABLE);
  ALTER TABLE "MMM"."NOTICE_COMMENT" MODIFY ("NOTICE_COMMENT_NO" NOT NULL ENABLE);
--------------------------------------------------------
--  Constraints for Table NOTICE_RECOMMEND
--------------------------------------------------------

  ALTER TABLE "MMM"."NOTICE_RECOMMEND" ADD CONSTRAINT "NOTICE_RECOMMEND_PK" PRIMARY KEY ("NOTICE_RECOMMEND_ID", "NOTICE_RECOMMENT_SEARCH_ID")
  USING INDEX PCTFREE 10 INITRANS 2 MAXTRANS 255 COMPUTE STATISTICS 
  STORAGE(INITIAL 65536 NEXT 1048576 MINEXTENTS 1 MAXEXTENTS 2147483645
  PCTINCREASE 0 FREELISTS 1 FREELIST GROUPS 1 BUFFER_POOL DEFAULT FLASH_CACHE DEFAULT CELL_FLASH_CACHE DEFAULT)
  TABLESPACE "SYSTEM"  ENABLE;
  ALTER TABLE "MMM"."NOTICE_RECOMMEND" MODIFY ("NOTICE_RECOMMENT_SEARCH_ID" NOT NULL ENABLE);
  ALTER TABLE "MMM"."NOTICE_RECOMMEND" MODIFY ("NOTICE_RECOMMEND_ID" NOT NULL ENABLE);
--------------------------------------------------------
--  Constraints for Table ORDER_DETAIL
--------------------------------------------------------

  ALTER TABLE "MMM"."ORDER_DETAIL" ADD CONSTRAINT "ORDER_DETAIL_PK" PRIMARY KEY ("ORDER_NO")
  USING INDEX PCTFREE 10 INITRANS 2 MAXTRANS 255 COMPUTE STATISTICS 
  STORAGE(INITIAL 65536 NEXT 1048576 MINEXTENTS 1 MAXEXTENTS 2147483645
  PCTINCREASE 0 FREELISTS 1 FREELIST GROUPS 1 BUFFER_POOL DEFAULT FLASH_CACHE DEFAULT CELL_FLASH_CACHE DEFAULT)
  TABLESPACE "SYSTEM"  ENABLE;
  ALTER TABLE "MMM"."ORDER_DETAIL" MODIFY ("ORDER_COUNT" NOT NULL ENABLE);
  ALTER TABLE "MMM"."ORDER_DETAIL" MODIFY ("ORDER_NO" NOT NULL ENABLE);
--------------------------------------------------------
--  Constraints for Table PAYMENT
--------------------------------------------------------

  ALTER TABLE "MMM"."PAYMENT" ADD CONSTRAINT "PAYMENT_PK" PRIMARY KEY ("PAYMENT_NO")
  USING INDEX PCTFREE 10 INITRANS 2 MAXTRANS 255 COMPUTE STATISTICS 
  STORAGE(INITIAL 65536 NEXT 1048576 MINEXTENTS 1 MAXEXTENTS 2147483645
  PCTINCREASE 0 FREELISTS 1 FREELIST GROUPS 1 BUFFER_POOL DEFAULT FLASH_CACHE DEFAULT CELL_FLASH_CACHE DEFAULT)
  TABLESPACE "SYSTEM"  ENABLE;
  ALTER TABLE "MMM"."PAYMENT" MODIFY ("PAYMENT_TOTAL" NOT NULL ENABLE);
  ALTER TABLE "MMM"."PAYMENT" MODIFY ("ORDER_NO" NOT NULL ENABLE);
  ALTER TABLE "MMM"."PAYMENT" MODIFY ("PAYMENT_NO" NOT NULL ENABLE);
--------------------------------------------------------
--  Constraints for Table PRODUCT
--------------------------------------------------------

  ALTER TABLE "MMM"."PRODUCT" ADD CONSTRAINT "PRODUCT_PK" PRIMARY KEY ("PRODUCT_NO")
  USING INDEX PCTFREE 10 INITRANS 2 MAXTRANS 255 COMPUTE STATISTICS 
  STORAGE(INITIAL 65536 NEXT 1048576 MINEXTENTS 1 MAXEXTENTS 2147483645
  PCTINCREASE 0 FREELISTS 1 FREELIST GROUPS 1 BUFFER_POOL DEFAULT FLASH_CACHE DEFAULT CELL_FLASH_CACHE DEFAULT)
  TABLESPACE "SYSTEM"  ENABLE;
  ALTER TABLE "MMM"."PRODUCT" MODIFY ("BN_MEMBER_ID" NOT NULL ENABLE);
  ALTER TABLE "MMM"."PRODUCT" MODIFY ("PRODUCT_NO" NOT NULL ENABLE);
--------------------------------------------------------
--  Constraints for Table PRODUCT_OPTION
--------------------------------------------------------

  ALTER TABLE "MMM"."PRODUCT_OPTION" ADD CONSTRAINT "PRODUCT_OPTION_PK" PRIMARY KEY ("OPTION_NO")
  USING INDEX PCTFREE 10 INITRANS 2 MAXTRANS 255 
  STORAGE(INITIAL 65536 NEXT 1048576 MINEXTENTS 1 MAXEXTENTS 2147483645
  PCTINCREASE 0 FREELISTS 1 FREELIST GROUPS 1 BUFFER_POOL DEFAULT FLASH_CACHE DEFAULT CELL_FLASH_CACHE DEFAULT)
  TABLESPACE "SYSTEM"  ENABLE;
  ALTER TABLE "MMM"."PRODUCT_OPTION" MODIFY ("OPTION_PRICE" NOT NULL ENABLE);
  ALTER TABLE "MMM"."PRODUCT_OPTION" MODIFY ("OPTION_TITLE" NOT NULL ENABLE);
  ALTER TABLE "MMM"."PRODUCT_OPTION" MODIFY ("BN_MEMBER_ID" NOT NULL ENABLE);
  ALTER TABLE "MMM"."PRODUCT_OPTION" MODIFY ("PRODUCT_NO" NOT NULL ENABLE);
  ALTER TABLE "MMM"."PRODUCT_OPTION" MODIFY ("OPTION_NO" NOT NULL ENABLE);
--------------------------------------------------------
--  Constraints for Table QNA_ANSWER
--------------------------------------------------------

  ALTER TABLE "MMM"."QNA_ANSWER" ADD CONSTRAINT "QNA_ANSWER_PK" PRIMARY KEY ("ANSWER_NO")
  USING INDEX PCTFREE 10 INITRANS 2 MAXTRANS 255 COMPUTE STATISTICS 
  STORAGE(INITIAL 65536 NEXT 1048576 MINEXTENTS 1 MAXEXTENTS 2147483645
  PCTINCREASE 0 FREELISTS 1 FREELIST GROUPS 1 BUFFER_POOL DEFAULT FLASH_CACHE DEFAULT CELL_FLASH_CACHE DEFAULT)
  TABLESPACE "SYSTEM"  ENABLE;
  ALTER TABLE "MMM"."QNA_ANSWER" MODIFY ("ANSWER_DELETE_BOOL" NOT NULL ENABLE);
  ALTER TABLE "MMM"."QNA_ANSWER" MODIFY ("ANSWER_CONTENT" NOT NULL ENABLE);
  ALTER TABLE "MMM"."QNA_ANSWER" MODIFY ("ANSWER_DATE" NOT NULL ENABLE);
  ALTER TABLE "MMM"."QNA_ANSWER" MODIFY ("ANSWER_WRITER" NOT NULL ENABLE);
  ALTER TABLE "MMM"."QNA_ANSWER" MODIFY ("QNA_NOTICE_NO" NOT NULL ENABLE);
  ALTER TABLE "MMM"."QNA_ANSWER" MODIFY ("ANSWER_NO" NOT NULL ENABLE);
--------------------------------------------------------
--  Constraints for Table QNA_NOTICE
--------------------------------------------------------

  ALTER TABLE "MMM"."QNA_NOTICE" ADD CONSTRAINT "QNA_NOTICE_PK" PRIMARY KEY ("QNA_NOTICE_NO")
  USING INDEX PCTFREE 10 INITRANS 2 MAXTRANS 255 COMPUTE STATISTICS 
  STORAGE(INITIAL 65536 NEXT 1048576 MINEXTENTS 1 MAXEXTENTS 2147483645
  PCTINCREASE 0 FREELISTS 1 FREELIST GROUPS 1 BUFFER_POOL DEFAULT FLASH_CACHE DEFAULT CELL_FLASH_CACHE DEFAULT)
  TABLESPACE "SYSTEM"  ENABLE;
  ALTER TABLE "MMM"."QNA_NOTICE" MODIFY ("QNA_NOTICE_DELETE_BOOL" NOT NULL ENABLE);
  ALTER TABLE "MMM"."QNA_NOTICE" MODIFY ("QNA_NOTICE_DATE" NOT NULL ENABLE);
  ALTER TABLE "MMM"."QNA_NOTICE" MODIFY ("QNA_NOTICE_CONTENT" NOT NULL ENABLE);
  ALTER TABLE "MMM"."QNA_NOTICE" MODIFY ("QNA_NOTICE_WRITER" NOT NULL ENABLE);
  ALTER TABLE "MMM"."QNA_NOTICE" MODIFY ("QNA_NOTICE_TITLE" NOT NULL ENABLE);
  ALTER TABLE "MMM"."QNA_NOTICE" MODIFY ("QNA_NOTICE_NO" NOT NULL ENABLE);
--------------------------------------------------------
--  Constraints for Table SHOP
--------------------------------------------------------

  ALTER TABLE "MMM"."SHOP" ADD CONSTRAINT "SHOP_PK" PRIMARY KEY ("SHOP_ID")
  USING INDEX PCTFREE 10 INITRANS 2 MAXTRANS 255 COMPUTE STATISTICS 
  STORAGE(INITIAL 65536 NEXT 1048576 MINEXTENTS 1 MAXEXTENTS 2147483645
  PCTINCREASE 0 FREELISTS 1 FREELIST GROUPS 1 BUFFER_POOL DEFAULT FLASH_CACHE DEFAULT CELL_FLASH_CACHE DEFAULT)
  TABLESPACE "SYSTEM"  ENABLE;
  ALTER TABLE "MMM"."SHOP" MODIFY ("SHOP_BANK_ACCOUNT" NOT NULL ENABLE);
  ALTER TABLE "MMM"."SHOP" MODIFY ("SHOP_BANK" NOT NULL ENABLE);
  ALTER TABLE "MMM"."SHOP" MODIFY ("SHOP_MEMBER_ID" NOT NULL ENABLE);
  ALTER TABLE "MMM"."SHOP" MODIFY ("SHOP_ID" NOT NULL ENABLE);
